{
    "url": "https://www.gov.br/saude/pt-br/assuntos/noticias/2024/setembro/rio-grande-do-norte-tera-novo-hospital-de-urgencias-e-emergencias",
    "titulo": "Rio Grande do Norte terá novo Hospital de Urgências e Emergências",
    "descricao": "Assinatura do contrato para construção da unidade foi feita, nesta segunda-feira (2), pela ministra Nísia Trindade",
    "subtitulo": "REFORÇO",
    "categoria": "Saúde e Vigilância Sanitária",
    "autora": "Nathan Victor e Vanessa RodriguesMinistério da Saúde",
    "tags": [
        "atenção especializada à saúde",
        "emergência",
        "novo pac",
        "rio grande do norte"
    ],
    "data_publi": "02/09/2024",
    "texto": "Com investimentos doNovo Programa de Aceleração do Crescimento (Novo PAC), o Rio Grande do Norte vai receber um novo Hospital de Urgências e Emergências, em Parnamirim. A assinatura do contrato de construção da nova estrutura foi feita, nesta segunda-feira (2), pela ministra da Saúde, Nísia Trindade, em Natal. A obra contará com investimento de mais de R$ 184 milhões em parceria com a Caixa Econômica Federal.\n\nA unidade deve contar com ao menos 350 leitos e atendimento especializado em ortopedia, traumatologia e neurocirurgia, buscando atender à demanda de saúde dos municípios de forma estratégica, ofertando os serviços que a população mais precisa e aprimorando a rede doSistema Único de Saúde (SUS)no estado.\n\n“Essa obra é fundamental e está alinhada com a política do presidente Lula de reconstrução do SUS. Vamos entregar esse hospital e dar mais acesso à saúde, ao programaMais Especialistas, a redução de filas. O SUS tem pressa em ver as questões de saúde da população resolvidas”, disse a ministra, no ato da assinatura.\n\nO anúncio foi recebido com gratidão pelas autoridades do estado. “Esse ato não é algo administrativo. É um ato em defesa da vida, do bem-estar e da dignidade do povo do Rio Grande do Norte. Gratidão ao presidente Lula, à ministra Nísia Trindade e a todos que lutaram para a realização desse sonho”, agradeceu a governadora Fátima Bezerra.\n\nMais estrutura\n\nA área total de construção do hospital é de aproximadamente 27.250 m², com os seguintes ambientes:\n\nA nova unidade também tem como objetivo aliviar a sobrecarga de hospitais da região, como a do Hospital Monsenhor Walfredo Gurgel, que enfrenta problemas constantes de superlotação. A unidade é referência no estado no tratamento de acidentes automobilísticos e fraturas entre pessoas idosas, com atendimento de cerca de 5,2 mil pessoas ao mês, em que 60% dos procedimentos são cirúrgicos.\n\nInvestimentos do PAC para o RN\n\nPara fortalecer a infraestrutura de saúde do Rio Grande do Norte, o Novo PAC também vai investir R$ 294 milhões para entrega de 42 Unidades Básicas de Saúde (UBSs), 10 Unidades Odontológicas Móveis, 6 ambulâncias do SAMU, 3 Centros de Apoio Psicossocial (Caps), uma maternidade, uma policlínica e um Centro Especializado em Reabilitação.\n\nHomenagem\n\nFoto: Walterson Rosa/MS\n\nEntre o anúncio da construção do novo hospital e a reunião do G20 em Natal, a ministra da Saúde, Nísia Trindade, recebeu o título honorífico de Cidadã Norte-rio-grandense na Assembleia Legislativa do estado, a ALRN.\n\nUm dos co-propositores da homenagem, o deputado Francisco Assis de Medeiros justificou a escolha da honraria por Nísia ter sido ‘uma voz que se levantou contra o negacionismo dacovid-19e que  colabora para o fortalecimento do SUS no Rio Grande do Norte’. “É inegável os avanços que temos. Prova disso foi a assinatura do contrato do Hospital de Urgências e Emergências, que fará a diferença para nossa população”, disse o parlamentar.\n\nPara a ministra, o título não significa somente um reconhecimento, mas um estreitamento de laços com o povo potiguar, que possui destaques na política, cultura e saúde. “Estamos cada vez mais unidos por um SUS mais forte. É um momento de conquista e reconstrução”, agradeceu Nísia."
}