{
    "url": "https://www.gov.br/saude/pt-br/assuntos/noticias/2024/novembro/sancionada-lei-que-indeniza-agentes-de-saude-por-uso-de-transporte-proprio-para-trabalho",
    "titulo": "Sancionada lei que indeniza agentes de saúde por uso de transporte próprio para trabalho",
    "descricao": "“É um reconhecimento pela vacinação, pelo controle de endemias e, sobretudo, pelo compromisso em construir um SUS mais inclusivo e efetivo”, afirmou a ministra Nísia Trindade, na cerimônia",
    "subtitulo": "VALORIZAÇÃO",
    "categoria": "Saúde e Vigilância Sanitária",
    "autora": "Edjalma BorgesMinistério da Saúde",
    "tags": [
        "vigilância em saúde e ambiente",
        "trabalho e educação na saúde",
        "saúde da família",
        "agentes de saúde"
    ],
    "data_publi": "06/11/2024",
    "texto": "O presidente Luiz Inácio Lula da Silva sancionou, nesta quarta-feira (6), oProjeto de Lei 2012/19que prevê o pagamento de despesas de locomoção a agentes comunitários de saúde (ACSs) e de combate às endemias (ACEs) que usam veículo próprio para trabalhar.  A lei, de 2019, altera uma anterior de 2006, que já garantia o pagamento do transporte do servidor em serviço pelos entes federativos. O texto, no entanto, não citava a possibilidade de indenização pelo uso de veículo próprio, situação incluída pela nova legislação. O projeto é de autoria do senador Weverton Rocha (MA).\n\nEm discurso na cerimônia, a ministra da Saúde, Nísia Trindade, destacou a atuação essencial dos agentes em todo o país. Segundo a ministra, esses profissionais desempenham um papel fundamental na educação para a cidadania em saúde, pois conhecem de perto as realidades das comunidades e, durante as visitas domiciliares, conseguem orientar e contribuir para a melhoria das condições de saúde da população.\n\n“É um reconhecimento pela vacinação, pelo controle de endemias e, sobretudo, pelo compromisso em construir umSistema único de Saúde (SUS)mais inclusivo e efetivo. Nesta gestão, o presidente sancionou a lei que reconhece os agentes como profissionais de saúde. Para fortalecer ainda mais essa profissão, estamos investindo em educação permanente com o curso Mais Saúde com Agente. Nosso esforço é para garantir o acesso à saúde e reconstruir o SUS, e isso não pode ser feito sem vocês, agentes”, ressaltou Nísia.\n\nA presidente da Confederação Nacional dos Agentes Comunitários de Saúde e Agentes de Combate às Endemias (Conacs), Ilda Angélica Corrêa, celebrou a sanção da nova legislação. Segundo ela, a medida representa uma importante vitória para a categoria, que há anos reivindica o reconhecimento desse custo adicional.\n\n“Essa sanção é motivo de alegria e comemoração para nós, pois significa mais um avanço e uma conquista da nossa categoria. Corrige algumas injustiças, pois, em muitos municípios, os agentes comunitários de saúde e de combate a endemias percorriam grandes distâncias para exercer suas funções”, declarou Ilda.O projeto, que garante indenização por deslocamento, é visto como um passo importante para valorizar o trabalho desses profissionais.\n\nSegundo Ilda, a expectativa é de que aproximadamente 55% dos cerca de 400 mil profissionais em todo o Brasil sejam beneficiados com a nova política de indenização.\n\nSobre os agentes de saúde\n\nOs ACSs visitam residências e comunidades e atuam na prevenção de doenças. Eles fazem busca ativa por cidadãos com sinais ou sintomas de doenças agudas ou crônicas, segundo as determinações do SUS.\n\nOs ACEs trabalham na prevenção, vigilância e controle de enfermidades como a dengue, por exemplo. Esses profissionais constroem ações educativas, apontam casos suspeitos, divulgam informações e adotam medidas de controle dos transmissores de doenças."
}