{
    "url": "https://www.gov.br/saude/pt-br/assuntos/noticias/2024/agosto/mapa-colaborativo-dos-movimentos-sociais-em-saude-sera-lancado-em-setembro",
    "titulo": "Mapa Colaborativo dos Movimentos Sociais em Saúde será lançado em setembro",
    "descricao": "Plataforma, que terá como base o software livre MediaWiki, será espaço para os movimentos contarem suas histórias, demandas de saúde e criarem pontos de contato no ambiente digital",
    "subtitulo": "SAÚDE POPULAR",
    "categoria": "Saúde e Vigilância Sanitária",
    "autora": "Ministério da Saúde",
    "tags": [
        "secretaria executiva",
        "saúde popular",
        "participação social",
        "wikipédia"
    ],
    "data_publi": "13/08/2024",
    "texto": "Uma plataforma pensada para que os movimentos sociais, entidades populares e organizações da sociedade civil se vejam, se reconheçam e, com autonomia, possam escrever suas próprias narrativas e histórias, compartilhar memórias, afirmar identidades, valorizar o território onde atuam e vocalizar demandas e necessidades de saúde. Este é o Mapa Colaborativo dos Movimentos Sociais em Saúde (MapaMovSaúde), cuja plataforma e primeiros conteúdos serão lançados no dia 12 de setembro, em Brasília.\n\nA iniciativa do Ministério da Saúde, em parceria com o Conselho Nacional de Saúde (CNS), Fundação Oswaldo Cruz (Fiocruz) e Instituto de Comunicação e Informação Científica e Tecnológica em Saúde (ICICT) é um marco na busca por umSistema Único de Saúde (SUS)mais participativo, que valoriza a força dos movimentos sociais. O projeto foi lançado durante a 17ª Conferência Nacional de Saúde, em julho do ano passado, e agora ganha sua materialidade na internet.\n\nA partir da plataforma, que tem como base o software livreMediaWiki, o mesmo daWikipédia, os movimentos poderão criar cadastros por conta própria nos quais vão contar suas histórias, demandas de saúde, fotos, vídeos e pontos de contato no ambiente digital, como site e mídias sociais. Por meio de ferramentas de georreferenciamento, será possível identificar suas áreas de atuação dessas entidades e organizações.\n\nA ferramenta cumpre um papel fundamental no apoio e reverberação das iniciativas dos movimentos sociais, possibilitando redes colaborativas e participativas, por meio de estratégias digitais de articulação e visibilidade e facilitar a participação dessas entidades e organizações nos debates sobre as políticas públicas de saúde e em defesa dos direitos de cidadania e do SUS em diversas áreas: desde a promoção da saúde mental até a luta por melhores condições de saneamento básico.\n\n“OMapaMovSaúdevem da necessidade de darmos visibilidade ao vigor, criatividade dos  movimentos sociais em saúde, com sujeitos políticos da construção da saúde como direito de cidadania em sentido amplo, na perspectiva da determinação social do processo saúde-doença. Em sintonia com o sistema de participação social do governo federal, nossa plataforma irá conectar essas organizações e aperfeiçoar a participação social e mobilização da sociedade. São inúmeras experiências e demandas; é hora de irmos ao encontro do povo brasileiro”, diz Lucia Souto, assessora especial de participação social e diversidade do Ministério da Saúde.\n\nNo lançamento, mês que vem, está prevista a presença da ministra Nísia Trindade e do ministro-chefe da Secretaria-Geral da Presidência, Márcio Macêdo.\n\nParticipação aberta na plataforma\n\nMovimentos sociais que desejam cadastrar suas iniciativas e participar da construção do Mapa Colaborativo dos Movimentos Sociais em Saúde, bastaacessar a página de cadastro."
}