{
    "url": "https://www.gov.br/saude/pt-br/assuntos/noticias/2024/novembro/em-quase-dois-anos-brasil-dobra-o-numero-de-usuarios-da-prep",
    "titulo": "Em quase dois anos, Brasil dobra o número de usuários da PrEP",
    "descricao": "Atualmente são mais de 100 mil usuários da profilaxia, que é um método de prevenção contra o HIV/aids. Ao final de 2022, esse número era de 50,7 mil",
    "subtitulo": "PREVENÇÃO",
    "categoria": "Saúde e Vigilância Sanitária",
    "autora": "Junio SilvaMinistério da Saúde",
    "tags": [
        "vigilância em saúde e ambiente",
        "aids",
        "prep",
        "prevenção"
    ],
    "data_publi": "01/11/2024",
    "texto": "Recentemente, o Brasil atingiu a marca de 104 mil usuários deProfilaxia Pré-Exposição (PrEP). Em 2022, o quantitativo era de 50,7 mil usuários. Esse marco reforça o compromisso do governo brasileiro na resposta aoHIVe à aids, garantindo que mais pessoas tenham acesso a estratégias de prevenção eficazes e seguras.\n\nDistribuída gratuitamente noSistema Único de Saúde (SUS), a PrEP é uma estratégia essencial na prevenção da infecção pelo HIV, além de ser considerada pelo Ministério da Saúde uma das principais iniciativas para a eliminação da doença como problema de saúde pública até 2030.\n\n“É preciso continuar os esforços para expansão do acesso a PrEP para todas as pessoas que precisam, especialmente para populações em situação de maior vulnerabilidade para o HIV, que normalmente são aquelas com mais dificuldade de acesso a serviços de saúde”, afirma o coordenador-geral de Vigilância do HIV e Aids (CGHA) doDepartamento de HIV, Aids, Tuberculose, Hepatites Virais e Infecções Sexualmente Transmissíveis, Artur Kalichman.\n\n“Desde sua incorporação ao SUS ao final de 2017, temos trabalhado para ampliar o acesso, garantir a continuidade do acompanhamento e conscientizar a população sobre essa importante ferramenta de prevenção combinada”, complementa.\n\nKalichman reforça ainda que esse resultado é fruto do esforço conjunto de gestores públicos, profissionais de saúde e organizações da sociedade civil, sendo uma conquista para todos os usuários do SUS, que entenderam a importância da prevenção e do cuidado contínuo.\n\nPara mais informações, acesse a página sobrea PrEP"
}