{
    "url": "https://www.gov.br/saude/pt-br/assuntos/noticias/2024/setembro/publicada-versao-revisada-do-guia-para-a-organizacao-da-vigilancia-alimentar-e-nutricional",
    "titulo": "Publicada versão revisada do Guia para a Organização da Vigilância Alimentar e Nutricional",
    "descricao": "Material visa orientar avaliação do perfil alimentar da população e promover estratégias para a garantia do Direito Humano à Alimentação Adequada",
    "subtitulo": "DIAGNÓSTICO NUTRICIONAL",
    "categoria": "Saúde e Vigilância Sanitária",
    "autora": "Ministério da Saúde",
    "tags": [
        "atenção primária",
        "vigilância alimentar e nutricional",
        "guia alimentar",
        "alimentação saudável"
    ],
    "data_publi": "05/09/2024",
    "texto": "O Ministério da Saúde publicou a 1ª edição revisada doGuia para a Organização da Vigilância Alimentar e Nutricional na Atenção Primária à Saúde. A classificação do estado nutricional de crianças menores de 5 anos, como também de 5 a 9 anos, foi revisada e ajustada para se adequar às recomendações da Organização Mundial de Saúde (OMS). A versão revisada é pública e sua utilização é primordial para o adequado diagnóstico do estado nutricional de crianças atendidas nos serviços de saúde.\n\nO guia foi publicado em 2022 a fim de orientar profissionais e gestores, estaduais e municipais, na organização das avaliações de saúde da população nos respectivos territórios, por meio dos serviços ofertados na atenção primária à saúde (APS) doSistema Único de Saúde (SUS).\n\nElaborado pelaSecretaria de Atenção Primária à Saúde (Saps), o material aborda os objetivos, as etapas davigilância alimentar e nutricional (VAN)e os procedimentos para o diagnóstico nutricional, por meio de um acompanhamento mais próximo e acolhedor aos usuários do SUS. Também destaca os equipamentos necessários para realizar as atividades de VAN — tanto na Unidade Básica de Saúde (UBS) quanto em visitas domiciliares e demais ações externas.\n\nEstratégias e linhas de cuidado\n\nO documento traz, ainda, orientações sobre como traçar o perfil alimentar individual das pessoas de todas as fases do curso da vida atendidas na APS com base na avaliação dos marcadores de consumo alimentar, conforme as recomendações doGuia Alimentar para Crianças Brasileiras Menores de 2 anose doGuia Alimentar para a População Brasileira.\n\nAlém disso, a publicação destaca orientações integradas para a alimentação e nutrição, considerando o contexto econômico, social e cultural em que as pessoas estão inseridas, construindo planos estratégicos para a promoção de modos de viver mais saudáveis.\n\nAtividades de promoção e apoio à adoção de hábitos e práticas de vida saudáveis também são propostas pela publicação, como práticas corporais em escolas, hortas comunitárias, oficinas culinárias, educação alimentar e nutricional e doação de alimentos, possibilitando mais saúde e alimentação adequada e saudável em cada território.\n\nAcesse também a nota técnica elaborada sobre o guia"
}