{
    "url": "https://www.gov.br/saude/pt-br/assuntos/noticias/2024/junho/predio-do-ministerio-da-saude-em-porto-alegre-passa-por-vistoria-apos-enchentes",
    "titulo": "Prédio do Ministério da Saúde em Porto Alegre passa por vistoria após enchentes",
    "descricao": "Água chegou a quase 2 metros de altura na sede da superintendência da pasta no estado",
    "subtitulo": "RIO GRANDE DO SUL",
    "categoria": "Saúde e Vigilância Sanitária",
    "autora": "Otávio AugustoMinistério da Saúde",
    "tags": [
        "secretaria executiva",
        "superintendência",
        "rio grande do sul"
    ],
    "data_publi": "11/06/2024",
    "texto": "Prédio histórico do Ministério da Saúde, em Porto Alegre, passou por uma vistoria nesta terça-feira (11). O edifício, que abriga a superintendência da pasta no Rio Grande do Sul, permaneceu um mês completamente alagado. Lá, a água alcançou cerca de 1,95 metro de altura.\n\nEquipes da superintendência finalizam o relatório de danos. Já se sabe que o arquivo com 9 mil pastas de documentos foi completamente destruído. Até mesmo a sala-cofre foi danificada e ainda tem pontos com água empoçada.\n\nEngenheiros fizeram uma análise preliminar da estrutura do prédio e um laudo será elaborado nos próximos dias. O primeiro andar do imóvel ficou completamente submerso. Móveis, decoração, insumos de trabalho, computadores, entre outros itens, foram perdidos.\n\nO prédio icônico, localizado no Centro Histórico da capital gaúcha, foi inaugurado em 1933 pelo então presidente Getúlio Vargas. O imóvel foi a primeira alfândega de Porto Alegre e tem vista para o Rio Guaíba.\n\nMaria Celeste de Souza da Silva, superintendente estadual do ministério no Rio Grande do Sul, explica que nas próximas semanas será feito o trabalho de análise de avarias na estrutura, limpeza e desinfecção.\n\n“Estamos conseguindo entrar no prédio agora. A água destruiu a nossa estrutura com muita violência. O arquivo, por exemplo, foi totalmente perdido. As portas de algumas salas foram arrancadas, o mobiliário está revirado. Muita coisa foi levada pela correnteza”, enumera.\n\nMaria Celeste foi a responsável pela abertura do prédio para visitação pública. Em ação inédita, o local passou a receber exposições de arte e eventos culturais. “É muito triste ver como tudo ficou. O prédio passou a receber pessoas recentemente. Tínhamos projetos culturais a serem feitos aqui. Agora, temos que esperar”, comenta.\n\nAntes das cheias, a ideia era que os corredores do térreo recebessem exposições temporárias. Uma sala histórica do local exibia fotos e documentos históricos do prédio. Peças de decoração e mobiliário da década de 1930 foram atingidas.\n\nLocal temporário\n\nTemporariamente, a superintendência funcionará em um prédio emprestado pelo Instituto Nacional do Seguro Social (INSS) na mesma região. As tratativas para a reforma do edifício estão sendo feitas. Ainda não há prazo para o retorno do funcionamento da antiga sede."
}