{
    "url": "https://www.gov.br/saude/pt-br/assuntos/noticias/2024/agosto/argentina-descarta-caso-de-mpox-em-tripulante-de-navio",
    "titulo": "Argentina descarta caso de Mpox em tripulante de navio",
    "descricao": "Após exames laboratoriais, as autoridades de vigilância sanitária argentinas confirmaram que se tratava de varicela",
    "subtitulo": "NOTA À IMPRENSA",
    "categoria": "Saúde e Vigilância Sanitária",
    "autora": "Ministério da Saúde",
    "tags": [
        "nota à imprensa",
        "vigilância em saúde e ambiente",
        "mpox"
    ],
    "data_publi": "21/08/2024",
    "texto": "O Ministério da Saúde da Argentina anunciou, nesta quarta-feira (21), que foi descartado o caso dempoxem um tripulante de um navio. Após exames laboratoriais, as autoridades de vigilância sanitária argentinas confirmaram que se tratava de varicela.\n\nO navio, que passou pelo Porto de Santos, em São Paulo, no início de agosto, seguiu para a Argentina e desembarcou no país vizinho. No Brasil, a vigilância sanitária dos portos e aeroportos é conduzida pela Agência Nacional de Vigilância Sanitária (Anvisa).\n\nA cepa 1b da mpox, que levou a OMS a declarar Emergência de Saúde Pública, não está em circulação no Brasil. Em 2024, foram confirmados 791 casos da cepa 2b no país, uma queda significativa em comparação aos mais de 10 mil casos registrados em 2022, durante o pico da doença.\n\nA prioridade agora é reforçar a vigilância para garantir respostas rápidas e eficazes. Na última quinta-feira (15), o Ministério da Saúde instalou oCentro de Operações de Emergência em Saúde (COE), que coordenará as ações relacionadas à doença."
}