{
    "url": "https://www.gov.br/saude/pt-br/assuntos/noticias/2024/outubro/ministerio-da-saude-envia-kits-com-medicamentos-e-insumos-para-apoiar-o-enfrentamento-a-seca-no-amazonas",
    "titulo": "Ministério da Saúde envia kits com medicamentos e insumos para apoiar o enfrentamento à seca no Amazonas",
    "descricao": "Os 54 kits emergenciais têm capacidade para atender até 81 mil pessoas durante 30 dias nos municípios impactados pela estiagem",
    "subtitulo": "SECA EXTREMA",
    "categoria": "Saúde e Vigilância Sanitária",
    "autora": "Ministério da Saúde",
    "tags": [
        "vigilância em saúde e ambiente",
        "mudanças climáticas",
        "kits emergenciais",
        "queimadas"
    ],
    "data_publi": "04/10/2024",
    "texto": "Como parte das ações de enfrentamento àsecasevera que atinge o Amazonas, o Ministério da Saúde enviará 54 kits de medicamentos e insumos estratégicos para o estado. Os kits emergenciais deixaram Guarulhos (SP) na madrugada desta sexta (4) e a previsão é que cheguem em Manaus na manhã de hoje. Cada kit tem capacidade de atender 1,5 mil pessoas por até um mês. Dessa forma, os 54 kits permitirão o atendimento de 81 mil pessoas durante 30 dias nos municípios impactados.\n\nO Ministério da Saúde acompanha e apoia os estados e municípios brasileiros no monitoramento do cenário hidrometeorológico e na resposta à situação de emergência. Na última quinta-feira (26), a ministra Nísia Trindade se reuniu com os secretários de saúde da região Norte do país para ampliar o diálogo sobre a realidade local e as necessidades de cada estado.\n\nNa mesma data, o Ministério da Saúde também iniciou a campanha\"Se tem fumaça, tem que ter cuidado\", com o objetivo de alertar a população e gestores de saúde sobre os riscos que a poluição do ar representa para a saúde pública. A iniciativa inclui um conjunto de peças de comunicação para TV, internet, mídias externas, além de programação em rádios e anúncios em carros de som, buscando alcançar o máximo de pessoas em áreas críticas.\n\nA pasta também disponibilizouuma página dedicada ao tema, em que a população pode encontrar orientações sobre os cuidados com a saúde e como se proteger durante o período de queimadas. A ideia é mobilizar a sociedade para adotar medidas preventivas e reduzir os impactos à saúde provocados pela exposição à fumaça.\n\nSala de situação para emergências climáticas\n\nO Ministério da Saúde, por meio daSecretaria de Vigilância em Saúde e Ambiente (SVSA), coordena, ainda, aSala de Situação Nacional de Emergências Climáticas, promovendo uma gestão integrada de resposta.\n\nEm colaboração com estados e municípios, a secretaria monitora a situação do país e apoia ações para reduzir os impactos de eventos climáticos extremos na população, especialmente entre os grupos mais vulneráveis como gestantes, crianças, idosos, trabalhadores a céu aberto e pessoas com comorbidades.\n\nTécnicos especializados estão trabalhando nas pautas de vigilância em saúde do trabalhador, vigilância de desastres, água e ambiente. As ações da Sala de Situação estão de acordo com a construção do Plano Nacional de Adaptação à Mudança do Clima, que está ocorrendo em âmbito nacional sob a coordenação do Ministério do Meio Ambiente."
}