{
    "url": "https://www.gov.br/saude/pt-br/assuntos/noticias/2024/dezembro/ministerio-da-saude-convoca-a-populacao-para-o-dia-d-de-mobilizacao-contra-a-dengue",
    "titulo": "Ministério da Saúde convoca a população para o Dia D de mobilização contra a dengue",
    "descricao": "Ação nacional acontece neste sábado (14), com a participação de estados, municípios e sociedade civil. Ministério da Saúde ampliou recursos para o controle da doença em 50%, totalizando R$ 1,5 bilhão",
    "subtitulo": "COMBATE AO MOSQUITO",
    "categoria": "Saúde e Vigilância Sanitária",
    "autora": "Edjalma BorgesMinistério da Saúde",
    "tags": [
        "vigilância em saúde e ambiente",
        "arboviroses",
        "dengue",
        "dia d"
    ],
    "data_publi": "11/12/2024",
    "texto": "O Ministério da Saúde realiza, neste sábado (14), oDia D de Mobilização contra a Dengue, uma iniciativa nacional que une Governo Federal, estados, municípios e a população no controle da doença. A ação busca conscientizar a sociedade sobre a importância de medidas simples para conter a proliferação do mosquitoAedes aegypti,principal transmissor da doença.\n\nA ministra da Saúde, Nísia Trindade, reforça a importância da mobilização. “Com apenas 10 minutos por semana, é possível evitar a proliferação do mosquito e salvar vidas. Quero convidar cada cidadão a fazer parte desse esforço. Cerca de 75% dos focos do mosquito estão dentro das casas. Precisamos tapar caixas d’água, descartar o lixo adequadamente, manter limpas as vasilhas de água dos animais e eliminar qualquer acúmulo de água em vasos, pneus e outros recipientes”, enfatiza.\n\nAo longo do dia, agentes comunitários de saúde e de combate às endemias estarão uniformizados e devidamente identificados, visitando residências em todo o país. “Receber bem os agentes doSistema Único de Saúde (SUS)é fundamental. O trabalho deles é essencial na prevenção e no controle da dengue”, lembra a ministra.\n\nPlano de Ação 2024/2025\n\nRecentemente, o presidente Luiz Inácio Lula da Silva e a ministra da Saúde lançaram oPlano de Ação 2024/2025para reduzir os impactos das arboviroses no Brasil.\n\nO plano visa diminuir os casos e óbitos por dengue, chikungunya, zika e oropouche no próximo período sazonal. A iniciativa inclui a reorganização da rede assistencial, em colaboração com secretarias estaduais e municipais, para garantir que os pacientes sejam atendidos com rapidez e eficiência.\n\nInvestimento reforçado e novas tecnologias\n\nO Ministério da Saúde destinou R$ 1,5 bilhão para o controle da dengue no ciclo 2024/2025, representando um aumento de 50% em relação ao período anterior. Esses recursos estão sendo aplicados em:\n\nAlém disso, a pasta segue distribuindo inseticidas e biolarvicidas aos estados para potencializar as ações de vigilância e controle.\n\nCenário epidemiológico\n\nDe acordo com oBoletim InfoDengue, até a Semana Epidemiológica 49 (de 1 a 7/12/2024), houve aumento contínuo nos casos prováveis de dengue e chikungunya, principalmente nas regiões Sul e Sudeste, com registros em menor escala no Centro-Oeste. O Distrito Federal, Minas Gerais e Paraná foram as unidades da federação com maiores incidências da doença.\n\nPrevenção da dengue\n\nA prevenção da dengue concentra-se na eliminação dos criadouros do mosquito e na proteção contra picadas. Medidas eficazes incluem:\n\nCampanhaO Ministério da Saúde lançoua segunda fase da campanha nacionalde conscientização e mobilização para o controle da dengue, zika e chikungunya. Desde o final de novembro, os canais digitais da pasta começaram a veicular a nova etapa da iniciativa, que terá duração até 28 de dezembro. Agora o foco está nos sintomas das doenças, com o slogan “Tem sintomas? A hora de ficar atento à dengue, zika e chikungunya é agora”, incentivando a população a procurar as Unidades Básicas de Saúde (UBSs) ao identificar sinais como manchas vermelhas no corpo, febre, dores de cabeça e dores atrás dos olhos.\n\nA campanha é parte de um esforço maior do governo federal para reforçar a vigilância e a prevenção das arboviroses, especialmente no período chuvoso. Segundo a ministra, o governo tem trabalhado para reduzir os casos e óbitos causados por essas doenças. “Diagnóstico precoce, prevenção e assistência médica são nossas prioridades”, destaca.\n\nA etapa inicial da campanha, lançada em 18 de outubro, já alertava a população sobre a importância de eliminar criadouros do mosquitoAedes aegypticom o slogan “Tem 10 minutinhos? A hora de prevenir é agora”.\n\nConheça a campanha\n\nAssista ao convite da ministra para a população brasileira participar da mobilização\n\n"
}