{
    "url": "https://www.gov.br/saude/pt-br/assuntos/noticias/2024/agosto/ministerio-da-saude-participa-de-forca-tarefa-em-alagoas-para-controle-da-meningite",
    "titulo": "Ministério da Saúde participa de força-tarefa em Alagoas para controle da meningite",
    "descricao": "As meningites virais e bacterianas são as de maior importância para a saúde pública, considerando a magnitude de sua ocorrência e o potencial de produzir surtos",
    "subtitulo": "VIGILÂNCIA",
    "categoria": "Saúde e Vigilância Sanitária",
    "autora": "João MoraesMinistério da Saúde",
    "tags": [
        "vigilância em saúde e ambiente",
        "meningite",
        "doença meningocócica",
        "alagoas"
    ],
    "data_publi": "16/08/2024",
    "texto": "O Ministério da Saúde participou, nos dias 14 e 15 de agosto, de uma força-tarefa promovida pelo estado Alagoas, para controlar ameningiteem seu território. O estado registrou um pico de casos em 2023, especialmente de infecção bacteriana. O Ministério da Saúde está apoiando essa iniciativa, colaborando com o estado e municípios para encontrar soluções para as dificuldades enfrentadas no combate à doença.\n\nA meningite pode ser causada por bactérias, vírus, fungos e parasitas. Entre essas, as meningites virais e bacterianas são as mais relevantes para a saúde pública devido à sua alta incidência e ao potencial de causar surtos. De modo geral, as infecções bacterianas são mais graves que as virais.\n\nNa oportunidade, representantes da Secretaria deVigilância em Saúde e Ambiente (SVSA), da Secretaria deAtenção Primária à Saúde (SAPS), daAtenção Especializada à Saúde (SAES)e daForça Nacional do SUSparticiparam da revisão do Protocolo Clínico de Tratamento da Meningite.\n\nAlém de uma reunião com representantes do Conselho de Secretarias Municipais de Saúde de Alagoas (COSEMS/AL), da Secretaria de Estado da Saúde de Alagoas (SESAU/AL), da Secretaria Municipal de Saúde de Maceió (SMS/Maceió) e do Laboratório Central de Saúde Pública do Alagoas (LACEN/AL), para alinhar o fortalecimento de ações de vigilância e de assistência à saúde, incluindo a implementação do Protocolo revisado.\n\nA série de debates está acontecendo no Centro de Convenções de Maceió e se estende até o final de semana, com a realização de oficinas para profissionais de Unidades Básicas de Saúde, de Unidades de Pronto Atendimento (UPA) e de hospitais públicos e particulares de Maceió. Também é feita a capacitação da vigilância em saúde, incluindo representantes da Vigilância Epidemiológica municipal e estadual, doCentro de Informações Estratégicas de Vigilância em Saúde (CIEVS), entre outros."
}