{
    "url": "https://www.gov.br/saude/pt-br/assuntos/noticias/2024/julho/ministra-visita-unidade-da-crianca-e-do-adolescente-do-hospital-universitario-de-brasilia",
    "titulo": "Ministra visita Unidade da Criança e do Adolescente do Hospital Universitário de Brasília",
    "descricao": "Com a inauguração, o HUB ganhará quatro pavimentos com 80 consultórios, 59 leitos de internação, ambientes de ensino e pesquisa, laboratórios e salas multiuso",
    "subtitulo": "NOVO ESPAÇO",
    "categoria": "Saúde e Vigilância Sanitária",
    "autora": "Ministério da Saúde",
    "tags": [
        "atenção especializada à saúde",
        "hospitais universitários",
        "criança e adolescente",
        "distrito federal"
    ],
    "data_publi": "12/07/2024",
    "texto": "Nesta sexta-feira (12), a ministra da Saúde, Nísia Trindade, participou de ato para inauguração de quatro pavimentos na Unidade da Criança e do Adolescente (UCA) do Hospital Universitário de Brasília (HUB-UnB).\n\nCom as novas instalações, serão abertos 80 consultórios e 59 leitos de internação de enfermaria pediátrica, Unidade de Terapia Intensiva (UTI) pediátrica, UTI neonatal e alojamento conjunto da maternidade.\n\nAo lado do ministro da Educação, Camilo Santana, Nísia destacou que a unidade vai reforçar o programaMais Acesso a Especialistas, lançado no SUS. “Os hospitais universitários têm um papel fundamental no programa e avançarão ainda mais neste trabalho por meio da formação de residentes. É um dia de alegria porque estamos contribuindo para a saúde da população do Distrito Federal”, disse.\n\nOutra novidade é a criação de ambientes de ensino e pesquisa, laboratórios e salas multiuso, além da reformulação da brinquedoteca. No total, foram investidos R$ 33,7 milhões em obras, equipamentos médico-hospitalares e mobiliários. Parte dos recursos vieram de emendas parlamentares e por meio doPrograma Nacional de Reestruturação dos Hospitais Universitários Federais (REHUF).\n\nAtualmente, o HUB oferece 61 especialidades e subespecialidades, sendo 37 para adultos e 24 para crianças, além dos exames realizados. Em abril deste ano, foram realizados 3,6 mil atendimentos para adultos e 1,8 mil atendimentos pediátricos, totalizando 5,4 mil. Com a ampliação dos serviços, a unidade passará a acompanhar crianças e adolescentes em fase de crescimento e desenvolvimento que, segundo a Organização Mundial da Saúde (OMS), vai até os 20 anos de idade.\n\nInvestimentos\n\nEm junho deste ano, o presidente Lula anunciou o repasse para 31 hospitais universitários da Empresa Brasileira de Serviços Hospitalares (Ebserh), sendo oito novos. O programa de investimentos do Governo Federal vai garantir recursos adicionais de R$ 250 milhões para os hospitais da Rede Ebserh/MEC, totalizando R$ 1,75 bilhão. Em agosto de 2023, um montante de R$ 1,5 bilhão já havia sido destinado para melhoria das condições e do funcionamento dessas unidades de saúde.\n\nAinda no mês passado, o Ministério da Saúde disponibilizou recurso financeiro do Teto de Média e Alta Complexidade (Teto MAC) aos hospitais universitários geridos pelo Ministério da Educação. No total, serão repassados R$ 221,19 milhões por ano para nove unidades de atendimento do Brasil."
}