{
    "url": "https://www.gov.br/saude/pt-br/assuntos/noticias/2024/abril/seminario-discute-a-formacao-em-saude-e-a-curricularizacao-da-extensao",
    "titulo": "Seminário discute a formação em saúde e a curricularização da extensão",
    "descricao": "Representantes de instituições de saúde e educação de todo o país estão reunidos no evento em Brasília",
    "subtitulo": "CONHECIMENTO PARA O SUS",
    "categoria": "Saúde e Vigilância Sanitária",
    "autora": "Ministério da Saúde",
    "tags": [
        "trabalho e educação na saúde",
        "curricularização",
        "formação em saúde",
        "universidades"
    ],
    "data_publi": "03/04/2024",
    "texto": "Promovido pelaSecretaria de Gestão do Trabalho e da Educação na Saúde (SGTES), está sendo realizado em Brasília oI Seminário Nacional sobre Formação em Saúde e a Curricularização da Extensão: Desafios e Perspectivas para o SUS.O encontro foi iniciado ontem (2) e vai até esta quarta-feira  (3), com a participação de cerca de 300 pessoas entre representantes de instituições de Saúde e Educação de todo o país.\n\nO evento busca promover reflexões sobre as necessidades de formação para oSistema Único de Saúde (SUS)e a curricularização da extensão como oportunidade de avanços na produção de novos saberes e práticas que contribuam para a consolidação da rede pública de saúde no contexto nacional.\n\nNa oportunidade, são abordadas as seguintes pautas: formação profissional para o SUS e seus principais desafios contemporâneos; identificação das necessidades específicas de formação para o SUS, considerando as singularidades regionais do país; marcos legais da curricularização da extensão no contexto contemporâneo; entre outros temas.\n\n“A expectativa é que esse primeiro encontro mobilize e incentive a interação entre a SGTES e as universidades, na formulação de experiências que efetivamente contribuam para o aprimoramento do SUS, e também viabilize a troca de experiências entre as universidades, os serviços de saúde e a comunidade. Que esse evento culmine em propostas de curricularização da extensão comprometidas com o sistema público de saúde”, declarou a diretora de Gestão da Educação na Saúde , Regina Gil.\n\nParticipam do seminário pró-reitores de extensão das universidades públicas federais, estaduais e municipais, diretores dos centros de ciências da saúde e representantes dos departamentos de saúde coletiva das universidades públicas federais, estaduais e municipais."
}