{
    "url": "https://www.gov.br/saude/pt-br/assuntos/noticias/2024/novembro/em-reuniao-do-conass-saude-reforca-medidas-para-controle-da-dengue-e-outras-arboviroses",
    "titulo": "Em reunião do Conass, Saúde reforça medidas para controle da dengue e outras arboviroses",
    "descricao": "Com representantes dos estados, nesta segunda (18), Rivaldo Venâncio apresentou novos métodos de controle vetorial, destacou a expansão da rede e o engajamento social no controle das arboviroses",
    "subtitulo": "INTEGRAÇÃO",
    "categoria": "Saúde e Vigilância Sanitária",
    "autora": "Edjalma BorgesMinistério da Saúde",
    "tags": [
        "vigilância em saúde e ambiente",
        "arboviroses",
        "dengue",
        "prevenção"
    ],
    "data_publi": "18/11/2024",
    "texto": "Em reunião da Câmara Técnica Conjunta de Epidemiologia e Vigilância em Saúde Ambiental do Conselho Nacional de Secretários de Saúde (Conass), realizada nesta segunda-feira (18), em Brasília, o Ministério da Saúde apresentou oPlano de Ação para Redução da Dengue e Outras Arboviroses. O encontro reuniu superintendentes, diretores e coordenadores da vigilância em saúde e epidemiologia e da vigilância ambiental de todos os estados para discutir estratégias de enfrentamento e medidas de controle que possam ser implementadas de forma integrada em estados e municípios.\n\nA apresentação do plano foi conduzida pelo secretário-adjunto deVigilância em Saúde e Ambiente do Ministério da Saúde, Rivaldo Venâncio, que também destacou um panorama atualizado sobre os desafios relacionados à dengue e outras arboviroses no Brasil. “O Ministério da Saúde está comprometido em garantir o abastecimento de insumos essenciais em tempo hábil, mobilizar estados e municípios para fortalecer as ações dos agentes de endemias e organizar a rede de saúde para atender às demandas crescentes. Estamos monitorando continuamente a situação e mantendo o diálogo com gestores para assegurar que as medidas sejam efetivas e alcancem a população de maneira ágil e eficiente”, afirmou o secretário-adjunto.\n\nEntre as ações prioritárias do plano estão a adoção de tecnologias inovadoras, como as Estações Disseminadoras de Larvicidas (EDL), ométodo Wolbachia, o uso de insetos estéreis em aldeias indígenas e a ampliação da Borrifação Residual Intradomiciliar (BRI).\n\nPlano integrado e recursos para 2025\n\nLançado em setembro pelo presidente Luiz Inácio Lula da Silva e pela ministra da Saúde, Nísia Trindade, o plano foi elaborado com a colaboração de pesquisadores, gestores e técnicos de saúde, além de profissionais que atuam diretamente nas comunidades, especialmente nas áreas de maior vulnerabilidade social.\n\nPara 2025, o Governo Federal destinará cerca de R$ 1,5 bilhão para ações como aquisição de vacinas contra a dengue, insumos laboratoriais, materiais para controle vetorial, campanhas de comunicação e suporte financeiro aos municípios para custeio assistencial. A distribuição dos recursos será feita conforme as demandas de cada estado.\n\nEngajamento da população\n\nA participação da sociedade é considerada essencial no controle da dengue. A campanha“Tem 10 minutinhos? A hora de prevenir é agora”incentiva a população a dedicar poucos minutos por semana para eliminar possíveis criadouros do mosquito em suas residências. Paralelamente, agentes comunitários de saúde terão suas atividades ampliadas para reforçar a conscientização.\n\nO Ministério da Saúde lembra que o controle das arboviroses depende não só de políticas públicas de saúde, mas também do envolvimento de outros setores e da comunidade. Mais de 70% dos criadouros do mosquito estão no interior das casas. A participação da população, especialmente no cuidado com ambientes domésticos, é essencial para eliminar criadouros. Ao mesmo tempo, gestores públicos são incentivados a garantir a limpeza de espaços públicos, consolidando uma abordagem integrada entre governo e sociedade."
}