{
    "url": "https://www.gov.br/saude/pt-br/assuntos/noticias/2024/agosto/ministerio-da-saude-atualiza-diretrizes-para-a-prevencao-da-conjuntivite-neonatal",
    "titulo": "Ministério da Saúde atualiza diretrizes para a prevenção da conjuntivite neonatal",
    "descricao": "Nota técnica orienta sobre a substituição do nitrato de prata por substâncias mais eficazes na proteção dos bebês contra infecções oculares. Conjuntivite logo após o nascimento é uma das causas da cegueira infantil",
    "subtitulo": "PREVENÇÃO",
    "categoria": "Saúde e Vigilância Sanitária",
    "autora": "Edjalma BorgesMinistério da Saúde",
    "tags": [
        "atenção primária",
        "conjuntivite",
        "cegueira infantil",
        "prevenção"
    ],
    "data_publi": "06/08/2024",
    "texto": "Com o objetivo de melhorar as formas de prevenção da conjuntivite neonatal - uma infecção ocular que acomete a conjuntiva de bebês entre 24 horas e um mês após o nascimento - o Ministério da Saúde publicou aNota Técnica nº 11/2024.\n\nA nota orienta a substituição do nitrato de prata 1% por iodopovidona a 2,5%, eritromicina 0,5% ou tetraciclina 1%, por serem mais eficazes e causarem menos irritação aos recém-nascidos.\n\nA introdução das novas substâncias tem como objetivo uma eficácia superior na prevenção da doença, já que elas são menos irritantes e proporcionam um tratamento mais confortável para os recém-nascidos. Além disso, estudos recentes comprovam que esses agentes são mais eficazes na proteção dos bebês contra infecções oculares, que podem levar a complicações graves se não tratadas adequadamente.\n\nO nitrato de prata 1%, muito utilizado anteriormente, é conhecido por causar desconforto, ardor e em alguns casos conjuntivite química nos bebês. Além disso, a iodopovidona a 2,5% não apresenta problemas de conservação e tem um custo acessível, oferecendo uma prevenção segura e eficiente.\n\nSobre a doença\n\nA conjuntivite neonatal é uma causa significativa de cegueira infantil, especialmente em países de baixa e média renda. Frequentemente causada pela bactériaNeisseria gonorrhoeae,que pode ser transmitida durante o parto, a conjuntivite neonatal pode levar a sérias complicações, incluindo perfuração da córnea e perda da visão se não tratada prontamente.\n\nCuidados com o recém-nascido\n\nApós o nascimento, seja por parto normal ou cesárea, o recém-nascido passa por uma série de cuidados imediatos para garantir sua saúde. Se estiver clinicamente estável, o bebê é colocado no peito da mãe para contato pele a pele, proporcionando estabilização da temperatura e da respiração, além de promover o vínculo emocional. Bebês prematuros ou que necessitam de cuidados especiais são encaminhados para unidades de cuidados intensivos.\n\nA prevenção ocular é um desses cuidados imediatos, e a atualização das diretrizes visa garantir que essa prática seja feita de maneira eficaz e confortável. A implementação das novas recomendações pelos hospitais é fundamental para minimizar riscos e melhorar o bem-estar dos recém-nascidos."
}