{
    "url": "https://www.gov.br/saude/pt-br/assuntos/noticias/2024/marco/campanha-de-vacinacao-contra-a-gripe-comeca-oficialmente-nesta-segunda-feira-25",
    "titulo": "Campanha de vacinação contra a gripe começa oficialmente nesta segunda-feira (25)",
    "descricao": "Imunização, no entanto, já havia iniciado a partir da distribuição antecipada de 18,6 milhões de doses",
    "subtitulo": "PROTEJA-SE!",
    "categoria": "Saúde e Vigilância Sanitária",
    "autora": "Nathan VictorMinistério da Saúde",
    "tags": [
        "vigilância em saúde e ambiente",
        "influenza",
        "vacina",
        "grupos prioritários"
    ],
    "data_publi": "25/03/2024",
    "texto": "Começou oficialmente nesta segunda-feira (25) acampanha de vacinação contra a gripe. A entrega das doses, no entanto, já havia sido antecipada pelo Ministério da Saúde aos estados para as regiões Nordeste, Centro-Oeste, Sudeste e Sul. A estratégia buscou proteger os brasileiros e as brasileiras antes do aumento da circulação de vírus respiratórios no país, de forma que, tão logo cada município receba os imunizantes, possa iniciar imediatamente a aplicação das doses.\n\n“A partir de agora, a expectativa é imunizar 75 milhões de pessoas por meio doSistema Único de Saúde (SUS), como idosos, gestantes, puérperas, trabalhadores da saúde, crianças de 6 meses a menores de 6 anos, professores da rede pública de ensino, entre outros públicos prioritários”, destaca a ministra da Saúde, Nísia Trindade.\n\nEm 2024, avacinaçãocontra ainfluenzaacontecerá no primeiro semestre do ano nas regiões Nordeste, Centro-Oeste, Sudeste e Sul, enquanto no Norte será no segundo semestre. A mudança inédita na estratégia, desde 2023, busca atender às particularidades climáticas da região, que inicia no período do Inverno Amazônico, quando há maior circulação viral e de transmissão da gripe.\n\nA estratégia de microplanejamento, realizada pela pasta em conjunto com estados e municípios, visa fortalecer e ampliar o acesso à vacinação, respeitando as diversidades regionais, como uma ferramenta de planejamento de uso contínuo para que os municípios se organizem considerando a realidade local e direcionando esforços para o alcance da cobertura vacina\n\nNeste ano, a composição da vacina é destinada a proteger contra a Influenza A (H1N1), Influenza A (H3N2) e Influenza B.\n\nPodem se vacinar:\n\nCrianças que vão receber o imunizante pela primeira vez deverão tomar duas doses, com um intervalo de 30 dias.\n\nPor que devo me vacinar?\n\nAvacinaçãocontra a gripe é a melhor forma para garantir proteção contra a doença. O imunizante age para estimular a produção de anticorpos contra o vírus da Influenza. Quem tomou o imunizante em 2023 ou nos anos anteriores também deve receber a vacina atualizada. As vacinas são comprovadamente eficazes e protegem contra as cepas atualizadas, de acordo com determinação da Organização Mundial da Saúde (OMS).\n\nSaiba mais sobre o Movimento Nacional pela Vacinação"
}