{
    "url": "https://www.gov.br/saude/pt-br/assuntos/noticias/2024/setembro/ultimos-dias-para-se-inscrever-no-curso-de-comunicacao-de-risco-para-emergencias-em-saude-publica",
    "titulo": "Últimos dias para se inscrever no curso de Comunicação de Risco para Emergências em Saúde Pública",
    "descricao": "Formação visa capacitar profissionais para uma comunicação de risco sensível às necessidades das comunidades afetadas por Emergências em Saúde Pública. Inscrições vão até sexta (20)",
    "subtitulo": "QUALIFICAÇÃO",
    "categoria": "Saúde e Vigilância Sanitária",
    "autora": "Gabriel GalliMinistério da Saúde",
    "tags": [
        "vigilância em saúde e ambiente",
        "comunicação de risco",
        "emergências em saúde",
        "qualificação"
    ],
    "data_publi": "19/09/2024",
    "texto": "O prazo para se inscrever no curso de Comunicação de Risco para Emergências em Saúde Pública encerra nesta sexta-feira (20). A qualificação inédita é promovida pelo Ministério da Saúde, por meio doPrograma de Formação em Emergências em Saúde Pública (Profesp), do Departamento de Emergências em Saúde Pública (DEMSP). As inscrições devem ser feitasneste link.\n\nA formação tem como objetivo capacitar profissionais para uma comunicação de risco planejada e sensível às necessidades das comunidades afetadas por Emergências em Saúde Pública (ESP), como desastres, epidemias e pandemias.\n\nCom carga horária de 20 horas, o curso é direcionado a profissionais de nível superior dos órgãos públicos de saúde e de instituições que atuam direta ou indiretamente em ESP nas esferas acadêmica, administrativa ou técnica.\n\nAo longo do curso, os participantes aprenderão a aplicar a comunicação de riscos em ESP, de acordo com princípios e diretrizes das políticas de vigilância, a identificar e lidar com fatores impeditivos da comunicação de risco e a adaptar a comunicação para diferentes tipos de emergência. O período de oferta, em que a turma pode acessar as aulas, vai de 30 de setembro a 25 de outubro.\n\nO curso também aborda a articulação com a imprensa, a utilização de diversos canais e estratégias eficazes para cenários variados, além de como estabelecer ações nos principais meios de divulgação conforme a tipologia da ESP e elaborar um plano de comunicação de risco."
}