{
    "url": "https://www.gov.br/saude/pt-br/assuntos/noticias/2024/marco/oficina-trata-sobre-o-cuidado-a-saude-da-populacao-em-situacao-de-rua",
    "titulo": "Oficina trata sobre o cuidado à saúde da população em situação de rua",
    "descricao": "Evento promovido pela Secretaria de Atenção Primária e Fiocruz reuniu movimentos sociais, trabalhadores, gestores e pesquisadores comprometidos com tema",
    "subtitulo": "ATENÇÃO",
    "categoria": "Saúde e Vigilância Sanitária",
    "autora": "Ministério da Saúde",
    "tags": [
        "atenção primária",
        "população em situação de rua",
        "plano ruas visíveis",
        "mobilização"
    ],
    "data_publi": "14/03/2024",
    "texto": "A Secretaria de Atenção Primária à Saúde (Saps), do Ministério da Saúde, e a Fundação Oswaldo Cruz (Fiocruz) promoveram, no Rio de Janeiro, a Oficina de Construção do Projeto Político Pedagógico do Curso de Aperfeiçoamento em Educação Popular em Saúde para o Cuidado da População em Situação de Rua (EdPopSUS-Rua). O evento, encerrado no dia 8 de março, reuniu movimentos sociais, usuários, trabalhadores, gestores e pesquisadores comprometidos com o cuidado à população em situação de rua.\n\nPara a coordenadora da Coordenação do Acesso e Equidade (Caeq),Lilian Gonçalves,“a oficina possibilitou o encontro e compartilhamento de diferentes saberes em torno do cuidado, na perspectiva da educação popular em saúde, com a população em situação de rua.” Lilian ressaltou ainda que “o encontro oportunizou a discussão sobre as principais temáticas que serão o fio condutor da formação para as trabalhadoras e trabalhadores da Atenção Primária à Saúde.”\n\nO coordenador do Comitê de Acompanhamento e Monitoramento da Política Nacional para População em Situação de Rua (CIAMP-Rua),Anderson Miranda,representou o Ministério de Direitos Humanos e Cidadania no evento.\n\nPlano Ruas Visíveis\n\nO Curso de Aperfeiçoamento em Educação Popular em Saúde para o Cuidado da População em Situação de Rua é uma das ações do Ministério da Saúde, sob a responsabilidade da Saps, no Plano de Ação e Monitoramento para Efetivação da Política Nacional para a População em Situação de Rua  (Plano Ruas Visíveis), lançado pelo presidente Lula em dezembro de 2023, com investimento de R$ 1 bilhão.O objetivo é a formação para o cuidado à população em situação de rua no âmbito da Atenção Primária à Saúde, no Sistema Único de Saúde, nos diferentes estados brasileiros, por meio da oferta de cursos de aperfeiçoamento, da estruturação de ambiente interativo para os processos formativos e da elaboração de materiais pedagógicos e científicos com movimentos sociais com trajetória de situação de rua e instituições de ensino parceiras, valorizando as práticas de cuidado territorial, a comunicação e a educação popular em saúde.\n\nA coordenação nacional do curso é de responsabilidade do ministério, da Fiocruz, do Movimento Nacional da População de Rua (MNPR), Movimento Nacional de Luta em Defesa da População em Situação de Rua (MNLDPSR), Movimento Nacional Meninos e Meninas de Rua (MNMMR) e da Rede Nacional de Consultórios na Rua e de Rua.\n\nPlano Nacional Ruas Visíveis"
}