{
    "url": "https://www.gov.br/saude/pt-br/assuntos/noticias/2024/outubro/ministra-da-saude-se-reune-com-parlamentares-do-norte-em-brasilia",
    "titulo": "Ministra da Saúde se reúne com parlamentares do Norte em Brasília",
    "descricao": "Durante o encontro, Nísia Trindade reforçou os compromissos do ministério com as demandas e ressaltou a importância de um trabalho conjunto com a bancada para fortalecer ações prioritárias na região",
    "subtitulo": "INTEGRAÇÃO",
    "categoria": "Saúde e Vigilância Sanitária",
    "autora": "Edjalma BorgesMinistério da Saúde",
    "tags": [
        "atenção especializada à saúde",
        "saúde indígena",
        "samu",
        "malária"
    ],
    "data_publi": "23/10/2024",
    "texto": "A ministra da Saúde, Nísia Trindade, se reuniu nesta terça-feira (22), em Brasília, com parlamentares da bancada da região Norte para tratar de temas prioritários para o desenvolvimento dos estados locais. Entre as pautas discutidas, destacam-se o custo amazônico, o fortalecimento doSAMUfluvial, a expansão da telemedicina e ações para a eliminação damalária- doença que afeta diretamente a população da região.\n\nO encontro contou com a presença dos deputados Sidney Leite (AM), Átila Lins (AM), Ricardo Ayres (TO), Dorinaldo Malafaia (AP), Airton Faleiro (PA) e Silvia Waiãpi (AP). A reunião visou alinhar estratégias para o avanço de projetos que melhorem o atendimento à saúde nos estados da Amazônia Legal, uma área com desafios logísticos e sanitários únicos.\n\nNísia reforçou os compromissos do ministério com as demandas da região Norte e destacou a importância de iniciativas como o Samu fluvial, que atende comunidades ribeirinhas de difícil acesso; e a telemedicina, que pode expandir o acesso a serviços especializados em locais remotos. Além disso, a eliminação da malária segue como uma prioridade para o Ministério da Saúde, com esforços concentrados em ampliar o enfrentamento à doença endêmica na região.\n\nInvestimentos na saúde indígena\n\n\"Contem com o Ministério da Saúde. Aqui estão nossos secretários, prontos para promover essa interlocução entre os parlamentares e a equipe técnica. Do ponto de vista da gestão, temos feito grandes avanços, especialmente com o aumento expressivo de investimentos nasaúde indígena. Reforçamos as equipes médicas por meio do programaMais Médicose aprimoramos a infraestrutura das unidades de saúde\", enumerou Nísia.\n\nOs parlamentares se comprometeram a trabalhar junto ao ministério para viabilizar recursos e fortalecer essas ações, reforçando a parceria entre o governo federal e os estados do Norte."
}