{
    "url": "https://www.gov.br/saude/pt-br/assuntos/noticias/2024/junho/saude-faz-reuniao-tecnica-com-a-area-de-vigilancia-das-emergencias",
    "titulo": "Saúde faz reunião técnica com a área de vigilância das emergências",
    "descricao": "Conversa reuniu apoiadores e coordenadores gaúchos do Vigidesastres, Cievs e Renaveh",
    "subtitulo": "RIO GRANDE DO SUL",
    "categoria": "Saúde e Vigilância Sanitária",
    "autora": "Otávio AugustoMinistério da Saúde",
    "tags": [
        "vigilância em saúde e ambiente",
        "vigidesastres",
        "emergência",
        "cievs"
    ],
    "data_publi": "06/06/2024",
    "texto": "O Ministério da Saúde realizou reunião técnica com apoiadores e coordenadores do Programa de Vigilância em Saúde dos Riscos Associados aos Desastres (Vigidesastres), do Centro de Informações Estratégicas em Vigilância em Saúde (Cievs) e da Rede Nacional de Vigilância Epidemiológica Hospitalar (Renaveh) no Rio Grande do Sul.\n\nO encontro, realizado na tarde desta quinta-feira (6), em Porto Alegre, teve como objetivo afinar as estratégias do ministério, do governo estadual e do município na prevenção, vigilância e respostas a desastres.\n\nO diretor do Departamento de Emergências em Saúde Pública (DEMSP), Márcio Garcia, reforçou que a atuação das três esferas de poder é essencial para que se tenha respostas eficazes em tragédias com a magnitude da que afetou os gaúchos.\n\n“É importante que a vigilância se ocupe dos espaços de gestão, sobretudo bipartite, que é lá que se mostra às necessidades e as demandas. É preciso discutir regionalmente, ter municípios mais preparados e buscar pactuações”, comentou.\n\nMárcio Garcia ressaltou que após o desastre que afetou o estado, órgãos de setores distintos estão atuando juntos. Para ele, essa aprendizagem serve de legado para atuação em situações futuras que exijam esse nível de resposta. “É um processo de construção e que deve ter a atuação tripartite”, complementou.\n\nO Rio Grande do Sul sofre com o efeito das severasenchentesque atingem o estado desde o início de maio. Ao todo, 97% do território gaúcho foi atingido. O estado recebe, desde 5 de maio, apoio integral do Ministério da Saúde com o envio de voluntários daForça Nacional do Sistema Único de Saúde (FN-SUS), medicamentos, vacinas e insumos, além de instrução técnica para a reconstrução do sistema de assistência."
}