{
    "url": "https://www.gov.br/saude/pt-br/assuntos/noticias/2024/novembro/webinario-da-inicio-a-semana-mundial-de-conscientizacao-sobre-a-resistencia-aos-antimicrobianos",
    "titulo": "Webinário dá início à Semana Mundial de Conscientização sobre a Resistência aos Antimicrobianos",
    "descricao": "Evento destacou práticas de conscientização para crianças e profissionais de saúde e integra esforços do Brasil no combate à resistência antimicrobiana, uma das principais causas de mortes por doenças no mundo",
    "subtitulo": "TROCA DE EXPERIÊNCIAS",
    "categoria": "Saúde e Vigilância Sanitária",
    "autora": "Marcella MotaMinistério da Saúde",
    "tags": [
        "vigilância em saúde e ambiente",
        "antimicrobianos",
        "infecções resistentes",
        "webinário"
    ],
    "data_publi": "19/11/2024",
    "texto": "O Ministério da Saúde deu início àSemana Mundial de Conscientização sobre a Resistência aos Antimicrobianos (RAM)nesta segunda-feira (18) com o webinário “Engajamento e Conscientização na Prevenção e Controle da Resistência aos Antimicrobianos no Brasil - Da Educação Infantil ao Profissional de Saúde”. Com o tema global “Eduque. Colabore. Faça agora! ”, o evento continua até domingo (24).\n\nA atividade on-line destacou iniciativas em andamento no Brasil para a conscientização da sociedade civil, estudantes e profissionais de saúde sobre aresistência aos antimicrobianos. Representantes de diversas esferas da saúde pública apresentaram experiências que reforçaram a importância da conscientização precoce para reduzir a RAM, integrando a temática ao cotidiano escolar e à formação contínua de profissionais de saúde.\n\nPara André Abreu, representante da Coordenação-Geral de Laboratórios de Saúde Pública (CGLAB) daSecretaria de Vigilância em Saúde e Ambiente (SVSA), o webinário promoveu a troca de experiências e o fortalecimento da rede de apoio entre profissionais de saúde e educadores para que práticas preventivas façam parte do cotidiano. “A discussão vai contribuir para a adoção de novas práticas e políticas, ampliando a conscientização da população sobre o uso responsável de antimicrobianos e gerando um compromisso duradouro com a saúde pública”, acredita.\n\nO evento é parte das ações promovidas pela Aliança Quadripartite – composta pela Organização Mundial de Saúde (OMS), Organização das Nações Unidas para Agricultura e Alimentação (FAO), Organização Mundial de Saúde Animal (OMSA) e o Programa das Nações Unidas para o Meio Ambiente (PNUMA) – que incentiva a conscientização global sobre a resistência antimicrobiana, um dos maiores desafios de saúde pública atualmente.\n\nPara ampliar o alcance da iniciativa, na próxima quinta-feira (21) os ministérios da Saúde, Agricultura e Pecuária (Mapa) e a Agência Nacional de Vigilância Sanitária (Anvisa) participam do webinário “Semana Mundial da Conscientização sobre a Resistência aos Antimirobianos – Planos de Ações Nacionais”, que será transmitido pelo canal daSVSA no YouTube.\n\nRisco de resistência\n\nOs antimicrobianos são medicamentos que matam ou inibem o crescimento de bactérias, fungos, vírus e parasitas, utilizados no tratamento de infecções, e são essenciais para a preservação da saúde humana e animal, bem como do bem-estar animal. Porém, o uso inadequado ou excessivo desses medicamentos aumenta o risco de resistência e, em todo o mundo, pessoas, plantas e animais estão morrendo de infecções que não podem ser tratadas, mesmo com os mais poderosos antimicrobianos.\n\nPesquisas indicam que 1,2 milhão de mortes anuais globais estão diretamente atribuídas às infecções resistentes, sendo 20% crianças menores de 5 anos. Esses dados fazem com que a resistência aos antimicrobianos esteja entre as 10 principais causas de mortes por doenças no mundo. As consequências são preocupantes e podem ocorrer a longo e médio prazo."
}