{
    "url": "https://www.gov.br/saude/pt-br/assuntos/noticias/2024/dezembro/projeto-a-hora-e-agora-facilita-acesso-a-autoteste-de-hiv-em-5-capitais",
    "titulo": "Projeto ‘A Hora é agora’ facilita acesso a autoteste de HIV em 5 capitais",
    "descricao": "Iniciativa é fruto de cooperação entre Ministério da Saúde, Fiocruz, CDC-Brasil e secretarias municipais de saúde",
    "subtitulo": "­­PREVENÇÃO",
    "categoria": "Saúde e Vigilância Sanitária",
    "autora": "Lorany Silva e Ádria AlbaradoMinistério da Saúde",
    "tags": [
        "vigilância em saúde e ambiente",
        "hiv e aids",
        "ist",
        "autoteste"
    ],
    "data_publi": "05/12/2024",
    "texto": "O projeto ‘A Hora é Agora’ realizou parceria com o aplicativo de encontros ‘Grindr’ para divulgação e ampliação do conhecimento e do uso do autoteste deHIVentre os usuários doapp. A iniciativa surgiu no âmbito de cooperação entre o Ministério da Saúde – por meio doDepartamento de Aids, Tuberculose, Hepatites Virais e outras Infecções Sexualmente Transmissíveis (Dathi), a Escola Nacional de Saúde Pública Sergio Arouca, da Fundação Oswaldo Cruz, o escritório do Centros de Controle e Prevenção de Doenças no Brasil (CDC-Brasil) e as secretarias municipais de saúde. Atualmente, o autoteste de HIV está disponível pelo projeto em Curitiba, Porto Alegre, Campo Grande, Florianópolis e Fortaleza.\n\nDurante este ano, foram veiculadas mensagensinboxepop-uppara os usuários do ‘Grindr’ em Campo Grande e Florianópolis, contendo informações sobre a possibilidade de receber autoteste gratuitamente e direcionando-os à página da internet do projeto para solicitação do produto. De abril para cá, houve um aumento de 69% nos pedidos em Campo Grande e 65% em Florianópolis. O aplicativo é voltado para a população LGBTQIAPN+.\n\nPessoas interessadas podem solicitar a ferramenta na lista de links disponíveis do programa\n\nPara o diretor do Dathi, Draurio Barreira, iniciativas como essas são fundamentais para alcançar as metas de eliminação da aids enquanto problema de saúde pública no Brasil. “Estamos comprometidos com a agenda de eliminação da aids. Para alcançar esse objetivo, sabemos a importância de contar com a colaboração de diversas entidades que consigam alcançar as populações mais vulnerabilizadas ao HIV e à aids”, destacou.\n\nPara a coordenadora do projeto na Fiocruz, Marly Cruz, a iniciativa demonstrou que parcerias com aplicativos como esse podem gerar resultados bastante positivos na promoção de ações em comunicação em saúde e prevenção de HIV. “Essas cooperações evidenciam o grande potencial do uso de redes sociais específicas para focalizar a oferta de testagem de HIV para populações-chave, e diversificar as formas de acesso à prevenção do HIV, de maneira mais próxima e mais fácil para quem mais precisa”.\n\nNa parceria, o Dathi é o responsável pela aquisição nacional e distribuição dos autotestes aos municípios participantes. O A Hora é Agora, fruto da colaboração entre CDC-Brasil e ENSP/Fiocruz, financia as ações programáticas de oferta do autoteste por meio da internet e sua entrega pelos correios, além de ampliar as opções de autoteste distribuídas aos usuários.\n\nA Hora é Agora\n\nO projeto foi criado há dez anos com o objetivo de fortalecer os serviços de saúde auxiliando na ampliação de acesso à testagem e tratamento para HIV. A primeira fase do projeto ocorreu em Curitiba e ampliou o acesso à testagem e o fortalecimento de vínculos de pessoas com casos positivos para HIV junto aos serviços de saúde no município.\n\nEm 2019, a iniciativa foi expandida para Campo Grande e Florianópolis e auxiliou os serviços municipais na ampliação de prevenção e diagnóstico precoce por meio de uma série de iniciativas de prevenção combinada, tais como: testagem regular para o HIV e outras infecções sexualmente transmissíveis (ISTs); triagem de HIV com o uso de autotestes distribuídos pelos Correios e armários digitais dispensadores; oferta de profilaxias pré e pós-exposição (PrEP e PEP); notificação de parceiros; tratamento imediato de HIV, ISTs e infecções oportunistas; e busca ativa de usuários que deixaram de realizar tratamento."
}