{
    "url": "https://www.gov.br/saude/pt-br/assuntos/noticias/2024/agosto/saude-realiza-workshop-para-construir-plano-nacional-contra-meningite-bacteriana",
    "titulo": "Saúde realiza workshop para construir plano nacional contra meningite bacteriana",
    "descricao": "Brasil se consolida como o primeiro país da região das américas a estruturar plano com tal finalidade",
    "subtitulo": "VIGILÂNCIA",
    "categoria": "Saúde e Vigilância Sanitária",
    "autora": "Marcella MotaMinistério da Saúde",
    "tags": [
        "vigilância em saúde e ambiente",
        "meningite",
        "infecções bacterianas",
        "prevenção e controle"
    ],
    "data_publi": "20/08/2024",
    "texto": "Com o objetivo de derrotar as epidemias demeningitebacteriana e reduzir as mortes provocadas por ela, o Ministério da Saúde realizou, segunda (19) e hoje (20), o workshop deFinalização do Plano Nacional para Derrotar as Meningites até 2030. O evento reúne, em Brasília, representantes de diversas secretarias da Pasta, além da Organização Pan-Americana de Saúde (Opas) e a Organização Mundial da Saúde (OMS), para discutir e concluir as diretrizes e atividades propostas no plano.\n\nParticiparam da mesa de abertura o diretor do Departamento do Programa Nacional de Imunização daSecretaria de Vigilância em Saúde e Ambiente (SVSA), Eder Gatti; o oficial técnico representando o secretariado do Roteiro Mundial para Derrotar as Meningites até 2030, Joaquim Monza; a assessora regional do programa da resistência aos antimicrobianos e ponto focal do plano na Opas em Washington/EUA, Natali El Omieri; a coordenadora de imunização da Opas no Brasil, Lely Guzman; a diretora do Departamento de Estratégias e Políticas de Saúde Comunitária daSecretaria de Atenção Primária (Saps), Evellin Silva; e o diretor do Departamento de Atenção Especializada e Temática daSecretaria de Atenção Especializada (Saes), Aristides Oliveira.\n\nA construção do plano brasileiro começou em 2023 e será finalizado agora em 2024, se consolidando como o primeiro país da região das américas a estruturar o plano com tal finalidade. O documento afirma o compromisso brasileiro com o Roteiro Global da OMS, firmado em 2021, para derrotar as epidemias que ocorrem no mundo e reduzir em 70% as mortes provocadas por ela até 2030.\n\nO documento está alinhado aos três objetivos principais do Roteiro Global da OMS: eliminação das epidemias de meningite bacteriana; redução dos casos de meningite bacteriana imunoprevenível em 50% e das mortes em 70%; além da prevenção da incapacidade e melhoria da qualidade de vida dos sobreviventes. O texto propõe ações articuladas e integradas aoSistema Único de Saúde (SUS), cobrindo cinco pilares essenciais: prevenção e controle de epidemias; diagnóstico e tratamento; vigilância epidemiológica da doença meningocócica imunoprevenível; apoio e assistência para as pessoas afetadas; e comunicação e compromisso.\n\nMeningite no Brasil\n\nA meningite pode ser causada por bactérias, vírus, fungos e parasitas. Entre essas, as meningites virais e bacterianas são as mais relevantes para a saúde pública devido à sua alta incidência e ao potencial de causar surtos.\n\nDe modo geral, as infecções bacterianas são mais graves que as virais. No Brasil, o Sistema Único de Saúde oferece vacinas contra meningite bacteriana dos sorogrupos A, C, W e Y. A infecção mais comum no país e a sorogrupo C."
}