{
    "url": "https://www.gov.br/saude/pt-br/assuntos/noticias/2024/novembro/curso-de-especializacao-e-aprimoramento-em-equidade-no-sus-abre-inscricoes-ate-27-de-novembro",
    "titulo": "Curso de Especialização e Aprimoramento em Equidade no SUS abre inscrições até 27 de novembro",
    "descricao": "Ação busca fortalecer as políticas de equidade de gênero, raça, etnia e a valorização das trabalhadoras no SUS",
    "subtitulo": "EQUIDADE",
    "categoria": "Saúde e Vigilância Sanitária",
    "autora": "Ministério da Saúde",
    "tags": [
        "trabalho e educação na saúde",
        "equidade no sus",
        "proadi-sus",
        "capacitação"
    ],
    "data_publi": "12/11/2024",
    "texto": "O Ministério da Saúde, em parceria com o Hospital Alemão Oswaldo Cruz (Haoc), por meio doPrograma de Apoio ao Desenvolvimento Institucional do Sistema Único de Saúde (Proadi-SUS), abriu inscrições, até 27 de novembro, para o Curso de Especialização e Aprimoramento em Equidade na Gestão do Trabalho e da Educação no SUS, oferecido de forma totalmente virtual e gratuita.\n\nA iniciativa pioneira faz parte doPrograma Nacional de Equidade de Gênero, Raça, Etnia e Valorização das Trabalhadoras no SUS, lançado em 2023 e coordenado pelaSecretaria de Gestão do Trabalho e da Educação na Saúde (Sgtes), de forma a promover um ambiente de trabalho mais inclusivo, justo e acolhedor para todos.\n\nO curso está disponível em duas modalidades: Especialização, destinada a profissionais com nível superior completo; e Aprimoramento, voltado para pessoas com ensino médio completo. Ambos abordam a gestão do trabalho no SUS e os desafios relacionados a gênero, sexualidade, raça, etnia e inclusão de pessoas com deficiência e diferentes idades. Com 800 vagas, a formação tem duração de 12 meses, com carga horária de até 376 horas.\n\nA oferta educacional é voltada para qualificação de trabalhadores, gestores e representantes do controle social do SUS; docentes universitários que atuem no campo da saúde; e representantes de movimentos sociais com atuação no escopo do Programa Nacional de Equidade (gênero, identidade de gênero, raça, sexualidade, etnia e pessoas com deficiência) para o enfrentamento das iniquidades no âmbito da gestão do trabalho e da educação no SUS, visando aprimorar o enfrentamento às desigualdades, violências e discriminações no trabalho e na educação na saúde.\n\nSaiba mais detalhes sobre o curso:\n\nPara mais informações e inscrições, acesse a página do Hospital Alemão Oswaldo Cruz"
}