{
    "url": "https://www.gov.br/saude/pt-br/assuntos/noticias/2024/dezembro/saude-vai-lancar-painel-para-monitorar-o-acesso-da-populacao-a-agua-em-todo-o-brasil",
    "titulo": "Saúde vai lançar painel para monitorar o acesso da população à água em todo o Brasil",
    "descricao": "Atualmente, cerca de 70% das pessoas têm acesso à água submetida às etapas de tratamento mínimo previstas na norma de qualidade para consumo humano",
    "subtitulo": "MONITORAMENTO",
    "categoria": "Saúde e Vigilância Sanitária",
    "autora": "João MoraesMinistério da Saúde",
    "tags": [
        "vigilância em saúde e ambiente",
        "qualidade da água",
        "painel",
        "vigiagua"
    ],
    "data_publi": "13/12/2024",
    "texto": "A água é um direito humano fundamental e essencial para a saúde e o bem-estar da população. Nesse contexto, as normas de qualidade da água desempenham um papel crucial para assegurar que, em todas as regiões do Brasil, tanto em áreas urbanas quanto rurais, a água para consumo humano atenda aos padrões de potabilidade estabelecidos.\n\nConforme lembra a diretora do Departamento de Vigilância em Saúde Ambiental e Saúde do Trabalhador, Agnes Soares, “não existe saúde sem água de qualidade”. Segundo ela, essas normas têm como objetivo uniformizar parâmetros em todo o país, garantindo que a água utilizada para beber, cozinhar ou outras finalidades essenciais seja segura e não represente riscos à saúde.\n\nDiante disso, o Ministério da Saúde anunciou a elaboração de um painel de informação para facilitar o acompanhamento do acesso à água com tratamento adequado pela população brasileira. O anúncio foi feito durante a reunião nacional doPrograma Nacional de Vigilância da Qualidade da Água para Consumo Humano (Vigiágua).\n\nA ferramenta vai utilizar uma abordagem visual simples, com cores para indicar a proporção da população com acesso à água tratada conforme os requisitos de norma vigente. Municípios com mais de 80% da população com o tratamento mínimo exigido aparecem em azul, enquanto os que têm menos de 20% são representados por bolinhas vermelhas. Cores intermediárias (verde, amarelo e laranja) indicam diferentes níveis de cobertura com água tratada.\n\n“Nosso objetivo é que a população possa acessar essas informações e entender rapidamente a situação do abastecimento de água na sua localidade”, explicou a coordenadora-geral deVigilância em Saúde Ambiental, Eliane Ignotti. O painel será uma ferramenta fundamental também para os gestores municipais e estaduais. \"Estamos aguardando a atualização das informações para garantir o alinhamento adequado dos dados. O objetivo é proporcionar uma visão mais compreensível e simplificada sobre o tratamento da água, facilitando a interpretação das condições em cada município\", acrescentou.\n\nSerá possível uma visão detalhada da situação por região, unidade da federação, Regional de Saúde e município, o que vai possibilitar uma análise mais aprofundada das condições de abastecimento de água no Brasil. Eliane reforçou que o objetivo é fortalecer a política pública de acesso à água tratada. O painel será apresentado ao Grupo de Trabalho de Vigilância em Saúde e posteriormente será disponibilizado para acesso público."
}