{
    "url": "https://www.gov.br/saude/pt-br/assuntos/noticias/2024/maio/ministerio-da-saude-envia-mais-de-300-mil-imunizantes-ao-rs-alem-do-envio-de-rotina",
    "titulo": "Ministério da Saúde envia mais de 300 mil imunizantes ao RS, além do envio de rotina",
    "descricao": "Mais 200 caixas térmicas de alta qualidade e 4,8 mil bobinas de resfriamento também serão enviadas. Não há registro de desabastecimento de nenhuma vacina no estado",
    "subtitulo": "RIO GRANDE DO SUL",
    "categoria": "Saúde e Vigilância Sanitária",
    "autora": "Ministério da Saúde",
    "tags": [
        "vigilância em saúde e ambiente",
        "programa nacional de imunizações",
        "vacinas",
        "rio grande do sul"
    ],
    "data_publi": "11/05/2024",
    "texto": "Entre as medidas do Ministério da Saúde para ampliar o acesso à saúde e garantir assistência à população do Rio Grande do Sul, está o envio de vacinas. O estado sofre com severasenchentesdevido às chuvas dos últimos dias. Por meio doPrograma Nacional de Imunizações (PNI), a pasta enviou, no último dia 5 de maio, 200 mil doses das vacinas contra tétano, difteria, hepatites A e B, coqueluche, meningite, rotavírus, sarampo, caxumba, rubéola, raiva e picadas de animais. Não há registro de desabastecimento de nenhuma vacina no estado.\n\nAté a próxima segunda-feira (13), a população gaúcha vai receber mais 105 mil doses emergenciais de vacinas, além das 926 mil que já estavam previstas na rotina de entrega ao estado.\n\nO diretor do PNI, Eder Gatti, explica que o governo federal está disponibilizando recursos e fazendo todos os esforços para repor os estoques perdidos com as enchentes, não apenas de vacinas, mas também da rede de frio para seu armazenamento. “Esta semana, estamos enviando por via terrestre mais 200 caixas térmicas de alta qualidade, além de 4,8 mil bobinas de resfriamento”, complementa.\n\nFlexibilização do acesso a medicamentos\n\nNeste sábado (11), o Ministério da Saúde também flexibilizou a retirada de medicamentos pelo programaFarmácia Popularno Rio Grande do Sul. Está dispensada a apresentação dos documentos oficiais com foto, CPF e receita ou prescrição médica para acessar medicamentos para tratamento de asma, hipertensão e diabetes.\n\nNo âmbito doComponente Especializado da Assistência Farmacêutica, os cidadãos também poderão manter seus tratamentos por seis meses sem necessidade de renovar as receitas, contanto que a dose e o tipo do medicamento permaneçam os mesmos. Além disso, aqueles que perderam medicamentos no intervalo de até dois meses antes do reconhecimento oficial da calamidade podem solicitar uma nova retirada.\n\nForça Nacional do SUS já realizou mais de mil atendimentos\n\nO Hospital de Campanha do Ministério da Saúde em Canoas (RS) ultrapassou a marca de mil atendimentos. A unidade foi montada para o socorro emergencial das pessoas atingidos pelas enchentes. Segundo o balanço mais recente daForça Nacional do Sistema Único de Saúde (SUS)foram 786 atendimentos na unidade médica; 293 atendimentos volantes; e 21 atendimentos aeromédicos. No total, são 1,1 mil atendimentos. O hospital conta com 134 profissionais da saúde, como médicos, enfermeiros, equipes aeromédicas e psicólogos, entre outros."
}