{
    "url": "https://www.gov.br/saude/pt-br/assuntos/noticias/2024/agosto/sus-impulsiona-politica-industrial-com-r-120-bilhoes-em-parcerias-publico-privadas-nos-proximos-anos",
    "titulo": "SUS impulsiona política industrial com R$ 120 bilhões em parcerias público-privadas nos próximos anos",
    "descricao": "Ministra Nísia Trindade participa de anúncios no Planalto que vão fortalecer o Complexo Econômico-Industrial da Saúde, com investimentos para reduzir vulnerabilidades e ampliar o acesso a novos medicamentos, vacinas e outros",
    "subtitulo": "NOVA INDÚSTRIA",
    "categoria": "Saúde e Vigilância Sanitária",
    "autora": "Edjalma BorgesMinistério da Saúde",
    "tags": [
        "ciência e tecnologia em saúde",
        "complexo econômico-industrial",
        "tecnologia",
        "inovação"
    ],
    "data_publi": "14/08/2024",
    "texto": "Em cerimônia no Palácio do Planalto, nesta quarta-feira (14), o presidente Lula, o vice-presidente e ministro do Desenvolvimento, Indústria, Comércio e Serviços (MDIC), Geraldo Alckmin, e a ministra da Saúde, Nísia Trindade, anunciaram em conjunto com o setor produtivo novos investimentos para a Nova Indústria Brasil (NIB) e os detalhes da missão 2 da NIB. Com o anúncio, a política industrial brasileira entra em uma nova etapa, com aumento de recursos públicos, novos parceiros, mapeamento de cadeias produtivas, definição de nichos prioritários e estabelecimento de metas de médio e longo prazo para cada uma das seis missões da Nova Indústria.\n\nDurante o evento, o Banco Nacional de Desenvolvimento Econômico e Social (BNDES) anunciou um incremento de R$ 42,7 bilhões para o Plano Mais Produção (P+P), coordenado e que financia a política industrial. Com isso, o total de recursos disponibilizados para a NIB passa a R$ 342,7 bi, com recursos do BNDES, da Finep e da Empresa Brasileira de Pesquisa e Inovação Industrial (Embrapii), e reforço das linhas de crédito do Banco do Nordeste/BNB (R$ 16,7 bi) e do Banco da Amazônia/ Basa (R$ 14,4 bi), dando mais capilaridade e diversidade regional à NIB.Alto investimento no CeisOSUSterá papel importante para ajudar a fortalecer a política industrial do governo, com o desenvolvimento do oComplexo Econômico-Industrial da Saúde (Ceis). Desde janeiro de 2023, o complexo recebeu R$ 18,8 bilhões em financiamento público, sendo R$ 8,9 bilhões do Ministério da Saúde, R$ 5,5 bilhões do BNDES e R$ 3,5 bilhões da Finep. Isso inclui novos investimentos de R$ 1,5 bi do BNDES e R$ 577 milhões da Finep.\n\nCom um total de R$ 57,4 bilhões, o maior volume de investimentos públicos e privados na última década, os recursos visam ampliar a produção nacional em saúde e garantir o acesso a medicamentos e tratamentos. A reconstrução institucional pelo Ministério da Saúde fortaleceu a confiança e a programação de investimentos, com o potencial de mobilizar R$ 30 bilhões anuais em parcerias público-privadas, impulsionando o desenvolvimento industrial nos próximos quatro anos.\n\nNa ocasião do anúncio, Nísia Trindade destacou que é missão do ministério e dos demais envolvidos se esforçar para construir um sistema mais resiliente. “É fundamental que o sistema de saúde seja sustentável. Estamos empenhados em um esforço que tem como pilar fortalecer o SUS e atender as necessidades da população. Um trabalho coletivo que envolve outros ministérios, o setor produtivo e a academia\", disse a ministra.\n\nJá o presidente Lula reafirmou os compromissos do Governo Federal em continuar garantindo investimentos para o desenvolvimento econômico do país. “Precisamos transformar o Brasil em uma nação desenvolvida para todos. O governo cuida da indústria, cuida do povo, e queremos ser um país altamente competitivo. O SUS continuará se aperfeiçoando\", destacou o presidente.\n\nAs indústrias da saúde também anunciaram hoje investimentos privados de R$ 39,5 bilhões. Desse total, R$ 33,5 bilhões (2024-2026) virão do GrupoFarmaBrasil,daInterfarma e Sindusfarma.Outros R$ 6 bilhões serão destinados ao Complexo Industrial de Biotecnologia em Saúde (CIBS/Santa Cruz e Fiocruz) para ampliar a oferta de vacinas e biofármacos da Fiocruz, com uma produção estimada de 120 milhões de frascos por ano para o SUS.\n\nRevolução tecnológica\n\nCom o investimento recorde para alavancar a parceria de inovação e produção no Brasil, a Região Nordeste entra na revolução tecnológica da saúde, com a reconstrução da BahiaFarma 4.0 e a duplicação da capacidade produtiva do Laboratório Farmacêutico do Estado de Pernambuco (Lafepe). Além disso, o ministério anuncia oprojeto Betinhopara concluir a maior fábrica de hemoderivados da América Latina, com parcerias público-privadas para ampliar o portfólio de medicamentos derivados do sangue, assegurando a soberania nacional e acesso à saúde.\n\nAlém disso, o governo utilizará o poder de compra do SUS para fortalecer o Programa de Parcerias para o Desenvolvimento Produtivo (PDP) e o Programa de Desenvolvimento e Inovação local (PDI), que já estão recebendo propostas.\n\nMetas para a missão da Saúde\n\nAtualmente, o Brasil produz cerca de 45% das necessidades nacionais em medicamentos, vacinas, equipamentos e dispositivos médicos, materiais e outras tecnologias em saúde. As metas ajustadas para a Missão 2, anunciadas hoje, preveem aumentar essa produção para 50% até 2026 e para 70% até 2033.\n\nPara atingir esses objetivos, o volume inicial de investimentos públicos para o Complexo Econômico-Industrial da Saúde, entre 2023 e 2024, é de R$ 18,8 bilhões, sendo R$ 8,9 bilhões doPAC Saúdee R$ 9,9 bilhões do Plano + Produção."
}