{
    "url": "https://www.gov.br/saude/pt-br/assuntos/noticias/2024/julho/oitava-edicao-do-programa-pesquisa-para-o-sus-ppsus-define-prioridades-dos-estados",
    "titulo": "Oitava edição do Programa Pesquisa para o SUS (PPSUS) define prioridades dos estados",
    "descricao": "Cada Unidade Federativa define o que será pesquisado de acordo com as suas necessidades e prioridades em saúde. O investimento total será de R$ 170,8 milhões",
    "subtitulo": "CIÊNCIA",
    "categoria": "Saúde e Vigilância Sanitária",
    "autora": "Ministério da Saúde",
    "tags": [
        "ciência e tecnologia em saúde",
        "pesquisa para o sus",
        "investimento",
        "pesquisas em saúde"
    ],
    "data_publi": "22/07/2024",
    "texto": "OPrograma Pesquisa para o SUS: gestão compartilhada em saúde (PPSUS) inicia a sua 8ª edição em todas as Unidades Federativas (UF) do Brasil. O investimento total será de R$ 170,8 milhões, destinados à aquisição de materiais de consumo e equipamentos, além da implementação de bolsas nos projetos aprovados.\n\nAtualmente, o programa promove a Oficina de Prioridades de Pesquisas em Saúde (OPP) em cada UF, organizada pelas Fundações de Amparo à Pesquisa (FAP) em colaboração com as Secretarias Estaduais de Saúde (SES), pelo Ministério da Saúde, por meio do Departamento de Ciência e Tecnologia (Decit) da Secretaria de Ciência, Tecnologia e Inovação e do Complexo Econômico-Industrial da Saúde (Sectics), e pelo Conselho Nacional de Desenvolvimento Científico e Tecnológico (CNPq).\n\nAs OPPs têm o objetivo de definir os temas de pesquisa que integrarão as chamadas estaduais para a seleção de projetos que receberão financiamento do PPSUS. As linhas de pesquisa são estabelecidas conforme as necessidades de saúde da população local e os Planos Nacional e Estadual de Saúde, com a participação de gestores da saúde e pesquisadores.\n\nAs Chamadas Públicas estão em fase de elaboração, e os pesquisadores de todo o País podem consultar as páginas eletrônicas das Fundações de Amparo à Pesquisa de suas respectivas UF para acompanhar o andamento da definição das linhas de pesquisa.\n\nConfira o investimento deliberado pelo Ministério da Saúde, por meio do Decit, e as linhas de pesquisa já definidas para cada UF:\n\nAcre\n\nConfira as linhas de pesquisa no siteFundação de Amparo à Pesquisa do Acre (FAPAC.\n\nAlagoas\n\nConfira as linhas de pesquisa no site daFundação de Amparo à Pesquisa do Estado de Alagoas (FAPEAL).\n\nAmapá\n\nConfira as linhas de pesquisa no site daFundação de Amparo à pesquisa do Estado do Amapá (FAPEAP).\n\nAmazonas\n\nConfira as linhas de pesquisa no site daFundação de Amparo à Pesquisa do Estado do Amazonas (FAPEAM).\n\nBahia\n\nConfira as linhas de pesquisa no site daFundação de Amparo à Pesquisa do Estado da Bahia (FAPESB).\n\nCeará\n\nConfira as linhas de pesquisa no site daFundação Cearense de Apoio ao Desenvolvimento Científico e Tecnológico (FUNCAP).\n\nDistrito Federal\n\nConfira as linhas de pesquisa no site daFundação de Apoio à Pesquisa do Distrito Federal (FAPDF).\n\nEspírito Santo\n\nConfira as linhas de pesquisa no site daFundação de Amparo à Pesquisa e Inovação do Espírito Santo (FAPES).\n\nGoiás\n\nConfira as linhas de pesquisa no site daFundação de Amparo à Pesquisa do Estado de Goiás (FAPEG).\n\nMaranhão\n\nConfira as linhas de pesquisa no site daFundação de Amparo à Pesquisa e ao Desenvolvimento Científico e Tecnológico do Maranhão (FAPEMA).\n\nMato Grosso\n\nConfira as linhas de pesquisa no site daFundação de Amparo à Pesquisa do Estado de Mato Grosso (FAPEMAT).\n\nMato Grosso do Sul\n\nConfira as linhas de pesquisa no site daFundação de Apoio ao Desenvolvimento do Ensino, Ciência e Tecnologia do Estado de Mato Grosso do Sul (FUNDECT).\n\nMinas Gerais\n\nConfira as linhas de pesquisa no site daFundação de Amparo à Pesquisa do Estado de Minas Gerais (FAPEMIG).\n\nPará\n\nConfira as linhas de pesquisa no site daFundação Amazônia de Amparo à Estudos e Pesquisas do Pará (FAPESPA).\n\nParaíba\n\nConfira as linhas de pesquisa no site daFundação de Apoio à Pesquisa do Estado da Paraíba (FAPESQ).\n\nParaná\n\nConfira as linhas de pesquisa no site daFundação Araucária de Apoio ao Desenvolvimento Científico e Tecnológico do Estado do Paraná (FA).\n\nPernambuco\n\nConfira as linhas de pesquisa no site daFundação de Amparo à Ciência e Tecnologia do Estado de Pernambuco (FACEPE).\n\nPiauí\n\nConfira as linhas de pesquisa no site daFundação de Amparo à Pesquisa do Estado do Piauí (FAPEPI).\n\nRio de Janeiro\n\nConfira as linhas de pesquisa no site daFundação Carlos Chagas Filho de Amparo à Pesquisa do Estado do Rio de Janeiro (FAPERJ).\n\nRio Grande do Norte\n\nConfira as linhas de pesquisa no site daFundação de Amparo e Promoção da Ciência, Tecnologia e Inovação do Rio Grande do Norte (FAPERN).\n\nRio Grande do Sul\n\nConfira as linhas de pesquisa no site daFundação de Amparo à Pesquisa do Estado do Rio Grande do Sul (FAPERGS).\n\nRondônia\n\nConfira as linhas de pesquisa no site daFundação de Amparo ao Desenvolvimento das Ações Científicas e Tecnológicas e à Pesquisa do Estado de Rondônia (FAPERO).\n\nRoraima\n\nConfira as linhas de pesquisa no site daFundação de Amparo à Pesquisa do Estado de Roraima (FAPERR).\n\nSanta Catarina\n\nConfira as linhas de pesquisa no site daFundação de Amparo à Pesquisa e Inovação do Estado de Santa Catarina (FAPESC).\n\nSão Paulo\n\nConfira as linhas de pesquisa no site daFundação de Amparo à Pesquisa do Estado de São Paulo (FAPESP).\n\nSergipe\n\nConfira as linhas de pesquisa no site daFundação de Apoio à Pesquisa e à Inovação Tecnológica do Estado de Sergipe (FAPITEC).\n\nTocantins\n\nConfira as linhas de pesquisa no site daFundação de Amparo à Pesquisa do Tocantins (FAPT)."
}