{
    "url": "https://www.gov.br/saude/pt-br/assuntos/noticias/2024/dezembro/acao-integrada-visa-controlar-parasitoses-intestinais-e-hanseniase-no-territorio-yanomami",
    "titulo": "Ação integrada visa controlar parasitoses intestinais e hanseníase no Território Yanomami",
    "descricao": "Além das ações em campo, projeto prevê análise laboratorial e capacitação de técnicos locais para promover a sustentabilidade das intervenções",
    "subtitulo": "SAÚDE INDÍGENA",
    "categoria": "Saúde e Vigilância Sanitária",
    "autora": "Leidiane SouzaMinistério da Saúde",
    "tags": [
        "saúde indígena",
        "vigilância em saúde e ambiente",
        "parasitoses intestinais",
        "hanseníase"
    ],
    "data_publi": "03/12/2024",
    "texto": "O Polo Base Auaris, no territórioYanomami, em Roraima, foi definido como ponto central para a implementação de um Plano Estratégico de Vigilância e Controle das Parasitoses Intestinais e Hanseníase. A ação, liderada pelaSecretaria de Saúde Indígena (Sesai), em parceria com aSecretaria de Vigilância em Saúde e Ambiente (SVSA)e o Médicos Sem Fronteiras (MSF), tem como objetivo combater problemas de saúde pública que impactam diretamente as comunidades locais, especialmente crianças menores de cinco anos e gestantes.\n\nAlém da Sesai, do Departamento de Doenças Transmissíveis da SVSA e do MSF, também participaram da ação oDistrito Sanitário Especial IndígenaYanomami eYe'kwana(DSEI/YY), a Universidade de Brasília (UnB) e a Universidade Federal de Roraima (UFRR).\n\nO projeto surgiu diante da alta prevalência de geo-helmintíases (grupo de doenças parasitárias intestinais), um problema crítico na região, que pode causar desnutrição, anemia e outros impactos na saúde infantil. Ahanseníase, considerada uma doença negligenciada, também foi incorporada ao plano, com ações de triagem e testes rápidos para mapear o perfil epidemiológico do território.\n\nDe acordo com Pedro Falcão, sanitarista da Coordenação-Geral de Vigilância da Hanseníase e Doenças em Eliminação da SVSA (CGHDE) e coordenador técnico do projeto, os resultados iniciais da ação são promissores. Segundo Falcão, além da redução das parasitoses intestinais, houve uma melhoria no estado nutricional das crianças atendidas e no bem-estar geral das comunidades. “A construção de um perfil epidemiológico representa um avanço significativo para a saúde indígena nessa região, possibilitando a formulação de políticas voltadas para as doenças tropicais negligenciadas mais direcionadas e efetivas”, pontuou.\n\nFalcão ressalta ainda que, com a continuidade do projeto de intervenção da vigilância e sua expansão para outras áreas, a expectativa é que mais comunidades sejam beneficiadas, promovendo não apenas melhorias na saúde, mas também no desenvolvimento sustentável da região.\n\nO projeto foi iniciado em julho deste ano, com reuniões técnicas para planejamento e definição de abrangência, capacidade técnica e logística. A equipe multidisciplinar contou com seis profissionais de diferentes especialidades, incluindo duas biólogas, um médico dermatologista, uma pediatra, um farmacêutico e um sanitarista.\n\nEm novembro, a equipe visitou 14 comunidades de Auaris, promovendo acolhimento e executando intervenções essenciais, como cadastro, medidas antropométricas, coleta de amostras de fezes, tratamento antiparasitário comalbendazol, triagem de doenças de pele e aplicação de testes rápidos de hanseníase.\n\nA próxima fase do plano está prevista para fevereiro e março de 2025, com expansão para novas áreas do Polo Base Auaris e qualificação dos profissionais locais com base nos resultados.\n\nAlém da execução das ações em campo, o projeto prevê atividades complementares, como análise laboratorial das amostras fecais na UFRR e a capacitação de técnicos locais para fortalecer a vigilância em saúde e promover a sustentabilidade das intervenções. Um curso de formação sobre o enfrentamento da malária também deverá ser realizado, complementando os esforços para melhorar a saúde pública nas comunidades Yanomami."
}