{
    "url": "https://www.gov.br/saude/pt-br/assuntos/noticias/2024/julho/governo-federal-entrega-280-novas-ambulancias-para-a-frota-do-samu-192",
    "titulo": "Governo federal entrega 280 novas ambulâncias para a frota do SAMU 192",
    "descricao": "Renovação da frota será possível com o investimento do Novo PAC, que nesta entrega soma R$ 89 milhões. Em quatro anos, cobertura nacional do serviço de urgência vai passar de 87,3% para 90,4% da população",
    "subtitulo": "MAIS ASSISTÊNCIA",
    "categoria": "Saúde e Vigilância Sanitária",
    "autora": "Ministério da Saúde",
    "tags": [
        "atenção especializada à saúde",
        "samu 192",
        "ambulâncias",
        "novo pac"
    ],
    "data_publi": "04/07/2024",
    "texto": "Serviço gratuito para assistência de urgência e emergência 24 horas, oSAMU 192vai ganhar reforço. Nesta quinta-feira (4), o presidente da República, Luiz Inácio Lula da Silva, e a ministra da Saúde, Nísia Trindade, entregaram 280 novas ambulâncias para 247 municípios de 24 estados. As unidades vão substituir veículos com sete anos de uso. A renovação da frota será possível com o investimento doNovo PAC, que nesta entrega soma R$ 89 milhões. Outras 25 Unidades de Suporte Básico serão entregues nos próximos dias.\n\nO Novo PAC na saúde vai possibilitar a universalização de serviços essenciais na rede pública, como é o caso do SAMU. O Ministério da Saúde estima que mais 6,6 milhões de pessoas passem a receber cobertura de emergência. Em quatro anos, a cobertura vai passar de 87,3% para 90,4% da população brasileira, ampliando o acesso a esse serviço que estava estagnado desde 2017.\n\nConfira as unidades por estado e município\n\nO Serviço de Atendimento Móvel de Urgência é um dos componentes da Política Nacional de Atenção às Urgências do Ministério da Saúde. O serviço pode ser acessado pelo número \"192\", que oferece orientações à população e envia veículos tripulados por equipes especializadas.\n\nEm 2023, o Ministério da Saúde ampliou em 30% os valores repassados para custeio do SAMU 192, o que representa um incremento de R$ 396 milhões por ano. Com o reajuste, o total destinado ao serviço passou de R$1,3 bilhão para R$1,7 bilhão. O aumento minimizou a sobrecarga nos municípios, uma forma de incentivar a universalização do serviço, que desde 2013 não recebiam atualização nos valores de custeio.\n\nO governo federal, na gestão do presidente Lula, está investindo um total R$ 30,5 bilhões na saúde por meio do Novo PAC, sendo R$ 11,6 bilhões na etapa atual de formalização. A maior parcela dos recursos está voltada ao enfrentamento de gargalos históricos na atenção primária e especializada, como o aumento de Unidades Básicas de Saúde, maternidades, policlínicas e Centros de Atenção Psicossocial.\n\nSomente no SAMU, R$ 770 milhões serão investidos até 2026, com prioridade para as regiões de maior vulnerabilidade social. Serão 850 novos veículos para expandir o serviço em todo o Brasil, além de 14 novas Centrais de Regulação.\n\nA solenidade de entrega das novas ambulâncias ocorreu em Salto (SP), 104 quilômetros distante da capital paulista, na sede da empresa habilitada a implantar tecnologias de atendimento nas viaturas de emergência.\n\nNa ocasião, a ministra da Saúde lembrou o papel desempenhado pelo SAMU 192 no atendimento à população. “É um dos programas mais bem avaliados pelo povo brasileiro, segundo as pesquisas. Um programa que tem como especialidade salvar vidas”, pontuou.\n\n“Nosso compromisso é modernizar em torno de 60% da frota do SAMU nos próximos anos. Temos atualmente ambulâncias com muito tempo de uso, algumas de 10 anos atrás”, disse Nísia. “Com novos equipamentos, podemos atender de forma adequada e segura as pessoas em todo o Brasil”, acrescentou, lembrando que o serviço de urgência conta hoje com 80 mil profissionais em atuação.\n\nO presidente Lula também reforçou que a assistência médica é prioridade para a atual gestão. “Tomamos a decisão de que o Estado brasileiro tem que assumir a responsabilidade de cuidar do seu povo. É para isso que criamos o SAMU, para dar conforto. Ninguém pode morrer por falta de assistência!”, alertou.\n\nPor fim, o advogado Edson Alexandrino, 30, morador de Salto, elogiou a entrega dos novos veículos, algo esperado na região. “A gente vive uma crise de saúde aqui em São Paulo, com uma epidemia forte de dengue e gripe. As ambulâncias e equipamentos atualizados para fazer esse serviço vai ajudar muito na questão de saúde pública” , ressaltou.\n\nPedra fundamental do Orion\n\nAinda nesta quinta-feira (4), o presidente Lula e a ministra Nísia participaram do lançamento da pedra fundamental do Orion. O complexo laboratorial receberá, até 2026, R$ 1 bilhão em investimentos por meio do Novo PAC. O projeto compreenderá instalações de alta e máxima contenção biológica inéditas na América Latina. Serão as primeiras do mundo conectadas a um acelerador de partículas, o Sirius. O lançamento visa reforçar a base produtiva nacional em saúde e o enfrentamento de eventuais epidemias."
}