{
    "url": "https://www.gov.br/saude/pt-br/assuntos/noticias/2024/marco/saiba-como-aderir-ao-sistema-eletronico-de-gestao-hospitalar-aghu",
    "titulo": "Saiba como aderir ao sistema eletrônico de gestão hospitalar AGHU",
    "descricao": "Veja o passo a passo de como acessar a comunidade da ferramenta desenvolvida pela Ebserh e adotada em 41 hospitais universitários do país",
    "subtitulo": "GESTÃO",
    "categoria": "Saúde e Vigilância Sanitária",
    "autora": "Ministério da Saúde",
    "tags": [
        "saúde digital",
        " gestão hospitalar ",
        "aghu",
        "sus digital"
    ],
    "data_publi": "07/03/2024",
    "texto": "Com o objetivo de otimizar os processos assistenciais e administrativos da gestão hospitalar, o Ministério da Saúde, em parceria com o Ministério da Educação, lançou, em fevereiro, um edital de chamamento público para a participação na comunidade do Aplicativo de Gestão para Hospitais Universitários (AGHU). Trata-se de um sistema de gestão hospitalar e prontuário eletrônico para uso gratuito no Sistema Único de Saúde (SUS), que já funciona há dez anos e é utilizado em toda a rede de 41 hospitais universitários federais da Empresa Brasileira de Serviços Hospitalares (Ebserh).\n\nBem avaliado pelos técnicos do Ministério da Saúde, o sistema é dividido em módulos como internação, registro do atendimento ambulatorial, estoque com rastreabilidade, exames, cirurgias, prontuário eletrônico, farmácia, dentre outros. Trata-se de uma oportunidade única de digitalizar e otimizar a gestão hospitalar. Mas como as instituições podem aderir à comunidade do sistema eletrônico e baixar o aplicativo AGHU? Leia abaixo.\n\nHá dois perfis de adesão disponíveis, cada um com requisitos e benefícios específicos. Veja a seguir o passo a passo:\n\nMembro Utilizador\n\nIdeal para:Instituições que desejam utilizar o sistema AGHU para melhorar a administração hospitalar.\n\nInstruções:\n\n1. Acesse:Inicie o processo de adesão visitandohttps://comunidade-aghu.ebserh.gov.br/login.\n\n2. Cadastro:Preencha o formulário de cadastro com os dados da instituição e do responsável pela adesão.\n\n3. Documentação:Anexe a documentação exigida, que inclui a comprovação da existência de um departamento ou setor de Tecnologia da Informação (TI) e da infraestrutura mínima de TI necessária.\n\n4. Submissão:Envie o formulário e aguarde o processo de avaliação.\n\nMembro Gestor\n\nIdeal para:Instituições que desejam não apenas utilizar o AGHU, mas também contribuir com o desenvolvimento e suporte do sistema.\n\nInstruções:\n\n1. Acesso ao Portal:Visitehttps://comunidade-aghu.ebserh.gov.br/loginpara começar.\n\n2. Preenchimento do Formulário:Forneça todas as informações solicitadas sobre a instituição e o representante.\n\n3. Envio de Documentos:Anexe a documentação que comprove os requisitos para o perfil de Membro Gestor, incluindo a equipe mínima de coordenação técnica e desenvolvimento e suporte ao AGHU.\n\n4.Finalização:Após preencher todos os campos e anexar os documentos necessários, finalize a inscrição e aguarde a avaliação.\n\nPara mais detalhes sobre o funcionamento da “Comunidade do AGHU”,leia o edital."
}