{
    "url": "https://www.gov.br/saude/pt-br/assuntos/noticias/2024/abril/saude-lanca-nota-tecnica-com-orientacoes-de-atendimento-a-migrantes-refugiados-e-apatridas",
    "titulo": "Saúde lança nota técnica com orientações de atendimento a migrantes, refugiados e apátridas",
    "descricao": "Material de boas práticas é inédito e voltado a gestores e profissionais de saúde. Nos últimos dez anos, mais de meio milhão de migrantes foram cadastrados na rede de atendimento",
    "subtitulo": "DIREITOS HUMANOS",
    "categoria": "Saúde e Vigilância Sanitária",
    "autora": "Laísa QueirozMinistério da Saúde",
    "tags": [
        "atenção primária",
        "orientações",
        "migrantes",
        "refugiados"
    ],
    "data_publi": "02/04/2024",
    "texto": "OSistema Único de Saúde (SUS)é universal e isso significa que todas as pessoas que o procuram devem ser atendidas - inclusive migrantes, refugiados e apátridas. Embora esse direito já seja garantido, o Ministério da Saúde acaba de lançar uma nota técnica para orientar gestores e profissionais da rede a oferecer o cuidado integral mais adequado a esse público.\n\n“É a primeira vez que publicamos um material com essas recomendações de boas práticas”, ressalta a coordenadora de Acesso e Equidade da pasta, Lilian Gonçalves. “A própria Constituição Federal já assegura o direito à saúde para todas as pessoas em território brasileiro. Porém, é importante instrumentalizar os municípios e os trabalhadores para que o atendimento ocorra de forma digna, bem planejada e sem qualquer barreira no acesso”, defende.\n\nA nota técnica é voltada, especialmente, para aatenção primária- a principal porta de entrada do SUS e organizadora de toda a rede. O documento apresenta ainda a legislação do país (e os documentos internacionais dos quais o Brasil é signatário) sobre saúde e migração, define o que caracteriza migrantes, refugiados, apátridas, vítimas de tráfico de pessoas e mostra dados atualizados. Segundo o Sistema de Informações em Saúde da Atenção Básica (Sisab), 512.517 migrantes foram cadastrados nas equipes da atenção primária de 2013 a 2023.\n\nRecomendações\n\nO documento incentiva gestores a estruturar diretrizes de acesso à saúde das pessoas migrantes, refugiadas e apátridas nos planos municipais e estaduais de saúde; promover atividades de educação permanente sobre migração e aspectos culturais para as equipes de saúde; fomentar o diálogo intersetorial e com organizações da sociedade civil; e disponibilizar recursos multilíngues, entre outras questões.\n\n“A língua costuma ser um dos principais dificultadores no acesso à saúde para quem não fala português. Por isso, o uso de aplicativos multilíngues e de tradução pelos profissionais de saúde, incluindo os agentes comunitários (ACS), é muito bem-vindo”, explica Lilian.\n\nConfira as principais orientações para as equipes de saúde:\n\nLeia a Nota Técnica"
}