{
    "url": "https://www.gov.br/saude/pt-br/assuntos/noticias/2024/setembro/secretario-de-atencao-especializada-diz-que-mitigar-efeitos-das-queimadas-e-prioridade",
    "titulo": "Secretário de Atenção Especializada diz que mitigar efeitos das queimadas é “prioridade”",
    "descricao": "Nesta quinta-feira (19), Adriano Massuda cumpriu agenda em Manaus (AM), onde se reuniu com gestores locais",
    "subtitulo": "QUEIMADAS",
    "categoria": "Saúde e Vigilância Sanitária",
    "autora": "Olavo DavidMinistério da Saúde",
    "tags": [
        "atenção especializada à saúde",
        "força nacional do sus",
        "queimadas",
        "mudanças climáticas"
    ],
    "data_publi": "20/09/2024",
    "texto": "O secretário deAtenção Especializadado Ministério da Saúde, Adriano Massuda, voltou a afirmar que o governo federal está concentrado na mitigação dos efeitos dasqueimadase da seca extrema na região Norte. Para ele, a situação desencadeou uma situação de “crise humanitária”, que isolou populações, comprometeu o acesso à água potável e colocou em risco a segurança alimentar.\n\nMassuda esteve pela segunda vez na região. Nesta quinta-feira (19), ele cumpriu agenda em Manaus, onde se reuniu com autoridades locais e disse que mitigar efeitos das queimadas é “prioridade”. No começo da semana, ele esteve em Rio Branco, capital acreana.\n\nNo Amazonas, mais de 600 comunidades indígenas e ribeirinhas estão completamente isoladas em função do baixo nível dos rios e da falta de acesso por terra ou ar, atingindo mais de 700 mil pessoas.\n\nCerca de 10% dos municípios amazonenses estão isolados, como Benjamin Constant, onde não há mais possibilidade de remoção de pacientes por via fluvial — a única forma de se chegar à cidade. A situação foi debatida entre Massuda e a secretária estadual de Saúde, Nayara Maksoud.\n\n“Estamos aqui a partir de um sobrevoo que o presidente Lula e a ministra Nísia fizeram sobre a região por causa da grande preocupação com a estiagem na região Norte. A ministra da Saúde determinou a mobilização daForça Nacional do SUS. Viemos entender melhor as questões e também conhecer a rede de assistência aqui do Amazonas”, comentou Massuda.\n\nForça Nacional do SUS\n\nO coordenador da Força Nacional do SUS, Rodrigo Stabeli, também esteve em Manaus. Estima-se que 75% das comunidades indígenas tenham sido atingidas e necessitem de socorro.\n\nA FN-SUS tem auxiliado na recomposição logística dos aparelhos de saúde, com foco naatenção primária– a principal porta de entrada do SUS, mas também na rede de saúde mental, no atendimento aeromédico e na identificação de gargalos na assistência à população.\n\nAumento de notificações\n\nAutoridades sanitárias amazonenses relataram que houve um aumento nas notificações de diarreia aguda, mas ainda não se pode confirmar que tenha ligação direta com a estiagem ou com asqueimadas.\n\nO fornecimento de oxigênio está assegurado pelas 32 usinas de gás espalhadas pelo estado. O fornecimento de insumos e medicamentos será garantido pelo Ministério da Saúde, inclusive com relação aos kits calamidade.\n\nA capacidade de resposta da rede para os desdobramentos da crise climática também foi avaliada na ocasião. O Hospital Delphina Aziz e o Centro Regulador do Amazonas, que gere as demandas de saúde estaduais, foram visitados.\n\nQueimadas\n\nO Ministério da Saúde tem prestado apoio a estados e municípios afetados pelas queimadas e pela seca extrema. O principal objetivo é monitorar a capacidade de assistência e elaborar planos de resposta em caso de emergência de saúde pública.\n\nAcesse a página da campanha \"Se tem fumaça, tem que ter cuidado\""
}