{
    "url": "https://www.gov.br/saude/pt-br/assuntos/noticias/2024/novembro/saude-investe-r-4-milhoes-em-apoio-ao-programa-pesquisa-para-o-sus-no-espirito-santo",
    "titulo": "Saúde investe R$ 4 milhões em apoio ao Programa Pesquisa para o SUS no Espírito Santo",
    "descricao": "Objetivo é selecionar projetos promovam a melhoria da qualidade da atenção à saúde no estado. Interessados podem submeter as propostas até quinta-feira (28)",
    "subtitulo": "CHAMADA PÚBLICA",
    "categoria": "Saúde e Vigilância Sanitária",
    "autora": "Ministério da Saúde",
    "tags": [
        "ciência e tecnologia em saúde",
        "gestão compartilhada",
        "pesquisa",
        "chamada pública"
    ],
    "data_publi": "26/11/2024",
    "texto": "O estado do Espírito Santo terá R$ 6,45 milhões em apoio a projetos de pesquisa. A seleção dos projetos será realizada por meio de uma chamada pública. O total do recurso destinado aos projetos é resultado de investimento de R$ 4 milhões do Ministério da Saúde, por meio doDepartamento de Ciência e Tecnologia (Decit), somados a um montante de R$ 1,85 milhão da Fundação de Amparo à Pesquisa e Inovação do Espírito Santo (Fapes) e mais R$ 600 mil do Fundo Estadual de Saúde, descentralizados para o Fundo Estadual de Ciência e Tecnologia – Funcitec.\n\nO objetivo da iniciativa é selecionar projetos de pesquisa científica, tecnológica e de inovação que promovam a melhoria da qualidade da atenção à saúde no Espírito Santo. As propostas podem ser submetidas por pesquisadores com título de doutor, em exercício efetivo da atividade de pesquisa em instituição de Ensino Superior ou pesquisa, pública ou privada sem fins lucrativos, localizada no estado do Espírito Santo, e devem ser submetidas por meio doSistema de Informação de Ciência e Tecnologia em Saúde (SISC&T)e da plataformaSigFapesaté o dia 28 de novembro de 2024.\n\nA ação ocorre no âmbito doPrograma Pesquisa para o SUS (PPSUS), uma iniciativa nacional que visa descentralizar o fomento à pesquisa em saúde, atendendo às necessidades específicas das Unidades Federativas e promovendo o desenvolvimento científico e tecnológico voltado para a melhoria das condições de saúde da população local, fortalecendo oSistema Único de Saúde (SUS). Com um investimento histórico de R$ 170,8 milhões em todo o país, esta edição do PPSUS é a mais ampla e inclusiva até o momento, dos quais R$ 6,45 milhões estão destinados ao Espírito Santo.\n\nDestinação\n\nOs recursos serão direcionados à aquisição de materiais e equipamentos e à implementação de bolsas de apoio aos projetos aprovados. Para definir as prioridades de pesquisa, foi realizada, no estado, aOficina de Prioridades de Pesquisa em Saúde (OPP), que envolveu profissionais de saúde, gestores e comunidade científica, além de representantes do Ministério da Saúde, da Secretaria de Estado da Saúde do Espírito Santo (SESA), do Instituto Capixaba de Ensino, Pesquisa e Inovação em Saúde (ICEPi) e da Fapes.\n\nOs projetos selecionados terão foco em áreas importantes da saúde pública, visando à equidade e qualidade dos serviços oferecidos pelo SUS. Entre os eixos temáticos definidos estão:\n\nO edital da chamada pública e maiores detalhes podem ser acessados nosite da Fapes"
}