{
    "url": "https://www.gov.br/saude/pt-br/assuntos/noticias/2024/agosto/ministerio-da-saude-reforca-acoes-de-combate-a-incendios-no-pais",
    "titulo": "Ministério da Saúde reforça ações de combate a incêndios no país",
    "descricao": "Em coletiva à imprensa, a diretora do Departamento de Vigilância em Saúde Ambiental e Saúde do Trabalhador, Agnes Soares, explicou as medidas que estão sendo adotadas para minimizar os impactos do desastre",
    "subtitulo": "VIGILÂNCIA",
    "categoria": "Saúde e Vigilância Sanitária",
    "autora": "Edjalma BorgesMinistério da Saúde",
    "tags": [
        "vigilância em saúde e ambiente",
        "qualidade do ar",
        "mudanças climáticas",
        "incêndios"
    ],
    "data_publi": "27/08/2024",
    "texto": "Diante do crescimento dos focos de incêndio no país, os Ministérios da Saúde e do Meio Ambiente, juntamente com a Secretaria de Proteção e Defesa Civil, concederam uma entrevista coletiva virtual nesta segunda-feira (26) para reforçar as ações de combate nos municípios atingidos.\n\nDurante a coletiva, a diretora do Departamento de Vigilância em Saúde Ambiental e Saúde do Trabalhador do Ministério da Saúde, Agnes Soares, explicou as medidas que estão sendo adotadas para minimizar os impactos desse desastre.\n\n“O Ministério da Saúde já vem tratando dessa questão há algum tempo. No dia 26 de julho, foi instituída pelo Ministério aSala de Situação Nacional de Emergências Climáticas em Saúde. Esse é um mecanismo de gestão coordenado com o intuito de prevenir e responder a emergências climáticas, não só em virtude de queimadas, mas também de enchentes, secas, e outras ocorrências climáticas em âmbito nacional”, lembrou Agnes.\n\nA Sala de Situação envolve todas as secretarias do Ministério da Saúde e diversas outras entidades, monitorando semanalmente as áreas sob influência da queima de biomassa e a saúde das populações atingidas, focando no plano de ação para mitigar os efeitos da exposição aos poluentes. Além disso, o Ministério da Saúde envia aos estados e ao Distrito Federal semanalmente oInforme Queimadas, com orientações e recomendações para evitar a exposição da população à fumaça intensa em consequência de queimadas, no âmbito daVigilância em Saúde Ambiental e Qualidade do Ar (VIGIAR).\n\nEm relação às queimadas, há um acompanhamento quinzenal das áreas afetadas, focado não apenas nos dados sobre focos de calor, mas principalmente na exposição à fumaça, que é o que mais afeta a saúde.\n\n“O monitoramento visa identificar as populações mais vulneráveis e orientar as secretarias estaduais e municipais de saúde, que relatam periodicamente a situação e ajudam no preparo e na mitigação dos efeitos conhecidos, como a inalação de fumaça. Mesmo longe dos focos de calor, pode haver problemas, pois a fumaça pode ser levada pelo vento e se atingir áreas distantes, o que é preocupante do ponto de vista da saúde”, acrescentou Agnes.\n\nAlém dos esforços conjuntos de combate ao fogo liderados pelo Ministério do Meio Ambiente e Mudança do Clima, o Ministério da Saúde monitora a situação dos incêndios pelo país em constante contato com os estados e municípios e disponibilizou aForça Nacional do Sistema único de Saúde (FN-SUS)para atuar caso seja solicitado pelos entes.\n\nO Ministério da Saúde recomenda as seguintes orientações para a população:\n\n- Buscar atendimento médico para atualizar seu plano de tratamento;- Manter medicamentos e itens prescritos pelo profissional médico disponíveis para o caso de crises agudas;- Buscar imediatamente atendimento médico se apresentar sinais ou sintomas de piora das condições de saúde após exposição à fumaça;\n\nPrevenção e combate\n\nOutras ações do governo federal para a prevenção e combate aos incêndios na Amazônia incluem a sanção em julho da Política Nacional de Manejo Integrado do Fogo, que será implementada em cooperação entre União, estados, municípios, sociedade civil e entidades privadas.\n\nO governo federal também aprovou R$ 293 milhões em recursos do Fundo Amazônia para Corpos de Bombeiros dos estados amazônicos. Já o Programa União com Municípios, destinará R$ 780 milhões para ações de combate ao desmatamento e incêndios florestais em 70 municípios prioritários na Amazônia."
}