{
    "url": "https://www.gov.br/saude/pt-br/assuntos/noticias/2024/agosto/fundo-nacional-de-saude-entenda-como-os-recursos-se-tornam-politicas-publicas",
    "titulo": "Fundo Nacional de Saúde: entenda como os recursos se tornam políticas públicas",
    "descricao": "Além de transferir valores, órgão federal orienta estados e municípios a planejarem e aplicarem os investimentos de maneira efetiva, transformando-os em serviços de saúde",
    "subtitulo": "INVESTIMENTO",
    "categoria": "Saúde e Vigilância Sanitária",
    "autora": "Vanessa RodriguesMinistério da Saúde",
    "tags": [
        "secretaria executiva",
        "fundo nacional de saúde",
        "financiamento",
        "políticas públicas"
    ],
    "data_publi": "12/08/2024",
    "texto": "Criado em 1969, peloDecreto  64.867, oFundo Nacional de Saúde (FNS)é o gestor financeiro dos recursos destinados a financiar as despesas correntes e de capital do Ministério da Saúde, bem como dos órgãos e entidades da administração direta e indireta, integrantes doSistema Único de Saúde (SUS).\n\nSob a orientação e a supervisão da Secretaria Executiva (SE) da pasta, o Fundo atua na execução orçamentária, financeira e contábil da gestão dos recursos, além de desenvolver mecanismos para disponibilizar informações para toda a sociedade relativas aos custeios, investimentos e financiamentos no âmbito do SUS.\n\nCom a missão de contribuir para o fortalecimento da cidadania, com a melhoria contínua do financiamento das ações de saúde, o FNS atua em seis eixos: gestão das fontes de arrecadação do SUS; transferências e devolução de recursos federais do SUS; execução orçamentária, financeira e contábil dos recursos; transparência na gestão da verba e disponibilização de informações para sociedade; cooperação técnica com estados e municípios para o financiamento em saúde; e análise técnica e econômica de investimentos em saúde.\n\n“O Fundo não só envia o recurso. Ele envia ações e serviços de saúde”, explica Dárcio Guedes Júnior, diretor-executivo do FNS.\n\nCaminho do financiamento\n\nOs recursos destinados ao SUS são advindos da União (seguridade social e impostos), dos estados, municípios e Distrito Federal (arrecadação própria de impostos e recursos passados pelo Ministério da Saúde). Eles são estabelecidos de acordo com o Plano Plurianual (PPA), a Lei de Diretrizes Orçamentárias (LDO) e a Lei Orçamentária Anual (LOA).\n\nApós essa definição, os valores passam pela segunda fase do financiamento: planejamento. Como instrumento dessa etapa, o Fundo Nacional de Saúde conta com a União, estados e municípios através dos planos de saúde de cada região e com a Programação Anual da Saúde.\n\nCom o planejamento definido, o Fundo realiza as transferências para estados e municípios, estabelecendo o modelo tripartite. Após a transferência, inicia-se a execução da obra ou serviço solicitado. Após a execução da política pública, o FNS realiza o monitoramento do valor repassado, seja pelo relatório quadrimestral de prestação de contas, seja pelo Relatório Anual de Gestão (RAG).\n\nEm resumo, o financiamento federal da saúde pública é um processo que consiste nas etapas de planejamento dos investimentos, execução dos recursos federais e monitoramento da aplicação dos recursos públicos. “O FNS busca orientar os estados e municípios a fazerem novos projetos, garantir aaplicação eficiente dos recursos da União e monitorar o uso dos recursos e a comprovação dos gastos”, observa Dárcio.\n\nFerramentas de gestão de recursos\n\nO Fundo Nacional de Saúde busca aprimorar ferramentas para uso eficiente dos recursos voltados para o SUS. “O Fundo disponibiliza 14 ferramentas para os gestores e profissionais que atuam no financiamento da saúde pública. O objetivo é gerar aproximação, conexão e orientação aos entes”, explica Dárcio.Entre as ferramentas, estão:\n\nAlém da disponibilização das ferramentas, o FNS realiza publicações anuais com atualizações sobre programas prioritários e valores da participação da União no financiamento das ações e serviços de saúde. O órgão oferece, também, orientações aos gestores sobre formas de acessar os recursos.  “O conhecimento é importante para que haja efetivação das políticas públicas. Conhecendo o financiamento em saúde, a gente salva mais vidas”, finaliza Dárcio."
}