{
    "url": "https://www.gov.br/saude/pt-br/assuntos/noticias/2024/novembro/brasilia-sedia-evento-nacional-sobre-saude-do-trabalhador-e-da-trabalhadora",
    "titulo": "Brasília sedia evento nacional sobre saúde do trabalhador e da trabalhadora",
    "descricao": "Encontro, organizado pelo Ministério da Saúde, visa a promoção e a proteção da saúde da população trabalhadora e a redução da morbimortalidade decorrente dos processos produtivos",
    "subtitulo": "RENASTTÃO",
    "categoria": "Saúde e Vigilância Sanitária",
    "autora": "Daniel ZimmermannMinistério da Saúde",
    "tags": [
        "vigilância em saúde e ambiente",
        "saúde do trabalhador",
        "doenças do trabalho"
    ],
    "data_publi": "04/11/2024",
    "texto": "Já está disponível a programação do12º Encontro da Rede Nacional de Atenção Integral à Saúde do Trabalhador e da Trabalhadora (Renasttão). O evento acontece de terça-feira (5) a quinta (7), em Brasília. São esperadas 350 pessoas de todo país e mais de 2 mil participações virtuais. Até hoje (4), é possível fazerinscriçãopara acompanhar a transmissão ao vivo das atividades.\n\nO Renasttão é organizado pelo Ministério da Saúde, por meio daSecretaria de Vigilância em Saúde e Ambiente (SVSA). O tema deste ano é “Saúde, Trabalho e Equidade: construindo um futuro justo”. A programação inclui palestras, oficinas, rodas de diálogo, premiação de trabalhos selecionados na3ª Mostra de Vigilância em Saúde do Trabalhador do SUS, além de um espaço dedicado à obra do diretor Beto Novaes, cujos documentários retratam a realidade do trabalho no Brasil.\n\n“Trata-se de um dos encontros mais potentes da área porque reúne atores fundamentais para execução e efetivação de políticas e ações de saúde do trabalhador”, explica o coordenador-geral de vigilância em Saúde do Trabalhador, Luís Henrique da Costa Leão. “É um espaço de muito diálogo, reflexão e troca de experiências que ajudam a fortalecer as práticas e tecer a rede de saúde do trabalhador e da trabalhadora”.\n\nConfira a programaçãodo 12º Renasttão\n\nO evento é voltado para representantes deCentros de Referência em Saúde do Trabalhador (Cerests), Comissões Intersetoriais de Saúde do Trabalhador e da Trabalhadora (CISTT), pesquisadores e representantes de movimentos sociais e trabalhistas.\n\nPreparação para a 5ª Conferência Nacional\n\nNesta edição, o 12º Renasttão atua como etapa preparatória para a5ª Conferência Nacional de Saúde do Trabalhador e da Trabalhadora (5ª CNSTT), que acontecerá em agosto de 2025 e terá como tema “A Saúde do Trabalhador e da Trabalhadora como Direito Humano”. A 5ª CNSTT representa uma oportunidade histórica para a sociedade discutir e propor linhas de ação e fortalecer as políticas públicas de saúde voltada para a população trabalhadora.\n\nAvanços na saúde do trabalhador\n\nO 12º Renasttão e a 5ª CNSTT marcam um momento especial de reconstrução e conquistas no campo da Saúde do Trabalhador. Este ano, o Ministério da saúdemajorou em 100% os recursos destinados aos Cerests estaduais e regionais de todo o país- o primeiro reajuste em 20 anos. Também publicou asDiretrizes de Vigilância em Saúde do Trabalhador Brigadista Florestaleintensificou as ações de vigilância e de apoio à Rede Nacional de Atenção Integral à Saúde do Trabalhador e da Trabalhadora (Renastt)durante a emergência climática das queimadas e seca extrema. Em 2023, a pasta habilitou 11 novos Cerests e atualizou aLista de Doenças Relacionadas ao Trabalho (LDRT), inserindo 165 novas patologias que afetam a população trabalhadora no Brasil. A LDRT estava há mais de 24 anos sem revisão.\n\n“O Renasttão é estratégico nesse momento para avançarmos ainda mais na área e na construção das etapas da 5ª CNSTT, que representará um grande marco na história da saúde do trabalhador e da trabalhadora”, conclui o coordenador-geral."
}