{
    "url": "https://www.gov.br/saude/pt-br/assuntos/noticias/2024/setembro/ministerio-da-saude-inicia-campanha-de-vacinacao-contra-a-gripe-na-regiao-norte",
    "titulo": "Ministério da Saúde inicia campanha de vacinação contra a gripe na Região Norte",
    "descricao": "Iniciativa atende particularidades climáticas da região, como o início do “Inverno Amazônico”. Estimativa é que 6,5 milhões de pessoas sejam imunizadas",
    "subtitulo": "VACINAS SALVAM VIDAS",
    "categoria": "Saúde e Vigilância Sanitária",
    "autora": "Ministério da Saúde",
    "tags": [
        "vigilância em saúde e ambiente",
        "programa nacional de imunizações",
        "influenza",
        "região norte"
    ],
    "data_publi": "04/09/2024",
    "texto": "A vacinação contra a gripe nos estados da região Norte teve início nesta segunda-feira (2). Para convocar a população a atualizar a caderneta, o Ministério da Saúde está veiculando uma campanha publicitária na TV aberta, rádio, carro e barco som, outdoor social e internet, nos sete estados da região: Acre, Amapá, Amazonas, Pará, Rondônia, Roraima e Tocantins. A estimativa é que 6,5 milhões de pessoas sejam imunizadas.\n\nSaiba mais sobre a campanha de vacinação contra a gripe na região Norte\n\nEm 2023, o Ministério da Saúde mudou a estratégia de imunização, tradicionalmente realizada entre os meses de abril e maio, para atender às particularidades climáticas da região, que inicia nesta época do ano o “Inverno Amazônico”. Este é o período de maior circulação viral e de transmissão dagripe.\n\nA vacina utilizada é trivalente, ou seja, apresenta três tipos de cepas de vírus em combinação, protegendo contra os principais vírus em circulação no Brasil. Cada município, em todos os estados da região, realizará o seu próprio Dia D de mobilização.\n\nO Ministério da Saúde reforça que a vacina influenza pode ser administrada na mesma ocasião de outros imunizantes doCalendário Nacional de Vacinação. Crianças que vão receber o imunizante pela primeira vez deverão tomar duas doses, com um intervalo de 30 dias.\n\nEntre os sinais e sintomas mais comuns estão coriza, febre, tosse, dor de garganta, dor de cabeça e dor no corpo. O Ministério da Saúde reforça a importância de manter a caderneta de vacinação atualizada e procurar uma unidade de saúde em caso de agravamento dos sintomas.\n\nPodem se vacinar:\n\nMicroplanejamento\n\nA vacinação contra a influenza foi realizada no primeiro semestre do ano nas regiões Nordeste, Centro-Oeste, Sudeste e Sul. Na região Norte, começa no segundo semestre.\n\nA estratégia de microplanejamento, realizada pelo Ministério da Saúde em conjunto com os estados e municípios, é uma ferramenta de planejamento de uso contínuo das ações devacinaçãotanto em campanhas quanto na rotina de vacinação. Ela visa fortalecer e ampliar o acesso à vacinação, respeitando as diversidades regionais, em que a organização e a operacionalização consideram a realidade local, direcionando esforços para o alcance da cobertura vacinal.\n\nEntre as estratégias que podem ser adotadas com o microplanejamento pelos municípios, estão a realização do Dia D de vacinação, busca ativa de não vacinados, vacinação nas escolas, vacinação para além das unidades de saúde, checagem da caderneta de vacinação e intensificação da vacinação em áreas indígenas, entre outros."
}