{
    "url": "https://www.gov.br/saude/pt-br/assuntos/noticias/2024/agosto/desafios-e-estrategias-para-operacionalizar-a-integracao-entre-ensino-servicos-e-comunidade-e-tema-de-oficina",
    "titulo": "Desafios e estratégias para operacionalizar a integração entre ensino, serviços e comunidade é tema de oficina",
    "descricao": "Iniciativa do ministério busca fortalecer o Contrato Organizativo de Ação Pública Ensino Saúde (COAPES) nos territórios",
    "subtitulo": "FORMAÇÃO EM SAÚDE",
    "categoria": "Saúde e Vigilância Sanitária",
    "autora": "Ministério da Saúde",
    "tags": [
        "trabalho e educação na saúde",
        "ensino",
        "serviço",
        "comunidade"
    ],
    "data_publi": "14/08/2024",
    "texto": "O Ministério da Saúde, por meio daSecretaria de Gestão do Trabalho e da Educação em Saúde (SGTES), promove aOficina Nacional do COAPES: Desafios e Perspectivas, nos dias 15 e 16 de agosto, em Brasília. O evento pretender reunir 60 convidados para debater os principais desafios e estratégias na implementação e operacionalização do Contrato Organizativo de Ação Pública Ensino Saúde (COAPES) – instrumento que favorece a pactuação entre Instituições de Ensino Superior (IES) e gestores municipais e estaduais de saúde para a disponibilização de campos de prática para estudantes da área.\n\nA iniciativa busca fortalecer a integração ensino-serviço-comunidade nos territórios, por facilitar a troca de experiências entre gestores, profissionais de saúde, acadêmicos e representantes de IES, além de melhorar a articulação e o engajamento das diversas atrizes e atores envolvidos no COAPES, promovendo a construção coletiva e colaborativa das propostas. A oficina nacional é um movimento inicial para as discussões sobre o COAPES que vão acontecer em todas as regiões do país com aCaravana FormaSUS.\n\nIntegrantes das secretarias do Ministério da Saúde  e Ministério da Educação, Fundação Oswaldo Cruz (Fiocruz), Comissões Permanentes de Integração Ensino-Serviço (CIES), Conselho Nacional de Saúde (CNS), Conselho Nacional de Secretários de Saúde (Conass), Conselho Nacional de Secretarias Municipais de Saúde (Conasems), Organização Pan-Americana da Saúde (Opas) e Escolas de Saúde do SUS participam do evento.\n\nEnsino-serviço-comunidade\n\nO COAPES é um dispositivo ofertado a atrizes e atores doSUSe da Educação Superior que propõe operacionalizar processos de negociação, tomada de decisão e contratualização de ações que materializam a integração ensino-serviço-comunidade.\n\nParticipam do COAPES gestores municipais e estaduais do SUS interessados em ofertar a sua rede enquanto campo de prática para estudantes de graduação ou residência. Fazem parte também as instituições de ensino que possuem cursos de graduação na área da saúde e programas de residência médica e multiprofissional interessadas em discutir e qualificar a inserção de estudante na rede e a integração ensino e serviço."
}