{
    "url": "https://www.gov.br/saude/pt-br/assuntos/noticias/2024/dezembro/ministerio-da-saude-reforca-parceria-com-o-conselho-de-enfermagem-para-fortalecer-imunizacao",
    "titulo": "Ministério da Saúde reforça parceria com o Conselho de Enfermagem para fortalecer imunização",
    "descricao": "Reunião com o Cofen destacou a importância do protagonismo da enfermagem no contexto da vacinação e combate a desinformação",
    "subtitulo": "RECONHECIMENTO",
    "categoria": "Saúde e Vigilância Sanitária",
    "autora": "João MoraesMinistério da Saúde",
    "tags": [
        "vigilância em saúde e ambiente",
        "enfermagem",
        "imunização",
        "desinformação"
    ],
    "data_publi": "11/12/2024",
    "texto": "Na segunda-feira (9), o Ministério da Saúde reforçou a parceira com o Conselho Federal de Enfermagem (Cofen), durante a 572ª reunião ordinária do grupo, em Brasília. Na oportunidade, a secretária deVigilância em Saúde e Ambiente (SVSA), Ethel Maciel, destacou a importância da atuação dos enfermeiros no aumento das coberturas vacinais do Brasil.\n\nA secretária ressaltou os progressos no combate ao câncer de colo de útero, com a ampliação da vacinação contra oHPV.Desde o início da gestão, a vacinação contra o HPV foi colocada como prioridade. Em 2023, a pasta alcançou um aumento de 40% nas doses aplicadas na vacinação de meninas contra o vírus. Contudo, Ethel Maciel enfatizou que o grande desafio ainda é atingir a cobertura vacinal entre os meninos. “Estamos próximos de alcançar a meta de 90% de cobertura vacinal entre meninas e meninos contra o HPV. Se conseguirmos, teremos, pela primeira vez, uma geração livre do câncer de colo de útero. Esse é um objetivo possível, e contamos com o apoio da enfermagem para alcançar essa meta”, destacou.\n\nA reunião destacou, principalmente, a importância do protagonismo da enfermagem no Brasil, sobretudo no contexto da vacinação. Os presentes destacaram a necessidade de reforçar a qualificação dos vacinadores e de reformular a grade curricular dos cursos de enfermagem, visando a atualização contínua da categoria. Além disso, ressaltou-se a importância de reconhecer a enfermagem como uma referência em competência e cuidado.\n\nEthel Maciel também abordou um dos maiores desafios atuais enfrentados pela Saúde: a desinformação sobre as vacinas. A secretária reconheceu que as campanhas de vacinação, apesar de amplamente bem-sucedidas, precisam enfrentar uma crescente onda defake newse teorias antivacinas que têm gerado insegurança em parte da população. “A desinformação é um obstáculo sério para atingirmos as metas de vacinação no Brasil. Precisamos de um esforço conjunto para combater as notícias falsas, proporcionando à população informações claras, precisas e baseadas em evidências científicas. É fundamental que todos, especialmente os profissionais de saúde, ajudem a disseminar o conhecimento correto sobre a segurança e a eficácia das vacinas”, destacou Ethel.\n\nA secretária lembrou ainda que a enfermagem desempenha um papel fundamental na luta contra a desinformação. “Os profissionais de enfermagem estão nas linhas de frente, sendo o primeiro ponto de contato com a população. Por isso, é fundamental que a enfermagem também esteja preparada para responder às dúvidas, dissipar os mitos e fortalecer a confiança da população nas vacinas”, acrescentou.\n\nAlém das ações relacionadas à vacinação, a secretária também apresentou oPlano de Açãodo ministério para redução da dengue e outras arboviroses. Construído de forma coletiva, o plano determina a atualização frequente dos profissionais de saúde, como os enfermeiros, para diagnóstico e tratamento oportuno da dengue, evitando a evolução para casos graves e óbitos."
}