{
    "url": "https://www.gov.br/saude/pt-br/assuntos/noticias/2024/outubro/ministerio-da-saude-qualifica-os-apoiadores-estaduais-do-programa-mais-acesso-a-especialistas",
    "titulo": "Ministério da Saúde qualifica os apoiadores estaduais do Programa Mais Acesso a Especialistas",
    "descricao": "Representantes do programa nos estados participam de encontro em Brasília para aprimorar as estratégias de expansão e oferta de consultas e procedimentos especializados no SUS",
    "subtitulo": "MENOS FILAS",
    "categoria": "Saúde e Vigilância Sanitária",
    "autora": "Edjalma BorgesMinistério da Saúde",
    "tags": [
        "atenção especializada à saúde",
        "mais acesso a especialistas",
        "qualificação",
        "saúde da família"
    ],
    "data_publi": "10/10/2024",
    "texto": "O Ministério da Saúde deu mais um passo importante para ampliar a oferta de consultas, exames e outros procedimentos diagnósticos e terapêuticos, com o objetivo de reduzir filas e tempos de espera noSistema Único de Saúde (SUS). A pasta da Saúde reúne, nesta quinta (10) e sexta-feira (11), em Brasília, apoiadores de todos os estados para uma oficina sobre oPrograma Mais Acesso a Especialistas (PMAE). A ideia é alinhar as diretrizes para melhoria do suporte nos territórios e assegurar a execução do programa em âmbito nacional.\n\nNa abertura do encontro, o diretor do Departamento de Atenção Especializada e Temática, Aristides Oliveira, destacou o papel dos apoiadores para o sucesso do PMAE. \"Temos inovações e desafios que exigem um debate organizado. O Ministério da Saúde está aqui para apoiar com uma equipe capacitada, em colaboração com estados e municípios. Contamos com vocês para essa missão, que requer energia, inovação e uma escuta atenta às demandas locais\", afirmou Aristides, representando Adriano Massuda, secretário daAtenção Especializada à Saúde (Saes).\n\nAlém dos apoiadores, o evento reúne representantes daSecretaria de Atenção Primária à Saúde (Saps); dos conselhos nacional de Secretários de Saúde (Conass) e de Secretarias Municipais de Saúde (Conasems); e da Organização Pan-Americana da Saúde (Opas). O encontro segue até amanhã, na capital federal.\n\nExpansão do acesso e qualificação do atendimento\n\nO principal objetivo do Mais Acesso a Especialistas é garantir que os pacientes do SUS tenham acesso a diagnósticos precisos, encaminhamentos adequados e tratamentos especializados quando necessário. A iniciativa busca facilitar o acesso e expandir a oferta desses serviços em todo o país, reforçando aPolítica Nacional de Atenção Especializada (PNAES).\n\nCada estado terá ao menos um apoiador, e aqueles de maior porte contarão com dois - para auxiliar na melhoria dos processos e na ampliação e qualificação dos serviços de atendimento ambulatorial especializado.\n\nExpectativas dos apoiadores\n\nOs apoiadores estaduais, com realidades distintas, compartilham o mesmo objetivo: garantir que os usuários do SUS recebam atendimento de qualidade em seus territórios.\n\nSimone Lopes, enfermeira e professora da Universidade Federal de Roraima, se mostrou otimista em relação à formação. \"Estamos fortalecendo a rede de atenção à saúde de forma colaborativa entre os estados. Trata-se de um modelo de atenção especializada que visa um acesso de melhor qualidade, algo que o Brasil necessita\", destacou.\n\nProfessor da Universidade Federal do Amapá, Valter de Souza Tavares, reforçou a importância da oficina para a implementação do programa em seu estado. “Minha expectativa é sair daqui bem preparado para assessorar as equipes locais na implementação da política do Mais Acesso a Especialistas, especialmente na região amazônica, onde enfrentamos desafios adicionais devido à extensão e dispersão populacional”, frisou.\n\nRodrigo Lages, médico veterinário e sanitarista do Rio de Janeiro, lembrou que é essencial alinhar as diretrizes do programa com as políticas de saúde locais. “Como apoiador oficial, espero sair deste encontro mais preparado para atuar nos territórios e fortalecer o PMAE no Rio de Janeiro, que possui 92 municípios com diferentes especificidades\", ensejou.\n\n\"Meu papel é fortalecer o diálogo entre os 224 municípios piauienses para garantir que essa política não só amplie o acesso dos pacientes, mas também seja devidamente executada.\", disse Meirylene dos Santos, enfermeira e representante do Piauí.\n\nO programa\n\nO  Mais Acesso a Especialistas, também chamado de Programa Nacional de Expansão e Qualificação da Atenção Ambulatorial Especializada, é uma estratégia da Política Nacional de Atenção Especializada em Saúde e tem como objetivo ampliar e qualificar o cuidado e o acesso à atenção especializada em saúde.O foco é tornar o acesso do paciente às consultas e aos exames especializados o mais rápido possível e com menos burocracia, a partir do encaminhamento realizado pelas equipes de atenção primária, por exemplo aEquipe de Saúde da Família - eSF.\n\nConheça o Programa Mais Acesso a Especialistas"
}