{
    "url": "https://www.gov.br/saude/pt-br/assuntos/noticias/2024/abril/entenda-como-o-papilomavirus-humano-hpv-pode-se-manifestar",
    "titulo": "Entenda como o papilomavírus humano (HPV) pode se manifestar",
    "descricao": "Na maioria dos casos, a infecção não dá sinais. Vacina do SUS oferece prevenção eficaz",
    "subtitulo": "PREVENÇÃO DO HPV",
    "categoria": "Saúde e Vigilância Sanitária",
    "autora": "Ministério da Saúde",
    "tags": [
        "atenção especializada à saúde",
        "vigilância em saúde e ambiente",
        "hpv",
        "vacina hpv"
    ],
    "data_publi": "15/04/2024",
    "texto": "Principal causa do câncer de colo de útero, também relacionado a mais outros cinco tipos de cânceres, a infecção pelopapilomavírus humano (HPV)não apresenta sinais ou sintomas na maioria das pessoas. Assim, o vírus acaba por ser transmitido de forma silenciosa, pelo fato de a pessoa desconhecer que contraiu a infecção. Em alguns casos, o HPV pode ficar latente de meses a anos, sem manifestar sinais visíveis ou apresentar manifestações subclínicas, isto é, detectáveis por exames.\n\nO HPV é uma infecção sexualmente transmissível. A transmissão se dá pelo toque direto com a pele ou com a mucosa infectada, que inclui contato oral-genital, genital-genital ou mesmo manual-genital. Também pode haver transmissão da mãe para o bebê durante o parto.\n\nApós a transmissão, as primeiras manifestações da infecção podem surgir, aproximadamente, entre dois e oito meses. Contudo, pode demorar até 20 anos para aparecer algum sinal. Os sintomas são mais comuns em gestantes e em pessoas com imunidade baixa. A diminuição da resistência do organismo pode desencadear a multiplicação do HPV e, consequentemente, provocar o aparecimento de lesões. Em mais de 90% dos casos, os sinais regridem espontaneamente.\n\nMais raramente, crianças que foram infectadas no momento do parto podem desenvolver lesões verrucosas nas cordas vocais e laringe.\n\nPrevenção\n\nPara a prevenção da transmissão por HPV, a Organização Mundial de Saúde (OMS) recomenda a prática sexual segura, incluindo educação para jovens e promoção do uso e fornecimento de preservativos para pessoas que já iniciaram atividade sexual. Contudo, a prevenção mais eficaz eficiente – indicada pela OMS – é a vacinação contra o HPV em pessoas com idade entre 9 e 14 anos, preferencialmente antes de se tornarem sexualmente ativas.\n\nDesde 2014, oSistema Único de Saúde (SUS)oferece a vacina HPV quadrivalente. Em 2024, o Ministério da Saúde atualizou o esquema de vacinação e adotou a dose única contra o papilomavírus humano. A estratégia busca intensificar a proteção contra o câncer de colo de útero e outras complicações associadas ao vírus e permite dobrar a capacidade de imunização com o estoque atual da pasta. Ressalta-se que a dose única será somente para os adolescentes de 9 a 14 anos, mantendo-se a recomendação para demais grupos, conformeNota técnica No 41/2024 – CGICI/DPNI/SVSA/MS.\n\nPodem se vacinar pelo SUS:"
}