{
    "url": "https://www.gov.br/saude/pt-br/assuntos/noticias/2024/maio/brasil-reune-26-paises-em-defesa-de-regulacao-dos-substitutivos-do-leite-materno",
    "titulo": "Brasil reúne 26 países em defesa de regulação dos substitutivos do leite materno",
    "descricao": "Ministério da Saúde brasileiro lidera iniciativa de regulamentar a comercialização digital dos produtos, buscando incorporação internacional. Proposta será apresentada em 2025 junto à OMS",
    "subtitulo": "AGENDA INTERNACIONAL",
    "categoria": "Saúde e Vigilância Sanitária",
    "autora": "Bianca LimaMinistério da Saúde",
    "tags": [
        "atenção primária",
        "ciência e tecnologia em saúde",
        "informação e saúde digital",
        "assembleia mundial da saúde"
    ],
    "data_publi": "30/05/2024",
    "texto": "Estima-se que o aleitamento seja capaz de diminuir em até 13% a morte de crianças menores de 5 anos em todo o mundo por causas preveníveis.Nesta quinta-feira (30), durante a programação da 77ª Assembleia Mundial da Saúde, o Brasil fez uma declaração conjunta em nome de 27 países, defendendouma resolução para regulamentar a comercialização digital de substitutivos do leite maternoe suaincorporação no Código Internacional.“Époderosaainfluência da comercialização de substitutivos do leite materno como uma barreira à amamentação.Estamos enfrentandoum desafio emergente”, disse o secretário Carlos Gadelha, representante brasileiro no evento da Organização Mundial da Saúde (OMS).\n\nO Brasil se posicionou favorável à pauta desde o início da assembleia.Naterça-feira (28), em agenda sobre medidas regulatórias para restringir areferidacomercialização digital, o Ministério da Saúde endossou as recomendações da OMSde que os bebês sejam alimentados apenas com leite materno nos primeirosseismeses de vida.A secretária de Informação e Saúde Digital, Ana Estela Haddad, reforçou que o Brasil vaiapresentar aresolução.“Este será um passofundamentalpara garantir o direito das crianças ao usufruto do mais elevado nível possível de nutrição e saúde”, disse.Oprojeto de resoluçãodeveráser apresentado na Assembleia Mundial da Saúdedo próximo ano.\n\nContrariamente às recomendações da OMS, menos de metade das crianças com menos de 6 meses de idade a nível mundial são amamentadas exclusivamente.“Em comparação, as vendas comerciais de fórmulas lácteas aumentaram para cerca deUS$55 milhões anualmente, com mais crianças a receberem fórmulas do quejamais visto”, pontuou a secretáriabrasileira.\n\n“A análise dos dados nacionais de 126 países revelou que as vendas estão inversamente associadas àamamentaçãono primeiroano de idade”, detalhou, complementando queos ambientes digitais estãose tornandoa fonte predominante de exposição à promoção de substitutivos do leite materno a nível mundial e o marketing digital amplificaoalcance eopoder da publicidade, influenciando pais a utilizarem seus produtos.\n\nFoto: Bianca Lima/Ascom MS\n\nAté 2030, oobjetivodo Brasil,estabelecido de acordo com a OMS,éatingir 70% das crianças menores de 6 meses em aleitamento materno exclusivo e 60% em aleitamento materno continuado até os 2 anos de idade.Hoje,apenas 45,8% das crianças brasileiras menores de 6 meses são amamentadas exclusivamente e 35,5% são amamentadas continuamente no segundo ano de vida.\n\nAamamentaçãoé a forma de proteção mais econômica e eficaz para redução da morbimortalidade infantil, com grande impacto nasaúde da criança, diminuindo a ocorrência de diarreias, afecções perinatais e infecções, principais causas de morte de recém-nascidos. Ao mesmo tempo, traz inúmeros benefícios para a saúde da mulher, como a redução das chances de desenvolver câncer de mama e de ovário.\n\nEm 1981, a Assembleia Mundial da Saúde adotou o Código de Comercialização de Substitutos do Leite Materno para proibir todas as formas de promoção de substitutivos, reconhecendoos riscos para a saúdedo bebêintroduzidos pelo uso desnecessário e impróprio desse tipo de produto.\n\nSegundo pesquisas, nenhuma outra estratégia isolada alcança o impacto que a amamentação tem na redução das mortes de crianças nessa faixa etária.“Tal como tem sido o desafio de regulamentar a comercialização de substitutivos do leite materno há mais de 40 anos, a regulamentação do marketing digital exige que a saúde e os direitos humanos das crianças e dos pais sejam colocados à frente dos interesses da indústria”, concluiu Ana Estela.\n\nA declaração conjunta feita pelo Brasil representa os seguintes países:\n\nArmênia, Bangladesh, Bélgica, Bolívia, Botsuana, Colômbia, República Dominicana, Equador, El Salvador, Guatemala, Honduras, Hungria, Indonésia, Jamaica, Quênia, México, Nicarágua, Panamá, Peru, Eslováquia, Eslovênia, África do Sul, Sri Lanka, Síria, Tailândia e Uruguai, além do Brasil."
}