{
    "url": "https://www.gov.br/saude/pt-br/assuntos/noticias/2024/abril/governo-federal-promove-acao-de-vacinacao-nas-escolas-para-criancas-e-adolescentes",
    "titulo": "Governo federal promove ação de vacinação nas escolas para crianças e adolescentes",
    "descricao": "Iniciativa dos ministérios da Saúde e Educação, pactuada com estados e municípios, faz parte do Programa Saúde na Escola e vai atualizar a caderneta de jovens com até 15 anos de idade",
    "subtitulo": "SAÚDE E EDUCAÇÃO",
    "categoria": "Saúde e Vigilância Sanitária",
    "autora": "Ministério da Saúde",
    "tags": [
        "vigilância em saúde e ambiente",
        "movimento nacional pela vacinação",
        "vacinação nas escolas"
    ],
    "data_publi": "03/04/2024",
    "texto": "Para atualizar a caderneta de crianças e adolescentes menores de 15 anos de idade com os imunizantes ofertados na multivacinação infantil, os Ministérios da Saúde e da Educação promoveram, nesta quarta-feira (3), uma ação doMovimento Nacional pela Vacinação na Comunidade Escolar. Vacinas contra apoliomielite,febre amarela,meningite ACWY, tríplice viral (sarampo,caxumbaerubéola) e oHPVsão alguns dos destaques para a faixa etária. O calendário da vacinação nas escolas segue até 19 de abril e faz parte doPrograma Saúde na Escola (PSE).\n\nOfertar a aplicação de doses no ambiente escolar é uma importante estratégia para retomar as altas coberturas vacinais, reduzir doenças imunopreveníveis e fortalecer o microplanejamento com base na realidade local. No ano passado, quase 4 mil cidades brasileiras adotaram a estratégia e viram resultados positivos, especialmente na vacina contra o HPV. Em 2023, foram aplicadas mais de 6,1 milhões de doses da vacina contra o papilomavírus humano. O número é o maior desde 2018 e representa um aumento de 42% em relação a 2022.\n\nEm 2023, entre as crianças com 1 ano de idade, os imunizantes contrahepatite A, poliomielite, pneumocócica, meningocócica,DTP(difteria, tétano e coqueluche) e tríplice viral 1ª dose e 2ª dose (sarampo, caxumba e rubéola) registraram crescimento. Também houve aumento na cobertura da vacina contra a febre amarela, indicada aos nove meses de idade. A alta foi registrada em todo o país.\n\nNeste ano, o Ministério da Saúde repassou R$ 150 milhões para estados e municípios como incentivo financeiro para custear ações de vacinação, incluindo a mobilização nas escolas. Além disso, os municípios receberam, no início de 2024, a parcela de 40% dos recursos da Portaria GM/MS nº 844/2023 para financiamento dessas atividades. A vacinação pode ou não ocorrer dentro do ambiente escolar, sendo uma escolha de cada gestor local.\n\nVacinação em escola do Distrito Federal\n\nComo parte das iniciativas que marcam o Movimento Nacional pela Vacinação na Comunidade Escolar, a ministra da Saúde, Nísia Trindade, visitou, na manhã desta quarta (3), o Centro de Ensino Fundamental 306 Norte, em Brasília. No evento, com a participação de diversas autoridades, vários alunos tiveram a oportunidade de se imunizar.\n\n“A escola sempre foi um lugar central para a promoção da saúde e assim continuará. Estamos fazendo um trabalho de recuperação da cobertura vacinal no Brasil e as escolas têm um papel muito importante nesse processo”, disse Nísia. “A todos nós que amamos nossas crianças e jovens, vamos vaciná-las”, acrescentou.\n\nA secretária de Educação Continuada, Alfabetização de Jovens e Adultos, Diversidade e Inclusão do Ministério da Educação, Zara Figueiredo, ressaltou a importância do Programa Saúde na Escola (PSE). “É motivo de muito orgulho para o nosso ministério participar desse momento. Gostaria de lembrar que o PSE cumpre um papel histórico e foi renovado pelo Ministério da Saúde. Ele proporciona não só a vacinação, mas atende as demandas da sociedade contemporânea como, por exemplo, a saúde mental de nossos estudantes”, salientou.\n\nJá o diretor da escola, Pedro Seabra, chamou a atenção para a importância da imunização e a valorização da vida. “Quando se nega a vacina, esta ação contribui negativamente para a coletividade. Nós precisamos reconstruir a confiança na escola , na ciência e, sobretudo, na vida”, enfatizou.\n\nAdesão recorde ao Programa Saúde na Escola\n\nEm 2023, o governo federal ampliou políticas que não foram abordadas pela gestão anterior, retomando temáticas como prevenção de violências e acidentes, promoção da cultura de paz e direitos humanos, saúde sexual e reprodutiva, além de prevenção deHIV/ISTnas escolas. O Ministério da Saúde destinou mais de R$ 90 milhões para os municípios que aderiram ao PSE. O ciclo 2023/2024 alcançou recorde histórico de adesões, com 99% das cidades brasileiras habilitadas ao recebimento do recurso.\n\nO programa foi criado em 2007 e é resultado de uma parceria entre os ministérios da Saúde e da Educação. As duas políticas voltadas às crianças, adolescentes, jovens e adultos da educação pública brasileira se unem para promover saúde e educação integral. É uma estratégia para o desenvolvimento da cidadania e da qualificação das políticas públicas brasileiras, que busca melhorar a saúde dos educandos, reduzir a evasão escolar e a intermitência de frequência por problemas de saúde, além de reforçar os compromissos e pactos estabelecidos por ambos os setores.\n\nConheça a ação de Vacinação nas Escolas do Movimento Nacional pela Vacinação\n\nConheça a estratégia de Vacinação na Escola"
}