{
    "url": "https://www.gov.br/saude/pt-br/assuntos/noticias/2024/setembro/forca-nacional-do-sus-se-reune-com-municipios-de-rondonia-para-reforcar-acoes-contra-as-queimadas",
    "titulo": "Força Nacional do SUS se reúne com municípios de Rondônia para reforçar ações contra as queimadas",
    "descricao": "Cidades do Cone Sul vão apresentar planos de contingência com suas realidades e os impactos da seca na saúde para que se defina a resposta à emergência",
    "subtitulo": "SECA EXTREMA",
    "categoria": "Saúde e Vigilância Sanitária",
    "autora": "Edjalma BorgesMinistério da Saúde",
    "tags": [
        "atenção especializada à saúde",
        "força nacional do sus",
        "mudanças climáticas",
        "queimadas"
    ],
    "data_publi": "25/09/2024",
    "texto": "Para discutir os impactos dasqueimadasna saúde da população de Rondônia e definir estratégias de enfrentamento, equipes daForça Nacional do Sistema Único de Saúde (FN-SUS)se reuniram, nesta quarta-feira (25), em Vilhena, com representantes da secretaria de saúde do estado e dos municípios de Cabixi, Colorado do Oeste, Pimenteiras do Oeste, Corumbiara e Chupinguaia, além de representantes de comunidades indígenas do polo base de Vilhena. Trata-se dos municípios do Cone Sul de Rondônia.\n\nO encontro teve como objetivo fortaleceras ações do Ministério da Saúde para proteger as comunidades afetadas, com foco especial nas populações em situação de maior vulnerabilidade como trabalhadores ao ar livre e indígenas.\n\nDurante a reunião, ficou acordado que os municípios apresentarão seus planos de contingência, detalhando suas realidades, os impactos na saúde local e a carência de insumos e equipamentos para que o apoio necessário possa ser definido.\n\nA principal preocupação está nos danos à saúde causados pela fumaça densa e com a garantia do abastecimento de água potável, especialmente nas áreas indígenas.\n\nAcesse a página da campanha \"Se tem fumaça, tem que ter cuidado\""
}