{
    "url": "https://www.gov.br/saude/pt-br/assuntos/noticias/2024/junho/dia-d-contra-a-poliomielite-acontece-neste-sabado-8-em-todo-o-brasil",
    "titulo": "Dia D contra a Poliomielite acontece neste sábado (8) em todo o Brasil",
    "descricao": "Expectativa da campanha é reduzir o número de crianças não vacinadas e reforçar medidas para a erradicação da doença",
    "subtitulo": "IMUNIZAÇÃO",
    "categoria": "Saúde e Vigilância Sanitária",
    "autora": "Ana FreireMinistério da Saúde",
    "tags": [
        "vigilância em saúde e ambiente",
        "saúde digital",
        "vacinação",
        "poliomielite"
    ],
    "data_publi": "07/06/2024",
    "texto": "Neste sábado (8), ocorre em todo o Brasil o Dia D contra aPoliomielite. Cidades de todo o país realizarão mutirões para reduzir o quantitativo de crianças não vacinadas e, assim, reforçar medidas para a erradicação da doença. A campanha deste ano foi lançada pelo Ministério da Saúde no último dia 27 de maio e vai até 14 junho. A meta de 2024 é imunizar, no mínimo, 95% do público-alvo – cerca de 13 milhões de crianças menores de 5 anos de idade.\n\nA secretária deVigilância em Saúde e Ambientedo Ministério da Saúde, Ethel Maciel, destaca a importância da imunização. “Graças à vacinação, a poliomelite não faz mais parte do nosso cenário epidemiológico, tendo o último caso confirmado em 1989. Embora tenhamos eliminado a doença em nosso país, ela ainda existe no mundo e por isso é muito importante que os pais levem seus filhos para tomar a vacina e garantir a saúde das crianças\", declarou.\n\nA secretária Ethel será uma das representantes da pasta no Dia D em Vitória (ES). Paralelamente, o diretor de Programa da secretaria, Rivaldo Cunha, estará no Rio de Janeiro e o diretor do Departamento do Programa Nacional de Imunizações (DPNI), Eder Gatti, em Belo Horizonte.\n\nCobertura vacinal\n\nEm 2022, 77% das crianças com menos de um ano receberam a dose da VIP (vacina inativada poliomielite). Já em 2023, o número saltou para 84,63%, de acordo com dados da Rede Nacional de Dados em Saúde (RNDS).\n\nDia da Imunização\n\nTambém neste final de semana, no dia 9 de junho, é celebrado o Dia da Imunização. A data faz referência à importância da vacinação em todas as etapas da vida, além de reforçar o benefício para a saúde coletiva.\n\nAtualmente, o DPNI do Ministério da Saúde oferta mais de 40 tipos de imunobiológicos noSistema Único de Saúde (SUS). NoCalendário Nacional de Vacinação, não só crianças, mas também adolescentes, adultos, idosos, gestantes e povos indígenas são contemplados com as doses.\n\nEm 2023, foi registrado um aumento nas coberturas vacinais de 13 dos 16 principais imunizantes do calendário infantil do SUS, em relação a 2022. O resultado, obtido com dados de todo o país, consolida a reversão da queda dos índices vacinais enfrentada pelo Brasil desde 2016.\n\nRecursos investidos\n\nO Ministério da Saúde autorizou, neste ano, um recurso adicional de R$ 150 milhões para a operacionalização da Estratégia de Vacinação nas Escolas, daCampanha Nacional de Vacinação contra Poliomielitee para o Monitoramento das Estratégias de Vacinação (MEV) contra a poliomielite e o sarampo no Brasil.\n\nAlém disso, mais de R$ 6,5 bilhões foram investidos, no ano passado, para a compra de imunizantes e a previsão é que esses recursos alcancem R$ 10,9 bilhões em 2024. Também ocorrem de forma automática os repasses administrados pelo Fundo Nacional de Saúde (FNS) transferidos fundo a fundo.\n\nAcesse o painel e confira o andamento da campanha"
}