{
    "url": "https://www.gov.br/saude/pt-br/assuntos/noticias/2024/maio/forca-nacional-do-sus-entenda-o-papel-do-grupo-na-situacao-de-emergencia-do-estado",
    "titulo": "Força Nacional do SUS: entenda o papel do grupo na situação de emergência do estado",
    "descricao": "Criada após a tragédia da região serrana do RJ, em 2011, grupo agora presta socorro aos gaúchos",
    "subtitulo": "RIO GRANDE DO SUL",
    "categoria": "Saúde e Vigilância Sanitária",
    "autora": "Daniel ZimmermannMinistério da Saúde",
    "tags": [
        "atenção especializada à saúde",
        "força nacional do sus",
        "assistência",
        "rio grande do sul"
    ],
    "data_publi": "24/05/2024",
    "texto": "Criada há 13 anos, aForça Nacional do Sistema Único de Saúde (FN-SUS)tem atuado numa desafiante missão: o socorro ao Rio Grande do Sul após severasenchentesque devastaram 97% do território do estado. O grupo tem prestado assistência em saúde nos quatro hospitais de campanha (HCamps) do Ministério da Saúde, além de contar com equipes móveis na região. Mais de 200 profissionais, de 22 unidades federativas brasileiras, estão atuando em território gaúcho.\n\nCom o lema “Saúde Toda Hora”, a Força foi criada após a tragédia da região serrana do Rio de Janeiro, em 2011, como uma coordenação de ação e emergência assistencial que visa executar medidas de prevenção, assistência e repressão a situações epidemiológicas, desastres e desassistência à população que superam a capacidade de resposta dos estados ou municípios afetados.\n\nAtuando na tragédia climática do Rio Grande do Sul desde 5 de maio, o grupo já realizou mais de 5 mil atendimentos à população gaúcha, entre uma série de outras ações voltadas à situação das inundações no estado.\n\n“Fizemos um diagnóstico situacional para entender onde a população atingida seria mais beneficiada e começamos a atuar imediatamente”, explica o coordenador doCentro de Operação de Emergências (COE-RS), Rodrigo Stabile. “Somos uma força especializada de resposta rápida, que tem a capacidade de atuação nas diversas emergências de saúde pública”, completa.\n\nAs ações da FN-SUS em apoio ao estado e municípios gaúchos incluem:\n\nA motivação para trabalhar em ambientes tão extremos como calamidades e emergências em saúde pública vem do sentimento de poder auxiliar os cidadãos mais afetados, reforça Stabile: “Quando chegamos no local, as pessoas nos recebem com carinho porque sabem que nós estamos ali para ajudar”, conta.\n\nQuem atua na Força Nacional?\n\nA FN-SUS é formada por uma equipe de gestão permanente, com um cadastro de mais de 70 mil profissionais de saúde. Quando há uma emergência de nível nacional, os voluntários cadastrados e dispostos a ajudar são selecionados e chamados para participar efetivamente da resposta.\n\nO grupo conta com equipes multidisciplinares e altamente especializadas. Profissionais de diferentes áreas, como médicos, aeromédicos, emergencistas, enfermeiros, gestores, psicólogos e climatólogos, entre outros, compõem o quadro necessário para atender a população do estado.\n\nComo participar da Força Nacional do SUS?\n\nInteressados em participar de missões da Força Nacional do SUS podem se cadastrar no banco de voluntários.Acesse."
}