{
    "url": "https://www.gov.br/saude/pt-br/assuntos/noticias/2024/julho/saiba-como-retirar-medicamentos-e-outros-itens-pelo-farmacia-popular",
    "titulo": "Saiba como retirar medicamentos e outros itens pelo Farmácia Popular",
    "descricao": "Agora, além de remédios para asma, diabetes, hipertensão, osteoporose e anticoncepcionais, a população terá acesso gratuito ao tratamento para colesterol alto, doença de Parkinson, glaucoma e rinite",
    "subtitulo": "MAIS REMÉDIOS",
    "categoria": "Saúde e Vigilância Sanitária",
    "autora": "Edjalma BorgesMinistério da Saúde",
    "tags": [
        "ciência e tecnologia em saúde",
        "farmácia popular",
        "medicamentos",
        "assistência"
    ],
    "data_publi": "11/07/2024",
    "texto": "OFarmácia Popularestá ainda melhor. A partir desta semana, momento em que o programa completa 20 anos de existência, 95% dos medicamentos e insumos passam a ser oferecidos gratuitamente para toda a população. Agora, além de remédios para asma, diabetes, hipertensão, osteoporose e anticoncepcionais, a população tem acesso gratuito ao tratamento de colesterol alto, doença de Parkinson, glaucoma e rinite. A medida foi anunciada na quarta-feira (10) pela ministra Nísia Trindade.\n\nA expectativa é de que, pelo menos, 3 milhões de pessoas que já utilizam o programa sejam impactadas, gerando uma economia de até R$ 400 por ano para os usuários.\n\nTambém estão disponíveis absorventes gratuitos nas farmácias credenciadas pelo programa. A iniciativa faz parte da campanha Dignidade Menstrual, que distribui o item de higiene a pessoas de baixa renda e inscritas no CadÚnico.\n\nAcompanhe abaixo como utilizar o Farmácia Popular:\n\nComo retirar os medicamentos\n\nPara retirar os medicamentos via Farmácia Popular é muito fácil. Basta ir até uma farmácia credenciada, identificada pela logomarca do Programa Farmácia Popular do Brasil (PFPB), e apresentar a receita médica dentro do prazo de validade, que pode ser tanto do SUS quanto de serviços particulares, juntamente com um documento de identidade e CPF.\n\nRetirada de fraldas geriátricas\n\nAlém de apresentar os documentos, para a retirada de fraldas geriátricas para incontinência:\n\nSe não puder buscar os medicamentos\n\nPacientes acamados ou impossibilitados de comparecer à unidade credenciada do Farmácia Popular podem enviar um representante legal ou procurador para realizar a retirada dos medicamentos. Para isso, o representante deve apresentar os seguintes documentos:\n\nPaciente menor de idadeEm caso de paciente menor de idade, é necessário:\n\nRepresentante legal\n\nO representante legal pode ser:\n\nBolsa Família\n\nOs 55 milhões de brasileiros beneficiários do Bolsa Família têm acesso a todos os medicamentos disponíveis no programa de forma totalmente gratuita.\n\nE o melhor: sem precisar fazer nenhum cadastro adicional. O reconhecimento do benefício é feito de maneira automática pelo sistema.\n\nAcesse a lista completa dos medicamentos\n\nConfira a lista das farmácias credenciadas"
}