{
    "url": "https://www.gov.br/saude/pt-br/assuntos/noticias/2024/julho/webinario-destaca-importancia-de-abordagem-integrada-no-enfrentamento-das-zoonoses",
    "titulo": "Webinário destaca importância de abordagem integrada no enfrentamento das zoonoses",
    "descricao": "Promovido pela Secretaria de Vigilância em Saúde e Ambiente, encontro reuniu especialistas da saúde, agricultura e meio ambiente",
    "subtitulo": "PREVENÇÃO E CONTROLE",
    "categoria": "Saúde e Vigilância Sanitária",
    "autora": "João Moraes e Marcella MotaMinistério da Saúde",
    "tags": [
        "vigilância em saúde e ambiente",
        "zoonoses",
        "prevenção e controle",
        "doenças infecciosas"
    ],
    "data_publi": "09/07/2024",
    "texto": "Em comemoração ao Dia Mundial das Zoonoses, celebrado no dia 6 de julho, o Ministério da Saúde, por meio daSecretaria de Vigilância em Saúde e Ambiente (SVSA), realizou um webinário que reuniu especialistas das áreas de saúde, agricultura e meio ambiente. O objetivo foi discutir a importância de uma abordagem integrada no enfrentamento das zoonoses, destacando ações, experiências e os desafios atuais.\n\nDurante o evento, a diretora do Departamento de Doenças Transmissíveis (DEDT), Alda Maria da Cruz, enfatizou a necessidade de uma abordagem ampliada e integrada, conhecida como\"Uma Só Saúde\", para enfrentar as zoonoses de maneira eficaz. \"As zoonoses são responsáveis por 75% das doenças infecciosas emergentes na população humana, e sua prevenção e controle exigem uma colaboração estreita entre diversos setores,\" afirmou Alda Maria.\n\nA diretora destacou que a estratégia \"Uma Só Saúde\" propõe a integração entre saúde humana, saúde animal e meio ambiente, promovendo ações coordenadas e sustentáveis para a prevenção e controle das zoonoses. \"É essencial que trabalhemos juntos, compartilhando conhecimentos e recursos, para enfrentar os desafios que essas doenças representam,\" completou.\n\nAlda Maria da Cruz ressaltou, ainda, a importância de se investir em pesquisa e inovação para o desenvolvimento de novas ferramentas e estratégias de controle das zoonoses. \"A ciência e a tecnologia são fundamentais para enfrentarmos as zoonoses de maneira eficiente e sustentável. Precisamos continuar avançando nesse campo e fortalecendo nossas capacidades de resposta,\" concluiu."
}