{
    "url": "https://www.gov.br/saude/pt-br/assuntos/noticias/2024/junho/anunciado-quarto-nucleo-municipal-de-economia-da-saude-no-brasil",
    "titulo": "Anunciado quarto núcleo municipal de Economia da Saúde no Brasil",
    "descricao": "Núcleo de Salvador deverá atuar na qualificação dos processos decisórios relacionados à gestão de saúde da região",
    "subtitulo": "GESTÃO",
    "categoria": "Saúde e Vigilância Sanitária",
    "autora": "Priscilla LeonelMinistério da Saúde",
    "tags": [
        "ciência e tecnologia em saúde",
        "economia da saúde",
        "núcleos de economia da saúde"
    ],
    "data_publi": "05/06/2024",
    "texto": "O Ministério da Saúde esteve presente durante o anúncio de implantação do Núcleo de Economia da Saúde (NES) de Salvador, feito no último dia 27 pela Secretaria Municipal de Saúde (SMS) da cidade. O quarto núcleo municipal brasileiro amplia a expectativa ministerial de que novos NES sejam instituídos em âmbito local - para além do estadual.\n\nA novidade representa um momento histórico para a capital baiana, mas também para o Governo Federal. Enquanto indutor da implementação dos núcleos pelo Brasil, a equipe do ministério acredita na estrutura organizacional como de grande importância para a gestão doSistema Único de Saúde (SUS), já que é ponto de referência regional para a qualificação dos processos decisórios relacionados à gestão e aos recursos voltados para a saúde no país.\n\nA coordenadora de Ações Estruturantes em Economia da Saúde do Departamento de Economia e Desenvolvimento em Saúde (Desid), Jamyle Grigoletto, enfatizou o compromisso da pasta em oferecer todo o suporte necessário aos NES instituídos pelo Brasil. \"Vamos apoiar as ações técnicas do núcleo e seguir trabalhando pela multiplicação dos NES pelo país. Essa é uma de nossas ações estruturantes, além de ser uma de nossas metas”, afirmou.\n\nSegundo a colaboradora ministerial doPrograma Nacional de Gestão de Custos (PNGC), Márcia Rodrigues, o ministério oferta estratégia de qualificação e apoio para entes federados e instituições de saúde na realização da apuração e gestão de custos em saúde de forma padronizada e sistemática - tema pelo qual o núcleo de Salvador quer iniciar suas atividades.“O novo NES passará a aplicar e multiplicar conhecimentos e ferramentas de economia da saúde que colaboram pela utilização mais eficiente e equitativa dos recursos disponíveis - o que gera melhorias na oferta de serviços de saúde à população”, colocou.\n\nJá a secretária municipal da saúde, Ana Paula Matos, destacou a importância da economia em saúde para o órgão. \"Economia em Saúde é um tema ainda pouco conhecido no âmbito geral, mas dentro da nossa secretaria o estudo e planejamento de estratégias já é uma realidade. Buscamos ainda mais excelência no operacional e, sobretudo, a capacidade de antever cenários, estudar séries históricas, fazer projeções e entender como fazer mais e melhor com os recursos que temos e até como ampliá-los\".\n\nIniciativa em Salvador\n\nA implementação do NES na capital baiana faz parte do projeto “Salvador – Capital da Saúde”, que é resultado de cooperação entre a Secretaria Municipal da Saúde de Salvador e o Programa das Nações Unidas para o Desenvolvimento (Pnud).\n\nNES pelo Brasil\n\nOs Núcleos de Economia da Saúde são estruturas organizacionais presentes nas secretarias de saúde de estados e municípios que subsidiam gestores de saúde para o melhor uso dos recursos disponíveis, a partir da aplicação do conhecimento e de ferramentas da economia da saúde. O objetivo de sua atuação é garantir a qualificação do processo de tomada de decisão desses profissionais que atuam na gestão.\n\nContar com o apoio das secretarias estaduais e municipais de saúde é um passo fundamental para a implementação dos núcleos no país. Para que estes realizem suas ações de forma efetiva, torna-se necessário que estejam formalizados na estrutura organizacional dessas secretarias, de maneira a terem legitimidade e contarem com estrutura física adequada, bem como com recursos humanos qualificados.\n\nSaiba mais sobre os Núcleos de Economia da Saúde"
}