{
    "url": "https://www.gov.br/saude/pt-br/assuntos/noticias/2024/dezembro/ministerio-da-saude-apresenta-o-programa-de-atencao-a-saude-da-populacao-trans",
    "titulo": "Ministério da Saúde apresenta o Programa de Atenção à Saúde da População Trans",
    "descricao": "O ‘Paes Pop Trans’ propõe o acompanhamento à população trans em todo o ciclo de vida, incluindo a garantia de cuidado a sua rede de apoio",
    "subtitulo": "DIREITOS HUMANOS EM SAÚDE",
    "categoria": "Saúde e Vigilância Sanitária",
    "autora": "Ministério da Saúde",
    "tags": [
        "atenção especializada à saúde",
        "população trans",
        "equidade",
        "direitos humanos em saúde"
    ],
    "data_publi": "10/12/2024",
    "texto": "Nesta terça-feira (10), Dia Internacional dos Direitos Humanos, o Ministério da Saúde apresentou o Programa de Atenção à Saúde da População Trans (Paes Pop Trans), no âmbito daSecretaria de Atenção Especializada à Saúde (Saes). O investimento previsto para a implementação é de R$ 152 milhões até 2028, sendo R$ 68 mi em 2025. O evento ocorreu na sede da Organização Panamericana de Saúde (Opas), em Brasília.\n\nResultado das atividades do Grupo de Trabalho (GT) de Revisão do Processo Transexualizador no SUS, instituído em 2023, o Paes Pop Trans apresenta avanços significativos em relação às portarias que regulamentavam os serviços prestados peloSistema Único de Saúde (SUS)e propõe o acompanhamento à população trans em todo o seu ciclo de vida, incluindo a garantia de cuidado a sua rede de apoio e a valorização do cuidado no território.\n\n“Em maio do ano passado, na cerimônia alusiva ao Dia Nacional e Internacional de Enfrentamento à Violência Contra as Pessoas LGBTQIA+, nos comprometemos com o Ministério dos Direitos Humanos a iniciar a revisão do processo transexualizador do SUS e hoje fazemos a entrega deste trabalho”, afirmou a diretora de Programas do gabinete do Ministério da Saúde, Flávia Teixeira.\n\nO programa também traz nova conformação de serviços ambulatoriais e hospitalares com equipes mínimas ampliadas para trabalhar com as especificidades para além da hormonização cruzada e procedimentos cirúrgicos, respeitando o direito à autodeterminação.\n\nO secretário da Atenção Especializada à Saúde (Saes), Adriano Massuda, afirmou que são muitos os desafios para garantir o acesso à saúde e atender o conjunto de especificidades da população trans em um país continental como o Brasil.“Além do acesso, precisamos garantir o cuidado integral. Avanços para a população como o Paes Pop Trans precisam ser comemorados como marca de um governo democrático e popular e demonstram um país que respeita as diferenças e valoriza as singularidades”, afirmou.\n\nProcedimentos\n\nA partir doPaes Pop Trans, a Tabela de Procedimentos, Medicamentos, Órteses/Próteses e Materiais Especiais do SUS exclui 14 procedimentos e inclui 34 novos -  sendo 21 ambulatoriais, 13 hospitalares e os necessários para garantir o acesso às medicações utilizadas na hormonização cruzada. A estimativa é de 36 serviços ambulatoriais e 23 serviços cirúrgicos habilitados para 2025 e a ampliação para 153 serviços ambulatoriais e 41 serviços cirúrgicos habilitados até 2028.\n\nO programa também prevê que as cirurgias de readequação genital sejam reguladas com intermediação da Central Nacional de Regulação de Alta Complexidade (CNRAC) do Ministério da Saúde.\n\nNovo ciclo\n\nSegundo Flávia Teixeira, oPaes Pop Transinaugura um novo ciclo e um novo modo de pensar a saúde para a população trans brasileira, reposicionando a saúde em consonância com os direitos humanos em saúde.“Hoje estamos encerrando o grupo de trabalho que foi responsável pela revisão das portarias vigentes até então. Esta é uma iniciativa muito importante para a pasta, já que, historicamente, esse cuidado foi muitas vezes resultado de demandas judiciais”, pontuou.\n\nA diretora do Departamento de Atenção Hospitalar, Domiciliar e de Urgência (Dahu), Aline Costa, explicou que os próximos passos, a partir do término do trabalho do GT, é a publicação de duas portarias, o cadastramento dos serviços existentes e novos que surgirem nasRedes de Atenção à Saúde (RAS), a habilitação dos serviços em funcionamento e o monitoramento e avaliação das ações, considerando pesquisa de satisfação."
}