{
    "url": "https://www.gov.br/saude/pt-br/assuntos/noticias/2024/abril/ministerio-da-saude-recomenda-ampliacao-do-publico-da-vacina-da-dengue",
    "titulo": "Ministério da Saúde recomenda ampliação do público da vacina da dengue",
    "descricao": "Orientação é restrita aos municípios que tiverem alto quantitativo de doses próximas do vencimento. Crianças e adolescentes de 6 a 16 anos poderão ser imunizadas",
    "subtitulo": "ESTRATÉGIA TEMPORÁRIA",
    "categoria": "Saúde e Vigilância Sanitária",
    "autora": "Ministério da Saúde",
    "tags": [
        "vigilância em saúde e ambiente",
        "vacina",
        "dengue",
        "combate ao mosquito"
    ],
    "data_publi": "18/04/2024",
    "texto": "O Ministério da Saúde adotou uma estratégia temporária para aplicação das vacinas da dengue que estão próximas ao vencimento. Durante reunião da Câmara Técnica de Assessoramento em Imunização (CTAI), na quarta-feira (17), foi definido que os municípios que ainda tiverem com um alto número de doses a vencer em 30 de abril, poderão ampliar a vacinação para a faixa etária de 6 a 16 anos. As doses próximas ao vencimento fazem parte do quantitativo de imunizantes doados ao Brasil em fevereiro.\n\nCaso os municípios permaneçam com baixa adesão na campanha de vacinação, as doses próximas ao vencimento ainda poderão ser ampliadas ao público especificado na bula da vacina dadengue(atenuada), que vai dos 4 aos 59 anos. Essa medida só deverá adotada em caso de necessidade, para que não haja perda do imunizante.\n\nAqueles que forem contemplados por meio deste plano de ação terão a segunda dose garantida. “Precisamos lembrar que essa estratégia é apenas para as vacinas que possuem prazo de validade em 30 de abril. Ou seja, as cidades que não tiverem mais doses desse lote permanecem com o público recomendado anteriormente, de 10 a 14 anos”, pontua Eder Gatti, diretor do Departamento doPrograma Nacional de Imunizações (DPNI).\n\nO Ministério da Saúde reforça que a orientação tem caráter excepcional para otimizar a aplicação do imunizante.\n\nAcesse a Nota Técnica com a recomendação\n\nAnteriormente, o Ministério da Saúdejá havia orientadoaos estados que as doses próximas ao vencimento fossem redistribuídas internamente para outros municípios.\n\nMais vacinas\n\nA terceira remessa da vacina da dengue contemplou 689 municípios do país. Ao todo, 930 mil doses estão sendo distribuídas, incluindo as reposições às regiões que fizeram o remanejamento. Dessa forma, as cidades inicialmente contempladas puderam continuar a estratégia de vacinação junto às novas beneficiadas.\n\nA Pasta adquiriu todo o estoque disponível de vacinas contra a dengue para 2024 e 2025. Até o final deste ano, o Brasil receberá 5,2 milhões de doses, além da doação de 1,3 milhão de doses; isso permitirá a vacinação de 3,2 milhões de pessoas com as duas doses que completam o esquema vacinal.\n\nAs vacinas são um importante instrumento para conter o avanço da dengue no Brasil. No entanto, diante da pouca oferta de doses por parte da fabricante, o foco segue na eliminação dos criadouros do mosquito.\n\nInvestimentos\n\nAté o momento, o Ministério da Saúde liberou mais de R$ 93 milhões por meio de portarias para estados e municípios que institui recursos para localidades que decretarem emergência, seja por dengue ou outras emergências sanitárias. Os repasses ocorrem mensalmente. Os recursos são parte do R$ 1,5 bilhão reservado para esse fim.\n\nA Pasta também destinou mais de R$ 300 milhões para o incremento financeiro federal do Componente Básico da Assistência Farmacêutica noSistema Único de Saúde (SUS). A recomposição do orçamento se dará por meio de aumento retroativo e contempla medicamentos que tratam sintomas da dengue."
}