{
    "url": "https://www.gov.br/saude/pt-br/assuntos/noticias/2024/dezembro/ministerio-da-saude-vai-ampliar-acesso-a-imunobiologicos-especiais-no-sus",
    "titulo": "Ministério da Saúde vai ampliar acesso a imunobiológicos especiais no SUS",
    "descricao": "Documento, pactuado durante reunião da CIT, vai definir os critérios para criação da Rede de Imunobiológicos para Pessoas com Situações Especiais (RIE)",
    "subtitulo": "ACORDO COM GESTORES",
    "categoria": "Saúde e Vigilância Sanitária",
    "autora": "João MoraesMinistério da Saúde",
    "tags": [
        "vigilância em saúde e ambiente",
        "imunobiológicos",
        "cit"
    ],
    "data_publi": "19/12/2024",
    "texto": "Foi pactuada, nesta quinta-feira (19), a assinatura de uma portaria voltada à ampliação do acesso a imunobiológicos especiais noSistema Único de Saúde (SUS). O documento será publicado em breve e define os novos locais de acesso aos imunobiológicos especiais pela população.\n\nA aprovação ocorreu durante a12ª Reunião Ordinária daComissão Intergestores Tripartite (CIT), realizada na sede da Organização Pan-Americana de Saúde (OPAS), em Brasília.\n\nDurante o encontro, Eder Gatti, diretor do Departamento do Programa Nacional de Imunizações (DPNI) do Ministério da Saúde, destacou o processo de construção e pactuação do documento e ressaltou a colaboração dos técnicos do Conselho Nacional de Secretarias Municipais de Saúde (Conasems) e do Conselho Nacional de Secretários de Saúde (Conass) na redação final da portaria.\n\nConforme explicou o diretor, “após a publicação, a Portaria vai apontar quais são as unidades que serão consideradas centros intermediários e também vai definir os locais e entes federados que farão essa validação externa para o acesso ao imunobiológico especial”. A ideia, segundo Gatti, é incorporar as iniciativas dos estados e municípios e, ao mesmo tempo, ampliar o acesso.\n\nNa oportunidade, Eder Gatti também reforçou o apoio da CIT para a melhoria das políticas de imunização adotadas no país, quepossibilitaram o aumento da cobertura vacinal nos últimos anos."
}