{
    "url": "https://www.gov.br/saude/pt-br/assuntos/noticias/2024/maio/em-visita-ao-estado-ministra-da-saude-alerta-que-nao-faltara-vacina-e-medicamentos",
    "titulo": "Em visita ao estado, ministra da Saúde alerta que não faltará vacina e medicamentos",
    "descricao": "Durante coletiva em São Leopoldo, Nísia Trindade rebateu as fake news e garantiu o envio de vacinas emergenciais ao estado",
    "subtitulo": "RIO GRANDE DO SUL",
    "categoria": "Saúde e Vigilância Sanitária",
    "autora": "Vanessa RodriguesRafael SecunhoMinistério da Saúde",
    "tags": [
        "vigilância em saúde e ambiente",
        "atenção primária",
        "vacina",
        "rio grande do sul"
    ],
    "data_publi": "15/05/2024",
    "texto": "Em pronunciamento, nesta quarta-feira (15), ao lado do presidente Lula e de diversos ministros na cidade de São Leopoldo (RS), a ministra da Saúde, Nísia Trindade, reforçou que não faltará vacina e medicamentos para as vítimas dasenchentesno Rio Grande do Sul. Nísia rebateu as notícias falsas relacionadas à saúde e garantiu o envio de 1,2 milhão de doses de vacinas contra o tétano, difteria, hepatites A e B, coqueluche, meningite, rotavírus, sarampo, caxumba, rubéola, raiva e picadas de animais.\n\n“Infelizmente, somos vítimas de desinformação criminosa, levando pânico à sociedade”, frisou. “Vamos destinar 1,2 milhão de doses de imunizantes com atenção especial aos problemas que vêm com a inundação. E também estamos encaminhando medicamentos, além dos 100 kits emergenciais que já estão aqui. Estamos comprometidos a salvar vidas”, acrescentou a ministra.\n\nNísia fez um balanço das ações de todas as ações que o Ministério da Saúde levou adiante desde o início da tragédia climática no RS e apontou os prejuízos sofridos pela rede de assistência médica. “Além disso, começamos a analisar propostas para a reconstrução das cerca de 300 Unidades Básicas de Saúde (UBSs) que foram praticamente destruídas”, disse.\n\nOutras ações\n\nDesde o início das enchentes, a pasta já executou diversas ações para atendimento ao povo gaúcho. Dentre as medidas, está o envio de recursos para 246 unidades de assistência e de cerca de R$ 1,5 bilhão para o cuidado em saúde.\n\nO total de recursos já repassado aos municípios e ao estado soma R$ 95 milhões, aos quais se somam os recursos da medida provisória (MP) editada pelo presidente Lula, com R$ 816 milhões para a saúde, mais R$ 115 milhões para o Grupo Hospitalar Conceição (GHC) e mais R$ 540 milhões em emendas parlamentares que tiveram seus pagamentos antecipados.\n\nNesta terça-feira (14), o Ministério da Saúde iniciou os atendimentos no Hospital de Campanha de Porto Alegre. A unidade vai receber pacientes 24h e tem capacidade para 200 atendimentos diários. A pasta também tem realizado atendimentos volantes nos abrigos do estado.\n\nAlém de medicamentos, a pasta também encaminhou esta semana 600 doses de imunoglobulina para o estado. Trata-se de proteínas utilizadas pelo organismo para combater um determinado antígeno, como vírus e bactérias."
}