{
    "url": "https://www.gov.br/saude/pt-br/assuntos/noticias/2024/abril/selecao-de-servidores-temporarios-prazo-de-inscricao-entra-na-reta-final",
    "titulo": "Seleção de servidores temporários: prazo de inscrição entra na reta final",
    "descricao": "Seleção ocorre para a contratação imediata de até 300 vagas. Certame oferece vagas em seis áreas e os salários chegam a R$ 8,3 mil",
    "subtitulo": "PROCESSO SELETIVO",
    "categoria": "Saúde e Vigilância Sanitária",
    "autora": "Otávio AugustoMinistério da Saúde",
    "tags": [
        "secretaria executiva",
        "servidores temporários",
        "processo seletivo"
    ],
    "data_publi": "26/04/2024",
    "texto": "O prazo para inscrições no processo seletivo de servidores temporários do Ministério da Saúde termina em 6 de maio. O certame oferece vagas em seis áreas e os salários chegam a R$ 8,3 mil. São oferecidas vagas para gestão, analista de dados e controle de qualidade, técnico administrativo, entre outros. Confira a lista completa no fim do texto. Os candidatos têm até 7 de maio para preencher o Formulário de Cadastro de Títulos.\n\nA seleção ocorre para a contratação imediata de até 300 vagas. Os funcionários atuarão nas secretarias finalísticas do Ministério da Saúde, superintendências estaduais e no Fundo Nacional de Saúde (FNS). Os selecionados vão prestar serviço em Brasília, Goiânia, Belo Horizonte, São Paulo, Porto Alegre, Recife e Belém.\n\nClique e faça sua inscrição\n\nA divulgação do resultado da seleção está prevista para 31 de maio. Já a homologação da classificação deve ocorrer em 19 de junho.\n\nVale frisar que o processo seletivo simplificado é para atender à necessidade temporária, de excepcional interesse público, por tempo determinado e para a contratação de profissionais de nível superior. A banca responsável pelo Processo Seletivo Simplificado é o Instituto AOCP. Mais detalhes sobre as graduações correspondentes aos cargos ofertados, estão disponíveis no edital.\n\nConfira as vagas disponíveis:"
}