{
    "url": "https://www.gov.br/saude/pt-br/assuntos/noticias/2024/agosto/saude-destina-r-40-milhoes-para-apoiar-projetos-sobre-doencas-determinadas-socialmente",
    "titulo": "Saúde destina R$ 40 milhões para apoiar projetos sobre doenças determinadas socialmente",
    "descricao": "Propostas submetidas devem contribuir para o desenvolvimento científico e tecnológico considerando a aplicabilidade ao SUS",
    "subtitulo": "CHAMADA PÚBLICA",
    "categoria": "Saúde e Vigilância Sanitária",
    "autora": "Vicente RamosMinistério da Saúde",
    "tags": [
        "ciência e tecnologia em saúde",
        "pesquisa",
        "estudo",
        "doenças determinadas socialmente"
    ],
    "data_publi": "20/08/2024",
    "texto": "O Ministério da Saúde, por meio daSecretaria de Ciência, Tecnologia e Inovação e do Complexo Econômico-Industrial da Saúde (Sectics), lançou uma chamada pública para selecionar e apoiar projetos de pesquisa, desenvolvimento e inovação em Doenças Determinadas Socialmente (DDS). O investimento total é de R$ 40 milhões. A ação é resultado de uma parceria com o Conselho Nacional de Desenvolvimento Científico e Tecnológico (CNPq). Pesquisadores doutores podem submeter as propostas até dia 2 de setembro.\n\nOs projetos devem contribuir significativamente para o desenvolvimento científico e tecnológico e a inovação do país, considerando a aplicabilidade aoSistema Único de Saúde (SUS), com foco na saúde da população brasileira acometida ou afetada pelas DDS.\n\nAlém disso, devem promover a aproximação do conhecimento científico e da gestão pública, por meio de estratégias efetivas de comunicação, com ênfase em abordagens inovadoras para a prevenção, o diagnóstico, o tratamento, o cuidado integral e a avaliação das estratégias de controle de doenças e seus fatores de risco.\n\nConheça os eixos da Chamada:\n\nAcesse o edital da chamada pública e conheça os detalhes sobre os eixos temáticos e as linhas de pesquisa"
}