{
    "url": "https://www.gov.br/saude/pt-br/assuntos/noticias/2024/junho/ministra-nisia-trindade-reforca-compromisso-de-fortalecer-o-sus-no-rs",
    "titulo": "Ministra Nísia Trindade reforça compromisso de fortalecer o SUS no RS",
    "descricao": "Em visita ao estado, nesta sexta-feira (14), ministra entregou 30 ambulâncias e mil computadores para unidades de saúde",
    "subtitulo": "RIO GRANDE DO SUL",
    "categoria": "Saúde e Vigilância Sanitária",
    "autora": "Otávio AugustoMinistério da Saúde",
    "tags": [
        "atenção especializada à saúde",
        "rio grande do sul",
        "força nacional do sus",
        "novo pac"
    ],
    "data_publi": "14/06/2024",
    "texto": "A ministra da Saúde, Nísia Trindade, reafirmou o compromisso de reconstruir oSistema Único de Saúde (SUS)no Rio Grande do Sul. Em visita ao estado, nesta sexta-feira (14), ela ressaltou a importância da integração dos governos federal, estadual e municipais para a fortalecer a assistência no estado.\n\nEssa é a sexta visita de Nísia Trindade ao Rio Grande do Sul. Lá, aForça Nacional do SUSatua desde 5 de maio, quando severasenchentesdevastaram 95% do território gaúcho.\n\n“Estou acompanhando cada momento nessa fase de superação e de fortalecimento da rede de saúde. O governo federal está inteiramente empenhado na reconstrução”, afirmou, em Porto Alegre.\n\nNo início da manhã, Nísia visitou o Centro de Tradições Gaúchas (CTG). No local, em ato simbólico, a ministra anunciou a entrega de mil computadores, que serão encaminhados a Unidades Básicas de Saúde (UBS) e hospitais das cidades afetadas.\n\n“Essa entrega é mais uma demonstração do nosso compromisso. Cada região do estado vive um momento diferente. Estamos acompanhando as demandas e as necessidades dos municípios”, finalizou.\n\nEm conversa com gestores locais, a ministra Nísia Trindade ressaltou a importância do sistemaInvestSUSno processo de reconstrução e fortalecimento do SUS no estado.\n\nO Ministério da Saúde prorrogou o prazo para formalização de propostas para obras ou equipamentos já selecionados no Novo Programa de Aceleração do Crescimento, o Novo PAC Saúde. Gestores dos estados, municípios e do Distrito Federal têm até o dia 28 de junho para protocolar as propostas por meio da plataforma InvestSUS.\n\nSaiba mais sobre a prorrogação do prazo do Novo PAC"
}