{
    "url": "https://www.gov.br/saude/pt-br/assuntos/noticias/2024/novembro/anvisa-aprova-projeto-do-ministerio-da-saude-para-construcao-de-ubs-porte-i-ii-e-iii",
    "titulo": "Anvisa aprova projeto do Ministério da Saúde para construção de UBS Porte I, II e III",
    "descricao": "Projetos referenciais de arquitetura e engenharia são estratégias do Novo Programa de Aceleração do Crescimento para gerar economia de tempo e recursos, levando saúde aos usuários do SUS",
    "subtitulo": "NOVO PAC",
    "categoria": "Saúde e Vigilância Sanitária",
    "autora": "Vanessa RodriguesMinistério da Saúde",
    "tags": [
        "secretaria executiva",
        "novo pac saúde",
        "projetos arquitetônicos"
    ],
    "data_publi": "20/11/2024",
    "texto": "Para garantir eficiência e rapidez na execução das obras do Novo Programa de Aceleração do Crescimento (PAC), o Ministério da Saúde solicitou à Agência Nacional de Vigilância Sanitária (Anvisa) uma avaliação técnica preliminar do projeto de referência de arquitetura e engenharia para Unidades Básicas de Saúde (UBS) – Porte I, II e III.\n\nO uso do projeto de referência é opcional, mas trará aos municípios uma economia considerável de tempo e recursos. Além disso, possibilitará a construção de unidades com infraestrutura adequada, beneficiando tanto os profissionais de saúde quanto os usuários doSistema Único de Saúde (SUS).\n\nA Anvisa, em apoio ao Ministério, realizou uma avaliação do projeto e confirmou sua conformidade com as resoluções, normas e especificações do documento. A análise levou em conta os riscos à saúde, observando as diretrizes da Resolução da Diretoria Colegiada (RDC) 50/2002 e outras normas aplicáveis.\n\nCom a análise da Agência, as autoridades sanitárias municipais poderão utilizar um processo simplificado para avaliar os projetos (conforme RDC 51/2011 Anvisa), o que facilitará a execução das obras e a oferta de serviços pelo SUS.\n\nA Anvisa reafirmou seu compromisso de apoiar o Ministério da Saúde na avaliação técnica preliminar dos projetos de referência de arquitetura para as demais modalidades estabelecidas pelo Novo PAC.\n\nProjetos de arquitetura e engenharia\n\nOsprojetos arquitetônicos do Novo PAC desenvolvidos pelo Ministério da Saúdesão instrumentos importantes para garantir qualidade, economicidade e eficiência. Eles facilitam a celeridade nas aprovações junto aos órgãos competentes e no processo de licitações públicas, otimizando o tempo de resposta das gestões municipais, estaduais e distrital.\n\nO conjunto de arquivos e documentos disponibilizados será composto pelos projetos de arquitetura e complementares de engenharia com seus respectivos memoriais, relatório técnico, caderno de encargos e especificações e planilha orçamentária. Todos os projetos foram elaborados em metodologia BIM, que se baseia em modelos 3D para dar aos profissionais de arquitetura, engenharia e construção a perspectiva e as ferramentas necessárias para a construção de maneira compatibilizada, trazendo mais qualidade e agilidade ao processo.\n\nA pasta já disponibilizou os projetos para construção depoliclínicas,maternidades,Centrais de Regulação das Urgências (CRUs) Samu 192ecentros de parto normal,UBS Portes I a III. Os demais portes de UBS (IV e V) serão disponibilizados em breve. Acesse osprojetos arquitetônicos.\n\nVeja a resoluçãoOfício nº 336/2024/SEI/DIRE3/ANVISA"
}