{
    "url": "https://www.gov.br/saude/pt-br/assuntos/noticias/2024/junho/novo-hospital-de-aguas-lindas-de-goias-vai-beneficiar-mais-de-um-milhao-de-pessoas",
    "titulo": "Novo hospital de Águas Lindas de Goiás vai beneficiar mais de um milhão de pessoas",
    "descricao": "Nesta segunda-feira (17), ministra Nísia Trindade anunciou que um termo de compromisso será assinado em breve para autorizar a construção de uma maternidade e duas UBS por meio do Novo PAC",
    "subtitulo": "ASSISTÊNCIA",
    "categoria": "Saúde e Vigilância Sanitária",
    "autora": "Ministério da Saúde",
    "tags": [
        "atenção especializada à saúde",
        "pac saúde",
        "hospital",
        "ubs"
    ],
    "data_publi": "17/06/2024",
    "texto": "Em agenda no estado de Goiás, nesta segunda-feira (17), a ministra Nísia Trindade afirmou que oNovo PACestá chegando ao município de Águas Lindas. “Muito em breve vamos assinar o termo de compromisso para construção de uma maternidade e duas Unidades Básicas de Saúde aqui na cidade”, disse, se referindo às obras que já foram selecionadas pelo programa. O anúncio foi feito durante a cerimônia de inauguração do Hospital Regional de Águas Lindas, obra que também obteve recursos do governo federal. Mais de R$ 29 milhões foram investidos no novo hospital.\n\nA três obras do Novo PAC sinalizadas pela ministra Nísia somam mais de R$ 107 milhões para a saúde pública do município goiano. “Isso é SUS. Esse é o compromisso da gestão do presidente Lula com a qualidade da atenção à população brasileira. O PAC está cumprindo seu compromisso junto ao governo do estado e à prefeitura de Águas Lindas. É fundamental garantirmos o acesso mais próximo à população”, declarou Nísia.\n\nA expansão da assistência e dos serviços de saúde vai beneficiar diretamente a população. Esse é o caso de Gabriela dos Santos, 20 anos, moradora da cidade de Águas Lindas. “Esse hospital vai ajudar muita gente. As consultas que consegui aqui eu não poderia pagar, mas agora terei acesso”, afirmou na manhã desta segunda.\n\nSomente por meio do Hospital Regional de Águas Lindas, mais de um milhão de pessoas terão acesso a 164 leitos, sendo 40 leitos de UTI, maternidade de alto risco, mais de 15 especialidades médicas no ambulatório, além de exames de tomografia, ressonância, Raio X, endoscopia, ultrassom, entre outros. A estimativa é realizar 1,3 mil consultas médicas e 1,4 mil consultas multiprofissionais por mês, um benefício à população de 31 municípios, além de todo o estado de Goiás.\n\nÉdio Carlos, morador da cidade há quase 30 anos, explica que a região precisava muito do reforço na assistência. “A gente só podia contar com o hospital Bom Jesus, mas agora essa nova unidade é muito bem-vinda. Já estou aguardando para fazer fisioterapia que tanto preciso. Me ligaram ontem para agendar o atendimento e finalmente vou passar em consulta com um especialista”, afirmou, emocionado.\n\nFoto: Igor Evangelista/MS\n\nNovo PAC Saúde\n\nNoSUS, mulheres, gestantes, puérperas e recém-nascidos são assistidos nas maternidades de todo o país, com atendimentos de média e alta complexidade, 24 horas por dia, realizando internação hospitalar, atendimento ambulatorial e de urgência e emergência ginecológica e obstétrica. No total, 36 novas maternidades serão construídas nas cinco regiões do país, beneficiando diretamente 26,7 milhões de mulheres.\n\nAlém disso, 1,8 mil novas Unidades Básicas de Saúde vão atender a mais de 8,5 milhões de brasileiros, garantindo a expansão das equipes de Saúde da Família (eSF), de Saúde Bucal (eSB),Multiprofissionais (eMulti)e de Agentes Comunitários de Saúde (ACS), e ampliando, portanto, o acesso e a cobertura da Atenção Primária no SUS.\n\nNo total, o governo federal, na gestão do presidente Lula, está investindo R$ 30,5 bilhões na saúde por meio do Novo PAC, sendo R$ 11,6 bilhões na etapa atual de formalização. A maior parcela dos recursos está voltada ao enfrentamento de gargalos históricos na atenção primária e especializada, como o aumento de Unidades Básicas de Saúde, maternidades, policlínicas e Centros de Atenção Psicossocial.\n\nO programa possibilitará, ainda, a universalização de serviços essenciais na rede pública, como é o caso doSAMU 192. No início de 2024, o Ministério da Saúde entregou 12 novas ambulâncias a municípios goianos, somando investimento de R$ 3,91 milhões."
}