{
    "url": "https://www.gov.br/saude/pt-br/assuntos/noticias/2024/maio/enfermeiro-potiguar-atua-na-linha-de-frente-da-forca-nacional-em-canoas",
    "titulo": "Enfermeiro potiguar atua na linha de frente da Força Nacional em Canoas",
    "descricao": "Hallyson Leno saiu de Natal (RN) para se dedicar ao atendimento emergencial em um hospital de campanha",
    "subtitulo": "VOLUNTÁRIOS DA FORÇA",
    "categoria": "Saúde e Vigilância Sanitária",
    "autora": "Edjalma BorgesMinistério da Saúde",
    "tags": [
        "atenção especializada à saúde",
        "voluntariado",
        "força nacional do SUS",
        "rio grande do sul"
    ],
    "data_publi": "27/05/2024",
    "texto": "Mestre em Enfermagem, Hallyson Leno está cursando doutorado na mesma área, com especialização em UTI neonatal, UTI adulta, pediátrica e enfermagem clínica, além de possuir vasta experiência em urgência e emergência. Como membro da Secretaria de Saúde estadual em Natal, no Rio Grande do Norte, o profissional tem sido fundamental no atendimento às vítimas das enchentes que devastaram o Rio Grande do Sul. Ele descreve essa experiência como única, ressaltando a importância de se envolver nos serviços oferecidos peloSistema Único de Saúde (SUS)e a relevância dessa missão tanto em seu aspecto profissional quanto pessoal.\n\n“Esta oportunidade de compartilhar e vivenciar momentos ao lado de profissionais de todo o país tem sido essencial. Essas experiências durante a missão são fundamentais para fortalecer os laços entre os membros da equipe e manter o compromisso que temos de salvar vidas aqui no Rio Grande do Sul”, afirma Hallyson.\n\nDesde o início dos intensos temporais que resultaram em enchentes históricas no estado, equipes como a de Hallyson têm sido enviadas para missões de atendimento em quatro hospitais de campanha montados pelo Ministério da Saúde, sendo o mais recente em Novo Hamburgo.\n\nHallyson Leno ingressou na primeira turma de membros daForça Nacional do SUSdesde o início das ações no estado, demonstrando seu comprometimento e dedicação ao serviço público de saúde e à solidariedade em tempos de crise."
}