{
    "url": "https://www.gov.br/saude/pt-br/assuntos/noticias/2024/dezembro/ministerio-da-saude-entrega-mais-163-ambulancias-para-7-estados",
    "titulo": "Ministério da Saúde entrega mais 163 ambulâncias para 7 estados",
    "descricao": "Foram contemplados municípios do Acre, Amazonas, Goiás, Mato Grosso do Sul, Pará, Roraima e São Paulo. Com a entrega, pelo menos 28 milhões de pessoas passam a ter acesso ao SAMU 192",
    "subtitulo": "SAMU 192",
    "categoria": "Saúde e Vigilância Sanitária",
    "autora": "Ministério da Saúde",
    "tags": [
        "atenção especializada à saúde",
        "novo pac",
        "samu 192",
        "atenção de urgência"
    ],
    "data_publi": "02/12/2024",
    "texto": "O Ministério da Saúde continua investindo na assistência de urgência e emergência para a população brasileira. Nesta segunda-feira (2), mais 163 ambulâncias foram entregues para mais de 120 municípios do Acre, Amazonas, Goiás, Mato Grosso do Sul, Pará, Roraima e São Paulo. Com a entrega, pelo menos 28 milhões de pessoas passam a ter acesso aoServiço de Atendimento Móvel de Urgência – SAMU 192. ONovo PACdo governo federal está possibilitando a universalização de serviços essenciais na rede pública de todo o país, como é o caso do SAMU. Em quatro anos, a cobertura vai passar de 87% para mais de 90% da população brasileira, ampliando o acesso a esse serviço que estava estagnado desde 2017.\n\nA entrega dos veículos aconteceu em Salto (SP), somando mais de R$ 47 milhões de investimento. Segundo o coordenador-geral de Urgência do Ministério da Saúde, Felipe Reque, as ambulâncias vão renovar a frota nos sete estados. “É preciso reforçar que o SAMU, criado pelo presidente Lula em 2003, estabelece como prioridade a política de urgência no nosso país. Nesta gestão, a ministra Nísia Trindade tem reiterado a importância do fortalecimento dessa política que salva tantas vidas. Nós temos o compromisso da universalização desse serviço, a política mais bem avaliada pela população brasileira. Não apenas na renovação da frota, mas na ampliação das unidades em todo o país”, detalhou.\n\nEntre os avanços conquistados para o SAMU 192 na atual gestão está a ampliação em 30% nos valores repassados para custeio do serviço, o que representa um incremento de R$ 396 milhões por ano. Com o reajuste, o total destinado passou de R$1,3 bilhão para R$1,7 bilhão por ano. O aumento buscou minimizar a sobrecarga nos municípios e também é uma forma de incentivar a universalização do SAMU 192, que desde 2013 não recebia atualização nos valores de custeio.\n\nNa última quarta-feira (27), o Ministério da Saúde entregou outras 100 ambulâncias para renovação da frota em municípios de Minas Gerais, Mato Grosso, Paraná, Rio de Janeiro, Rio Grande do Sul, Santa Catarina e São Paulo. O Serviço de Atendimento Móvel de Urgência é um dos componentes da Política Nacional de Atenção às Urgências do Ministério da Saúde. O serviço pode ser acessado pelo número \"192\", que oferece orientações à população e envia veículos tripulados por equipes especializadas.\n\nConfira a destinação das ambulâncias:\n\nESTADO | MUNICÍPIO | QUANTIDADE\n\nAC Cruzeiro do Sul 1\n\nAC Manoel Urbano 1\n\nAC Plácido de Castro 1\n\nAC Senador Guiomard 1\n\nAM Manaus 14\n\nGO Abadiânia 1\n\nGO Acreúna 1\n\nGO Águas Lindas de Goiás 1\n\nGO Alexânia 1\n\nGO Alvorada Do Norte 1\n\nGO Anápolis 4\n\nGO Aparecida De Goiânia 5\n\nGO Aparecida de Goiânia 2\n\nGO Aragarças 1\n\nGO Aruanã 1\n\nGO Bela Vista de Goiás 1\n\nGO Bom Jardim De Goiás 1\n\nGO Bom Jesus De Goiás 1\n\nGO Britânia 1\n\nGO Buriti De Goiás 1\n\nGO Caçu 1\n\nGO Caiapônia 1\n\nGO Caldas Novas 4\n\nGO Campos Belos 1\n\nGO Ceres 1\n\nGO Chapadão Do Céu 1\n\nGO Cidade Ocidental 1\n\nGO Corumbá de Goiás 2\n\nGO Corumbaíba 1\n\nGO Cristalina 1\n\nGO Crixás 1\n\nGO Fazenda Nova 1\n\nGO Firminópolis 1\n\nGO Formosa 1\n\nGO Goianésia 1\n\nGO Goiânia 1\n\nGO Goiás 1\n\nGO Hidrolândia 1\n\nGO Hidrolina 1\n\nGO Indiara 1\n\nGO Inhumas 1\n\nGO Iporá 1\n\nGO Itapaci 1\n\nGO Itapirapuã 1\n\nGO Itapuranga 1\n\nGO Itumbiara 1\n\nGO Ivolândia 1\n\nGO Jataí 1\n\nGO Joviânia 1\n\nGO Jussara 1\n\nGO Luziânia 1\n\nGO Mara Rosa 1\n\nGO Maurilândia 1\n\nGO Mineiros 1\n\nGO Montes Claros de Goiás 1\n\nGO Montividiu 1\n\nGO Morrinhos 1\n\nGO Nerópolis 1\n\nGO Niquelândia 1\n\nGO Novo Gama 1\n\nGO Orizona 1\n\nGO Paraúna 1\n\nGO Piracanjuba 1\n\nGO Pirenópolis 2\n\nGO Pires Do Rio 1\n\nGO Porangatu 1\n\nGO Porteirão 1\n\nGO Posse 1\n\nGO Posse 1\n\nGO Quirinópolis 1\n\nGO Rio Verde 1\n\nGO Rubiataba 1\n\nGO Sanclerlândia 1\n\nGO Santa Helena De Goiás 1\n\nGO Santo Antônio do Descoberto 1\n\nGO São Domingos 1\n\nGO São Luís de Montes Belos 1\n\nGO São Luís de Montes Belos 1\n\nGO São Miguel Do Araguaia 1\n\nGO Silvania 1\n\nGO Trindade 1\n\nGO Uruaçu 1\n\nGO Uruana 1\n\nGO Vianópolis 1\n\nGO Vila Boa 1\n\nMS Aquidauana 1\n\nMS Campo Grande 5\n\nMS Campo Grande 1\n\nMS Corumbá 2\n\nMS Corumbá 1\n\nMS Coxim 1\n\nMS Dourados 1\n\nMS Naviraí 1\n\nMS Nova Andradina 1\n\nMS Ribas do Rio Pardo 1\n\nMS São Gabriel Do Oeste 1\n\nMS Sidrolândia 1\n\nMS Terenos 1\n\nMS Três Lagoas 2\n\nPA Água Azul Do Norte 1\n\nPA Belém 3\n\nPA Bujaru 1\n\nPA Capanema 2\n\nPA Capitão Poço 1\n\nPA Curionópolis 1\n\nPA Curuçá 1\n\nPA Garrafão Do Norte 1\n\nPA Goianésia Do Pará 1\n\nPA Inhangapi 1\n\nPA Jacundá 1\n\nPA Mãe Do Rio 1\n\nPA Maracanã 1\n\nPA Marituba 1\n\nPA Marituba 1\n\nPA Nova Ipixuna 1\n\nPA Novo Repartimento 1\n\nPA Ourém 1\n\nPA Paragominas 1\n\nPA São Domingos Do Capim 1\n\nPA Ulianópolis 1\n\nRR Alto Alegre 1\n\nRR Amajari 1\n\nRR Caracaraí 1\n\nRR Caroebe 1\n\nRR Mucajaí 1\n\nRR Pacaraima 1\n\nRR São João Da Baliza 1\n\nSP Jundiaí 1"
}