{
    "url": "https://www.gov.br/saude/pt-br/assuntos/noticias/2024/junho/nordeste-representa-maioria-dos-voluntarios-da-fn-sus-no-rio-grande-sul",
    "titulo": "Nordeste representa maioria dos voluntários da FN-SUS no Rio Grande Sul",
    "descricao": "No próximo dia 7 de junho, cerca de 88 novos profissionais chegam ao estado",
    "subtitulo": "RIO GRANDE DO SUL",
    "categoria": "Saúde e Vigilância Sanitária",
    "autora": "Ministério da Saúde",
    "tags": [
        "atenção especializada à saúde",
        "força nacional do sus",
        "atendimento",
        "rio grande do sul"
    ],
    "data_publi": "02/06/2024",
    "texto": "A atuação daForça Nacional do SUS (FN-SUS)em resposta à emergência enfrentada pelo Rio Grande do Sul se demonstra essencial para garantir assistência em saúde para a população gaúcha. Desde o início da situação emergencial, o Ministério da Saúde mobilizou 364 profissionais de saúde - entre médicos, enfermeiros, técnicos em enfermagem, assistentes sociais, entre outros —, de 24 estados da federação e do Distrito Federal.\n\nDo total, 33,2% dos voluntários são da região nordeste, com 121 profissionais atuantes no estado. Bahia, Sergipe e Rio Grande do Norte concentraram o maior número de voluntários da região.\n\nConfira o detalhamento por região:\n\nAtuando na tragédia climática do Rio Grande do Sul desde 5 de maio, o grupo já realizou mais de 9,4 mil atendimentos à população gaúcha. No próximo dia 7 de junho, cerca 88 novos voluntários chegam ao estado para fortalecer as equipes de saúde.\n\nForça do SUS\n\nCriada há 13 anos, aForça Nacional do Sistema Único de Saúde (FN-SUS)tem atuado numa desafiante missão: o socorro ao Rio Grande do Sul após severas enchentes que devastaram 97% do território do estado. O grupo tem prestado assistência em saúde nos quatro hospitais de campanha (HCamps) do Ministério da Saúde, além de contar com equipes móveis na região.\n\nCom o lema “Saúde Toda Hora”, a Força foi criada após a tragédia da região serrana do Rio de Janeiro, em 2011, como uma coordenação de ação e emergência assistencial que visa executar medidas de prevenção, assistência e repressão a situações epidemiológicas, desastres e desassistência à população que superam a capacidade de resposta dos estados ou municípios afetados.\n\nA FN-SUS é formada por uma equipe de gestão permanente, com um cadastro de mais de 70 mil profissionais de saúde. Quando há uma emergência de nível nacional, os voluntários cadastrados e dispostos a ajudar são selecionados e chamados para participar efetivamente da resposta.\n\nO grupo conta com equipes multidisciplinares e altamente especializadas. Profissionais de diferentes áreas, como médicos, aeromédicos, emergencistas, enfermeiros, gestores, psicólogos e climatólogos, entre outros, compõem o quadro necessário para atender a população do estado.\n\nComo participar?\n\nPara participar, é obrigatório que o profissional tenha vínculo público municipal, estadual ou federal. Além disso, é necessário comprovar cinco anos de experiência em atendimento de emergência pré-hospitalar, móvel e fixo, e hospitalar.\n\nOs interessados em participar de missões da Força Nacional do SUS podem se cadastrar no banco de voluntários."
}