{
    "url": "https://www.gov.br/saude/pt-br/assuntos/noticias/2024/outubro/saude-intensifica-mobilizacao-nacional-no-enfrentamento-a-dengue",
    "titulo": "Saúde intensifica mobilização nacional no enfrentamento à dengue",
    "descricao": "Iniciativas incluem reuniões diárias com gestores e técnicos de estados e municípios para reduzir casos graves e mortes causadas pela doença",
    "subtitulo": "CONTRA O MOSQUITO",
    "categoria": "Saúde e Vigilância Sanitária",
    "autora": "Edjalma BorgesMinistério da Saúde",
    "tags": [
        "vigilância em saúde e ambiente",
        "arboviroses",
        "dengue",
        "prevenção"
    ],
    "data_publi": "16/10/2024",
    "texto": "Em mais uma ação para enfrentar a dengue, o Ministério da Saúde vem realizando reuniões online diárias com estados e municípios para coordenar ações e garantir a implementação de medidas preventivas contra a doença. As videoconferências, lideradas pelo secretário adjunto deVigilância em Saúde e Ambiente do Ministério da Saúde, Rivaldo Cunha, reúnem gestores e técnicos locais da vigilância epidemiológica e da assistência à saúde.\n\nO foco das reuniões é a apresentação e discussão doPlano de Ação para Redução da Dengue e outras Arboviroses, lançado em setembro pelo presidente Luiz Inácio Lula da Silva e pela ministra da Saúde, Nísia Trindade. O plano foi elaborado com a colaboração de pesquisadores, gestores e técnicos de saúde, além de profissionais que atuam diretamente nas comunidades, em especial nas áreas de maior vulnerabilidade social.\n\nAgora em outubro, o Ministério da Saúde preparou uma extensa agenda de reuniões, começando pelos estados do Sul. Nesse primeiro momento, estão sendo convocados os estados e seus respectivos municípios com mais de 100 mil habitantes. \"A dengue já é nossa conhecida há 40 anos. Sabemos como diagnosticar e tratar. E estamos trabalhando para que mais vidas não sejam perdidas\", destacou Cunha, enfatizando a necessidade de preparar o sistema de saúde com antecedência e assegurar o fornecimento de insumos.\n\nEstratégias e tecnologias inovadoras\n\nO plano do Ministério da Saúde está estruturado em 6 eixos principais: prevenção, vigilância, controle vetorial, organização da rede assistencial, preparação para emergências e comunicação com participação comunitária. Entre as estratégias mais inovadoras, destacam-se a liberação de mosquitos machos estéreis para reduzir a população doAedes aegypti.\n\nAlém disso, a pasta também aposta no uso de tecnologias como o programa Infodengue,que monitora surtos com base no consumo de medicamentos, proporcionando uma resposta mais rápida e eficaz. A expansão dessas tecnologias, em parceria com a Fiocruz, já está em andamento em locais como Niterói (RJ), e em municípios de Pernambuco e Santa Catarina, com previsão de alcance em 35 cidades até 2025.\n\nInvestimentos e mobilização social\n\nPara 2025, o Governo Federal deve aplicar cercade R$ 1,5 bilhão para aquisição de vacinas contra adengue, insumos laboratoriais para testagem das arboviroses, insumos para controle vetorial, campanhas de comunicação, além de suporte aos municípios para custeio assistencial. Os insumos e custeios serão distribuídos aos estados conforme demanda.\n\nA participação da sociedade é fundamental no controle da dengue. A campanha\"Tem 10 minutinhos? A hora de prevenir é agora\"busca engajar a população na eliminação de criadouros do mosquito em suas residências. Além disso, o trabalho dos agentes comunitários de saúde será intensificado para reforçar a conscientização."
}