{
    "url": "https://www.gov.br/saude/pt-br/assuntos/noticias/2024/setembro/forca-nacional-do-sus-e-sesai-realizam-acao-de-prevencao-em-saude-no-acre",
    "titulo": "Força Nacional do SUS e Sesai realizam ação de prevenção em saúde no Acre",
    "descricao": "Aldeias afetadas pela baixa qualidade do ar e pela estiagem extrema receberam equipes nesta sexta (20)",
    "subtitulo": "QUEIMADAS",
    "categoria": "Saúde e Vigilância Sanitária",
    "autora": "Otávio AugustoMinistério da Saúde",
    "tags": [
        "atenção especializada à saúde",
        "força nacional do sus",
        "queimadas",
        "mudanças climáticas"
    ],
    "data_publi": "20/09/2024",
    "texto": "Equipes daForça Nacional do Sistema Único de Saúde (SUS)e daSecretaria de Saúde Indígena (Sesai)realizaram visitas em aldeias no estado do Acre e alertaram sobre os cuidados de proteção com relação aos focos dequeimadase medidas preventivas para mitigar os impactos na saúde ocasionados pela a baixa qualidade do ar.\n\nAlém do trabalho de prevenção, as equipes realizaram diagnóstico situacional das condições de resposta da rede de saúde, devido os impactos das queimadas e da seca extrema.\n\nAo longo desta sexta-feira (20), técnicos conversaram com lideranças da aldeia Xavavena, da etnia Katukina. No local, os 800 moradores foram prejudicados pelas mudanças hidrográficas, que prejudicaram significativamente a fonte de alimentação, práticas de fazeres da pesca e ritos culturais do povo Katukina.\n\n“Esses fatores interferem diretamente na saúde e no bem viver da população indígena local”, ressalta a enfermeira Vanessa Barroso, que representou a Sesai na ação.\n\nCapacidade da rede\n\nEm visita à Unidade Básica de Saúde Indígena (UBSi) da Aldeia Katukina II, técnicos da FN-SUS foram atualizados do nível de abastecimento e dos dados epidemiológicos.\n\n“Um ponto importante relatado foi o elevado número de casos de malária da região, agravado pela dificuldade dos pacientes de fazerem o uso regular do tratamento, apesar dos esforços das equipes de saúde”, salienta o médico emergencista Ivan Paiva Filho, que coordenou a ação da Força Nacional do SUS.\n\nFoi identificado um paciente com sintomas compatíveis commalária, tendo sido indicado remoção para o Hospital em Cruzeiro do Sul.\n\nNo momento, a principal preocupação é a segurança alimentar. Em função da estiagem, a base alimentar dos indígenas tem sido escassa devido ao nível dos rios e igarapés.\n\nQueimadas\n\nNa próxima semana, equipes da Força Nacional do SUS estarão em Rondônia para o mapeamento da situação no estado.\n\nO Ministério da Saúde tem prestado apoio a estados e municípios afetados pelasqueimadase pela seca extrema. O principal objetivo é monitorar a capacidade de assistência e elaborar planos de resposta em caso de emergência de saúde pública.\n\nAcesse a página da campanha \"Se tem fumaça, tem que ter cuidado\""
}