{
    "url": "https://www.gov.br/saude/pt-br/assuntos/noticias/2024/julho/ministerio-da-saude-conclui-implementacao-do-metodo-wolbachia-em-petrolina-pe",
    "titulo": "Ministério da Saúde conclui implementação do método Wolbachia, em Petrolina (PE)",
    "descricao": "Método impede a transmissão de todos os sorotipos de dengue, Zika e chikungunya e é uma medida complementar e sustentável de controle das arboviroses",
    "subtitulo": "COMBATE AO AEDES AEGYPTI",
    "categoria": "Saúde e Vigilância Sanitária",
    "autora": "João Vitor MouraMinistério da Saúde",
    "tags": [
        "vigilância em saúde e ambiente",
        "wolbachia",
        "aedes aegypti",
        "arboviroses"
    ],
    "data_publi": "09/07/2024",
    "texto": "O Ministério da Saúde, em parceria com a Fundação Oswaldo Cruz, o Governo de Pernambuco e a Prefeitura de Petrolina, celebraram na sexta-feira (5), a conclusão das atividades de liberação dewolbitos, osAedes aegypticom Wolbachia, na cidade pernambucana.\n\nO método consiste na liberação de mosquitosAedes aegypticom a bactéria Wolbachia, que impede que os vírus da dengue, Zika e chikungunya se desenvolvam no inseto, evitando a transmissão dessas doenças. Oswolbitos, como são apelidados estes mosquitos, não são geneticamente modificados e não transmitem outras doenças.\n\nNesta semana, o Ministério da Saúde também esteve em Joinville (SC) inaugurando a Biofábrica do método Wolbachia e em Campo Grande (MS) finalizando a implementação do projeto.\n\nRivaldo Cunha, secretário adjunto daSecretaria de Vigilância em Saúde e Ambiente (SVSA), destacou que a utilização do método Wolbachia permitirá uma redução drástica do uso de inseticidas, como os utilizados no carro fumacê.\n\nPetrolina é a primeira cidade do Nordeste e Campo Grande a primeira do Centro-Oeste, a serem totalmente coberta pelo método Wolbachia.\n\nO líder doWorld Mosquito Program(WMP) no Brasil, Luciano Moreira, ressaltou que já é possível observar uma redução de casos de dengue e Zika na cidade pernambucana e expressou a esperança “expandir o método para todo o Brasil”. O WMP é uma iniciativa internacional sem fins lucrativos que trabalha para proteger a comunidade global das doenças transmitidas por mosquitos.\n\nAté o final do ano, segundo o líder de operações do WMP Brasil, Gabriel Silvestre, haverá, no Brasil, 11 municípios com o método Wolbachia. O Ministério da Saúde financia o método Wolbachia no Brasil."
}