{
    "url": "https://www.gov.br/saude/pt-br/assuntos/noticias/2024/dezembro/ministerio-da-saude-destina-r-78-milhoes-para-modernizacao-dos-laboratorios-centrais-de-saude-publica",
    "titulo": "Ministério da Saúde destina R$ 78 milhões para modernização dos Laboratórios Centrais de Saúde Pública",
    "descricao": "Essa é a segunda parcela de investimentos do Novo PAC Saúde.  Para 2025, o programa prevê um repasse de R$ 36,2 milhões para os Lacens",
    "subtitulo": "INVESTIMENTO",
    "categoria": "Saúde e Vigilância Sanitária",
    "autora": "Ministério da Saúde",
    "tags": [
        "secretaria executiva",
        "vigilância em saúde e ambiente",
        "novo pac saúde",
        "lacens"
    ],
    "data_publi": "18/12/2024",
    "texto": "O Ministério da Saúde repassou R$ 78,1 milhões para equipar e modernizar osLaboratórios Centrais de Saúde Pública (Lacens)dos estados. Essa é a segunda parcela de investimentos doNovo PAC Saúde, a primeira foi paga em 2023, no valor de R$ 71,9 milhões.\n\nOs recursos têm como objetivo a modernização do parque tecnológico e a ampliação da capacidade de resposta dos laboratórios às crescentes demandas da vigilância em saúde, especialmente na preparação para resposta às epidemias e pandemias.\n\nCom o valor destinado, os laboratórios terão condições de aprimorar seus processos e modernizar equipamentos para oferecer resultados em menor tempo e com maior precisão dos testes diagnosticados, melhorando o monitoramento e controle de doenças em todo o território nacional. Como consequência é esperada a diminuição de doenças e do número de mortes, especialmente causadas por doenças infecciosas, comocovid-19,sarampo,meningite bacteriana,tuberculosee outras.\n\nPara o secretário-executivo da pasta, Swedenberger Barbosa, esses investimentos reafirmam o compromisso da pasta em fortalecer a infraestrutura de vigilância em saúde no Brasil. “Esses laboratórios poderão operar com tecnologia de ponta e maior eficiência, entregando para a população respostas ágeis e assertivas”, comentou.\n\n“Nossos laboratórios de saúde pública são de fundamental importância para conseguirmos monitorar a circulação de microrganismos, como vírus, bactérias e fungos que causam doenças. Também podem identificar rapidamente qualquer mudança no padrão desses agentes infecciosos. Um sistema de vigilância forte significa um país mais protegido e saudável”, afirma a secretária deVigilância em Saúde e Ambiente (SVSA), Ethel Maciel, ao destacar a importância dos investimentos nos Lacens.\n\nPara 2025, o Novo PAC Saúde prevê um repasse de R$ 36,2 milhões para os laboratórios. Em janeiro, serão publicadas oito atas de registro de preço, contendo 36 itens de equipamentos essenciais. Essa iniciativa visa otimizar a compra de tecnologias de ponta pelos gestores estaduais, garantindo que os laboratórios possam contar com os recursos necessários para fortalecer a vigilância em saúde.\n\nTodas essas ações fazem parte do Novo PAC Saúde e do esforço do ministério em melhorar a infraestrutura de saúde pública, garantindo que os estados e municípios possam responder de maneira mais ágil e eficiente às necessidades de saúde da população.\n\nSistema Nacional de Laboratórios de Saúde Pública\n\nA Rede Nacional de Laboratórios de Vigilância Epidemiológica e a Rede Nacional de Laboratórios de Vigilância em Saúde Ambiental, que compõem oSistema Nacional de Laboratórios de Saúde Pública (Sislab), fazem parte doSistema Único de Saúde (SUS).\n\nO Ministério da Saúde é responsável por assessorar e cooperar tecnicamente, junto aos estados e o Distrito Federal, na implementação da Rede Nacional de Laboratórios, em articulação com as demais unidades competentes, além de ajudar a promover o processo de educação permanente e de capacitação dos profissionais de vigilância em saúde.\n\nA pasta também auxilia no processo de elaboração de normas e medidas para o monitoramento, controle e prevenção da resistência microbiana em serviços de saúde, em articulação com a Agência Nacional de Vigilância Sanitária (Anvisa), e articula linhas prioritárias para o desenvolvimento de estudos, pesquisas, análises e outras atividades técnico científicas de interesse para o SUS."
}