{
    "url": "https://www.gov.br/saude/pt-br/assuntos/noticias/2024/novembro/ministerio-da-saude-fortalece-contratacao-de-profissionais-para-o-mais-medicos",
    "titulo": "Ministério da Saúde fortalece contratação de profissionais para o Mais Médicos",
    "descricao": "Cerca de 3,6 mil médicos bolsistas serão efetivados pela AgSUS, com permanência nos municípios onde já atuam, mantendo o vínculo com a comunidade. Conheça os eixos de atuação da nova estrutura",
    "subtitulo": "PROGRAMA MAIS MÉDICOS",
    "categoria": "Saúde e Vigilância Sanitária",
    "autora": "Ministério da Saúde",
    "tags": [
        "atenção primária",
        "mais médicos",
        "saúde da família",
        "agsus"
    ],
    "data_publi": "26/11/2024",
    "texto": "O programaMais Médicosrepresenta um grande avanço na ampliação do acesso à saúde, principalmente para populações em situação de vulnerabilidade. Nesta terça-feira (26), o Ministério da Saúde anunciou a integração das formas de provimento do programa. A medida busca dar mais segurança às equipes de saúde e fortalecer o atendimento à população. Isso significa que 3,6 mil médicos bolsistas serão efetivados pelaAgência Brasileira de Apoio à Gestão do Sistema Único de Saúde (AgSUS), com permanência nos municípios onde já atuam, mantendo o vínculo com a comunidade.\n\n“Esse momento é de integração dos dois programas que reforça a importância de ter o Brasil cuidado nas áreas de maior vulnerabilidade, que mais precisam dos profissionais médicos. Esse trabalho continuará com mais vigor e vamos avançando nas possibilidades de fixação de profissionais e de dar o melhor atendimento a nossa população”, disse a ministra da Saúde, Nísia Trindade, emlivenas redes do Ministério da Saúde para falar das novidades.\n\n“Reconhecemos a importância que o programa de provimento tem tido para o SUS, para a estratégia da Saúde da Família. São 52 mil equipes que chegam em áreas remotas, nas periferias das grandes cidades e precisam de iniciativa de provimento federal de profissionais para as equipes estejam completas”, destacou Felipe Proenço, secretário deAtenção Primária à Saúde.\n\n“Esse é um dia histórico que damos concretude aos programas de provimento. Estamos fortalecendo as estratégias da Saúde da Família”, concluiu o diretor-presidente da Agência Brasileira de Apoio à Gestão do SUS (AgSUS), André Longo.\n\nAntes, esses mesmos médicos teriam o vínculo com o programa encerrado, porque a gestão anterior não deixou previsão orçamentária para efetivação dos profissionais. Hoje, com o anúncio da integração, o Ministério da Saúde garante a fixação dos profissionais a longo prazo, com condições mais eficientes para gestão do programa nos estados e municípios. Com isso, o governo federal garante mais cuidado e assistência qualificada para populações em situação de vulnerabilidade social e em locais de difícil acesso.\n\nA integração dos programas de provimento contará com três eixos de atuação:\n\nOs mais de três mil bolsistas da AgSUS que estavam vinculados a editais antigos poderão fazer, no primeiro semestre de 2025, uma prova realizada pela agência, em parceria com a Sociedade Brasileira de Medicina de Família e Comunidade, a fim de serem contratados como celetistas para o cargo de Médico da Família e Comunidade.\n\nSerá formado pelos médicos Especialistas em Medicina de Família e Comunidade que também estavam acompanhando e orientando os bolsistas. Com a mudança, eles poderão atuar como tutores de residentes, além de estudantes e internos de cursos de medicina de universidades públicas. Também haverá novo edital em 2025 para contratação direta de Médicos de Família e Comunidade, com pontuação adicional para aqueles que já atuam no Mais Médicos.\n\nContará com médicos bolsistas vinculados ao programa do Ministério da Saúde, dentro da Estratégia Nacional de Formação de Especialistas. Esses profissionais atuarão em um ciclo de quatro anos, prorrogáveis por igual período, e farão uma trilha formativa, com uma prova ao final para obterem o título de Especialistas de Medicina de Família e Comunidade.\n\nEm resumo, com essas mudanças, a AgSUS não contará mais com médicos bolsistas em seu quadro. Esses serão contratados diretamente pelo Ministério da Saúde, de acordo com os editais a serem publicados. Para a integração dos programas de provimento, o Governo Federal investirá R$ 200 milhões a mais, em 2025, e R$ 400 milhões em 2026. Com isso, o orçamento do Mais Médicos irá superar R$ 6 bilhões/ano.\n\nPrioridade para as regiões de vazio assistencial\n\nMenos de dois anos após a retomada pelo governo federal, o programa já alcança cerca de 80% dos 4,9 mil municípios com menos de 52 mil habitantes. Hoje, o Mais Médicos está presente em 3.901 dessas cidades, garantindo atendimento, principalmente nas regiões de vazio assistencial. O Ministério da Saúde calcula 26,9 milhões de pessoas com acesso à saúde.\n\nEm 2023, o Governo Federal retomou oMais Médicospara responder ao desafio da presença de profissionais nos municípios distantes dos grandes centros e nas periferias das cidades. O programa avançou, sobretudo, entre os municípios de maior vulnerabilidade social: 60% dos médicos estão nessas localidades.\n\nPela primeira vez na história do programa, por exemplo, o Ministério da Saúde abriu vagas para a Amazônia Legal. No primeiro semestre de 2024, um edital abriu novas oportunidades para assistência aos povos tradicionais nosDistritos Sanitários Especiais Indígenas, os DSEIs. Foram ofertadas 196 vagas. Desde o início da atual gestão, a quantidade de médicos nos territórios indígenas mais do que dobrou, passando de 242 em 2022 para 570 profissionais atualmente, o que representa crescimento de 135%. Com o novo chamamento, a expectativa é ultrapassar 700 médicos em atuação nos territórios.\n\nNo início da gestão do presidente Lula, o Ministério da Saúde vivia um cenário de desmonte, com apenas 13 mil vagas ativas dentro do Mais Médicos. Hoje, já são 26,7 mil médicos que atuam em áreas de vulnerabilidade, periferias e no atendimento de grupos específicos, como indígenas, quilombolas, consultório na rua, saúde prisional e assentamentos.\n\nA nova estrutura anunciada nesta terça-feira (26) fortalece aEstratégia de Saúde da Família, uma vez que valoriza os profissionais e incentiva a formação na área. As medidas dão, ainda, maior mobilidade aos médicos, com a possibilidade de transitarem pelos eixos com os quais mais se identificam. Além disso, criam um plano de cargos e salários para os profissionais vinculados à Agência Brasileira de Apoio à Gestão do Sistema Único de Saúde (AgSUS)."
}