{
    "url": "https://www.gov.br/saude/pt-br/assuntos/noticias/2024/dezembro/integrisaude-ministerio-da-saude-lanca-programa-para-garantir-integridade",
    "titulo": "IntegriSAÚDE: Ministério da Saúde lança programa para garantir integridade",
    "descricao": "Iniciativa visa enfrentar práticas de corrupção, fraudes, irregularidades, desvios éticos, assédio e discriminação dentro do órgão, além de promover o respeito ao trabalho e à diversidade",
    "subtitulo": "INTEGRISAÚDE",
    "categoria": "Saúde e Vigilância Sanitária",
    "autora": "Vanessa RodriguesMinistério da Saúde",
    "tags": [
        "secretaria executiva",
        "integrisaúde",
        "ética",
        "governança"
    ],
    "data_publi": "12/12/2024",
    "texto": "O Ministério da Saúde apresentou, nesta quinta-feira (12), o IntegriSAÚDE - um programa de integridade voltado para prevenção e enfrentamento de práticas como corrupção, fraudes, irregularidades, desvios éticos, assédio e discriminação. A iniciativa busca construir ambientes de trabalho mais saudáveis e inclusivos, promovendo o respeito à dignidade no trabalho e à diversidade, enquanto reforça a credibilidade institucional do ministério e doSistema Único de Saúde (SUS).\n\n“O lançamento do IntegriSAÚDE é um marco para o Ministério da Saúde. Ele materializa nosso compromisso com a integridade, a transparência e o combate à corrupção. Por meio dele, queremos fortalecer os princípios democráticos, a equidade, a inclusão e a ética na saúde”, destacou o chefe de Gabinete do Ministério da Saúde, José Guerra, que participou do lançamento em Brasília.“Esse é um passo importante para que os mais de 50 mil trabalhadores da Saúde em todo o Brasil se sintam seguros, com condições de trabalho inclusivas, combate a todos os preconceitos e prevenção de práticas de fraudes, desvios éticos, entre outros”.\n\nO programa busca prevenir, detectar, remediar e punir condutas inadequadas que comprometam a ética e a governança, além de promover uma cultura organizacional pautada pelos mais altos padrões de transparência e responsabilidade. A ação atende às normas do Sistema de Integridade e Transparência do governo federal (SITAI), alinhando-se à legislação vigente.\n\nO que é o IntegriSAÚDE?\n\nO IntegriSAÚDE consiste em um conjunto de princípios, normas, procedimentos e mecanismos para prevenir, detectar e corrigir irregularidades que possam afetar a confiança e a reputação institucional. Instituído pelaPortaria GM/MS Nº 5.763, ele busca engajar as unidades do Ministério em ações transversais, promovendo discussões coletivas e fortalecendo a entrega de valor público à sociedade.\n\n“ A portaria que instituiu o programa é datada de 25/11, considerado pela ONU como o dia internacional para a eliminação da violência contra as mulheres. Já a publicação ocorreu em 9/12, dia internacional de prevenção e combate à corrupção. É uma coincidência muito feliz para nós, instâncias de integridade do Ministério da Saúde”, destaca Isadora Jinkings, chefe da Assessoria Especial de Controle Interno da pasta.\n\nAlém do programa, foi instituído o Plano de Integridade IntegriSAÚDE, que organiza as ações a serem realizadas bianualmente, e o Comitê de Integridade do Ministério da Saúde (CIMS), colegiado responsável pela gestão e monitoramento dessas iniciativas.\n\nComitê de Integridade do Ministério da Saúde (CIMS)\n\nO CIMS, de caráter permanente, reúne representantes de 14 unidades do ministério que atuam nas áreas de integridade, transparência e acesso à informação. O comitê desempenha um papel estratégico na promoção de uma cultura ética e no desenvolvimento de ações que garantam a missão do SUS: oferecer saúde de qualidade à população.\n\nDentre os benefícios esperados pelo Ministério da Saúde com o programa, estão: o fortalecimento da cultura de integridade pública; maior engajamento e integração entre as instâncias de integridade; desenvolvimento e monitoramento mais eficaz das ações de integridade; e gestão de riscos mais robusta no âmbito do órgão."
}