{
    "url": "https://www.gov.br/saude/pt-br/assuntos/noticias/2024/agosto/ministra-nisia-trindade-e-presidente-lula-inauguram-centro-de-oncologia-e-hematologia-no-rio-grande-do-sul",
    "titulo": "Ministra Nísia Trindade e presidente Lula inauguram Centro de Oncologia e Hematologia no Rio Grande do Sul",
    "descricao": "Nova unidade terá atendimento 100% Sistema Único de Saúde (SUS) e será referência no tratamento contra o câncer no estado",
    "subtitulo": "RIO GRANDE DO SUL",
    "categoria": "Saúde e Vigilância Sanitária",
    "autora": "Vanessa RodriguesMinistério da Saúde",
    "tags": [
        "atenção especializada à saúde",
        "assistência",
        "oncologia",
        "rio grande do sul"
    ],
    "data_publi": "16/08/2024",
    "texto": "O fortalecimento doSUSé prioridade do atual governo que assumiu o desafio de reestruturar a rede federal e garantir a continuidade de atendimentos de emergência, internações e cirurgias. Prova disso foi a presença do presidente Lula e da ministra da Saúde, Nísia Trindade, em Porto Alegre, nesta sexta-feira (16). As autoridades inauguraram o novo Centro de Oncologia e Hematologia do Grupo Hospitalar Conceição (GHC), que presta assistência ao SUS no estado.\n\nCom investimento de R$ 144 milhões do governo,o novo Centro vai aumentar 77% leitos de internação, 200% as infusões quimioterápicas, 300% a reabilitação fisioterápica e 150% a reabilitação fonoaudióloga do GHC. Os pacientes contarão com serviços de quimioterapia, radioterapia, internação para diagnóstico, tratamento e acompanhamento.\n\nNa cerimônia de inauguração, a ministra falou da capacidade de atendimento do novo centro oncológico e anunciou a assinatura de um portaria com recursos da ordem de R$ 308,2 milhões para o Rio Grande do Sul, a partir de uma medida provisória (MP) editada pelo presidente .“Com esses recursos, vamos garantir a reconstrução e reforma de 50 unidades básicas de saúde. Além da recuperação de unidades hospitalares e de equipamentos que foram danificados pelas enchentes”, observou Nísia. “Vamos trabalhar juntos incansavelmente, governo federal e municípios, pela recuperação do estado”, destacou.\n\nFoto: Walterson Rosa/MS\n\nAMP assinada por Lulafoi publicada em edição extra do Diário Oficial da União (DOU) de ontem (15) e faz parte de uma série de ações implementadas pelo Governo Federal em apoio ao estado do RS, que já totalizam mais de R$ 96 bilhões.\n\nO presidente da República elogiou a nova estrutura erguida para o tratamento do câncer. “Muitas pessoas morrem sem ter a oportunidade de um tratamento e quando vejo o centro de oncologia como eu vi hoje aqui em Porto Alegre, tenho a certeza que muitas vidas serão salvas. Estamos proporcionando saúde para o povo brasileiro”, afirmou.\n\nO novo Centro de Oncologia e Hematologia\n\nA nova unidade, localizada junto ao Hospital Nossa Senhora da Conceição, conta com uma estrutura moderna e bem equipada, para atender e tratar os usuários do SUS com as mais avançadas tecnologias, além de acolher familiares e acompanhantes.\n\nO espaço possui mais de 14 mil m² em 7 pavimentos, o que aumentará a capacidade de atendimentos para 60 sessões diárias de radioterapia , tratamento completo de 1,4 mil pacientes por ano, 70 transplantes de medula óssea por ano e 14 novos leitos para esses pacientes.  A centralização de todos os serviços em um mesmo espaço físico possibilita acelerar o início do tratamento, além de trazer benefícios clínicos e alcançar um maior número de pessoas.\n\nAssista ao vídeo do novo Centro\n\n\n\nMais duas novas obras pelo Novo PAC Saúde\n\nAinda no Rio Grande do Sul, o presidente Lula e a ministra Nísia anunciaram, através doNovo PAC Saúde, o lançamento de duas obras de expansão: a construção do Centro de Apoio ao Diagnóstico e Tratamento (CADT) e o Centro de Atendimento ao Paciente Crítico e Cirúrgico.\n\nCADT\n\nO Centro de Apoio ao Diagnóstico e Tratamento  foi concebido a partir de diretrizes de acessibilidade e humanização do cuidado, com foco no usuário dos serviços. Em uma área de quase 20 mil metros quadrados em 9 pavimentos, serão realizados mais de 450 mil exames de imagem, 32 mil procedimentos diagnóstico-terapêuticos e 3,6 milhões de exames laboratoriais. Serão 1374 leitos de internação, 30 salas cirúrgicas, ambulatórios de especialidades e centro obstétrico, uma unidade de pronto atendimento, 12 postos de atenção primária, 3 centros de atenção psicossocial e 1 consultório de rua.\n\nA meta é ampliar a oferta de serviços e qualidade do atendimento, o que permitirá a implantação dos núcleos de saúde da mulher, do centro de radiointervenção, entre outros. Além disso, a expectativa é de um aumento de 69% nos procedimentos em hemodiálise e hemodinâmica e de 200% na produção de exames de cintilografia. O valor investido é de R$ 162 milhões.\n\nCentro de Atendimento ao Paciente Crítico e Cirúrgico\n\nO atual centro cirúrgico do Hospital Nossa Senhora Conceição já é referência no atendimento de procedimentos cirúrgicos de pequeno, médio e grande porte.  O bloco cirúrgico atualmente possui capacidade para 13 salas cirúrgicas e 32 leitos para a sala de recuperação. A expectativa é aumentar de 13 para 20 salas de cirurgia e ampliar de 32 para 60 leitos para sala de recuperação e quase dobrar a produção cirúrgica em uma projeção de cerca de 2.500 procedimentos por mês, nos mais variados portes (30 mil procedimentos ao ano). O recurso orçamentário foi da ordem de R$ 71 milhões.\n\nAções do Ministério da Saúde na reconstrução\n\nDesde o início da emergência em saúde pública no Rio Grande do Sul, após fortes chuvas e inundações atingirem o estado no final de abril, o Ministério da Saúde realizou diversas medidas de assistência à população gaúcha. Dentre elas, está a atuação daForça Nacional do SUSque mobilizou mais de 634 voluntários para realizar 25.343 atendimentos de urgência e emergência ao povo gaúcho.Além disso, foram distribuídos mais de 100 kits emergenciais aos municípios; o repasse de R$ 277 milhões, em recursos federais para as instituições filantrópicas, reforçando a atenção especializada; a destinação de R$ 329 milhões em recursos para a atenção primária, especializada e para a vigilância; a implementação de telessaúde para orientações médicas e monitoramento remoto, entre outras muitas ações emergenciais."
}