{
    "url": "https://www.gov.br/saude/pt-br/assuntos/noticias/2024/junho/saude-se-manifesta-contra-projeto-de-lei-que-busca-revogar-incorporacao-de-imunizantes-da-covid-19-ao-calendario-nacional-de-vacinacao",
    "titulo": "Saúde se manifesta contra projeto de lei que busca revogar incorporação de imunizantes da Covid-19 ao Calendário Nacional de Vacinação",
    "descricao": "Proposta do legislativo visa sustar nota técnica que estabeleceu imunização para crianças de seis meses a cinco anos de idade",
    "subtitulo": "PROJETO DE LEI",
    "categoria": "Saúde e Vigilância Sanitária",
    "autora": "Ministério da Saúde",
    "tags": [
        "vigilância em saúde e ambiente",
        "calendário nacional de vacinação",
        "câmara técnica",
        "imunização"
    ],
    "data_publi": "02/06/2024",
    "texto": "Nesta sexta (31), o Ministério da Saúde e a Câmara Técnica de Assessoramento em Imunização (CTAI) enviaram à Câmara dos Deputados ummanifestocontrário ao Projeto de Decreto Legislativo (PDL) n° 486/2023. O projeto pretende suspender nota técnica que incorporou vacinas da Covid-19 ao Calendário Nacional de Vacinação para crianças de seis meses a cinco anos de idade.\n\nA manifestação da pasta cita a Lei n.º 6.259/1975, que determina que “cabe ao Ministério da Saúde a elaboração do Programa Nacional de Imunizações, que definirá as vacinações, inclusive as de caráter obrigatório”. Também reforça que a inclusão da vacina de Covid-19 no calendário foi realizada com base em evidências científicas internacionais, além de dados epidemiológicos de casos e óbitos pela doença no Brasil.\n\nA decisão foi apoiada pela CTAI, instância consultiva que é composta por entidades como a Sociedade Brasileira de Pediatria (SBP), a Sociedade Brasileira de Imunizações (SBIm), a Associação Brasileira de Saúde Coletiva (Abrasco), o Conselho Nacional de Secretários de Saúde (Conass), o Conselho Nacional de Secretarias Municipais de Saúde (Conasems) e a Organização Pan-Americana da Saúde (OPAS/OMS).\n\nA imunização de crianças nessa faixa etária conta com aprovações regulatórias internacionais de instituições como a Organização Mundial de Saúde (OMS), o Centro Europeu de Prevenção e Controle das Doenças (ECDC), a Agência Europeia de Medicamentos (EMA) e o Centro de Controle e Prevenção de Doenças dos Estados Unidos (CDC).\n\nA Coalizão Internacional de Autoridades Reguladoras de Medicamentos (ICMRA), que congrega 38 agências reguladoras de medicamentos, incluindo a Agência Nacional de Vigilância Sanitária (Anvisa), reitera a segurança das vacinas contra Covid-19 em crianças, com base em dados de milhões de doses e ensaios clínicos pediátricos.\n\nO Ministério realiza o monitoramento da segurança da vacinação, com dados que indicam que as vacinas utilizadas no Brasil reduziram as taxas de internações e óbitos decorrentes de síndrome respiratória aguda grave (SRAG) por Covid-19. A imunização também atua diretamente na prevenção de complicações e condições pós-covid e, de forma indireta, na proteção coletiva de indivíduos vulneráveis, como idosos e imunocomprometidos."
}