{
    "url": "https://www.gov.br/saude/pt-br/assuntos/noticias/2024/novembro/entenda-como-funciona-a-parceria-para-a-gestao-do-hospital-federal-dos-servidores-do-estado",
    "titulo": "Entenda como funciona a parceria para a gestão do Hospital Federal dos Servidores do Estado",
    "descricao": "O projeto prevê a criação de uma nova unidade por meio da fusão do Hospital Federal dos Servidores do Estado com o Hospital Universitário Gaffrée e Guinle",
    "subtitulo": "HOSPITAIS FEDERAIS",
    "categoria": "Saúde e Vigilância Sanitária",
    "autora": "Otávio AugustoMinistério da Saúde",
    "tags": [
        "atenção especializada à saúde",
        "hospitais federais rj",
        "hospital dos servidores",
        "gestão"
    ],
    "data_publi": "02/11/2024",
    "texto": "Nos próximos seis meses, oHospital Federal dos Servidores do Estado (HFSE)passará por um estudo preliminar que verificará a viabilidade de implantação de um novo hospital universitário. A medida faz parte do Plano de Reestruturação dos Hospitais Federais do Rio de Janeiro, elaborado pelo Ministério da Saúde.\n\nO projeto prevê a criação de uma nova unidade por meio da fusão do HFSE com o Hospital Universitário Gaffrée e Guinle, sob administração da Empresa Brasileira de Serviços Hospitalares (Ebserh).\n\nNa prática, caso haja viabilidade para a fusão, e após deliberação do Conselho da Universidade Federal do Estado do Rio de Janeiro (Unirio), o Hospital Federal dos Servidores do Estado será doado pelo Ministério da Saúde à universidade. Em seguida, a instituição de ensino deverá celebrar um Contrato de Gestão Especial com a Ebserh, para que a estatal passe a gerenciar a nova unidade hospitalar.\n\nUm grupo de trabalho vai fazer um diagnóstico aprofundado para entender quais são os melhores padrões para que, no futuro, essa fusão seja possível, de forma a criar um grande e moderno espaço de assistência para atender mais e melhor a população fluminense.\n\nA ministra da Saúde, Nísia Trindade, assinou o Acordo de Cooperação Técnica (ACT) com a Ebserh e a Unirio na tarde de sexta-feira (1). “É muito importante a reestruturação porque se trata de recuperar a excelência, mas também colocá-la a serviço do Sistema Único de Saúde. Não podemos deixar de fazer essa transformação esperada há tanto tempo e que foi muito adiada”, defendeu a ministra.\n\nAtualmente, as unidades têm, juntas, 480 leitos ativos. Com a integração, serão 500 leitos à disposição do sistema de saúde. Além disso, haverá maior capacidade de qualificação para os profissionais por meio da abertura de novas vagas de residência médica.\n\nSUS fortalecido\n\nO presidente da Ebserh, Arthur Chioro, destacou que a junção das unidades fortalece oSistema Único de Saúde (SUS)e traz mais serviços para a população: “O que estamos fazendo é um estudo que permitirá uma tomada de decisão que seja positiva para o SUS, seus usuários e o Rio de Janeiro, e dê um futuro para este novo hospital universitário que pode nascer da fusão entre as unidades”.\n\nPara o reitor da Unirio, José da Costa Filho, a fusão promoveria a ampliação do ensino, pesquisa e inovação na universidade. “Vamos passar, por todas as instâncias colegiadas, as propostas, diagnósticos e cronogramas que serão elaborados dentro desse acordo para que possamos deliberar com fundamento sobre as escolhas a serem feitas por nossa instituição”, concluiu.\n\nPlano de Reestruturação dos Hospitais Federais do Rio de Janeiro\n\nO Plano de Reestruturação dos Hospitais Federais do Rio de Janeiro representa um compromisso do Ministério da Saúde em garantir um sistema de saúde mais robusto, acessível e de qualidade para todos. O objetivo é restaurar a confiança da sociedade nos serviços oferecidos, assegurando que a população tenha acesso à saúde de forma digna e eficaz.\n\nA reestruturação garante todos os direitos dos servidores dessas unidades hospitalares. Haverá um processo de movimentação voluntária dos profissionais, que serão remanejados a outros hospitais e institutos federais.\n\nOs hospitais federais oferecem serviços de média e alta complexidade a uma população significativa. Atualmente, as unidades estão com emergências fechadas, leitos bloqueados, déficit de funcionários e dificuldades de abastecimento."
}