{
    "url": "https://www.gov.br/saude/pt-br/assuntos/noticias/2024/julho/ministerio-da-saude-promove-evento-em-alusao-ao-dia-da-mulher-negra-latino-americana-e-caribenha",
    "titulo": "Ministério da Saúde promove evento em alusão ao Dia da Mulher Negra, Latino-Americana e Caribenha",
    "descricao": "Evento no Itamaraty tem foco na saúde das mulheres negras no contexto de trabalho",
    "subtitulo": "SAÚDE EM DEBATE",
    "categoria": "Saúde e Vigilância Sanitária",
    "autora": "Ministério da Saúde",
    "tags": [
        "secretaria executiva",
        "saúde da mulher",
        "trabalhadores do sus"
    ],
    "data_publi": "24/07/2024",
    "texto": "As mulheres negras representam 60,9% das usuárias doSistema Único de Saúde (SUS), de acordo com a Pesquisa Nacional de Saúde (IBGE, 2020). Nesta quarta-feira (24), o Ministério da Saúde promove, no Palácio do Itamaraty, um evento em alusão ao Dia da Mulher Negra, Latino-Americana e Caribenha, cujo tema é “Pela Saúde das Mulheres Negras”.\n\nEntre os profissionais do SUS, 67% são mulheresCom foco nas mulheres negras em contexto profissional, o objetivo da pasta é debater a construção de uma agenda que atenda às necessidades de saúde desse público e reconhecer a atuação das trabalhadoras do SUS. Dados daSecretaria de Gestão do Trabalho e da Educação na Saúde (SGTES)apontam que as mulheres representam a maioria (67%) entre os trabalhadores do SUS.\n\nPara isso, o diálogo conta com convidadas como a diretora da Organização Pan-Americana de Saúde (Opas), Socorro Gross, a ministra-substituta do Tribunal Superior Eleitoral (TSE), Vera Lúcia Araújo, além das embaixadoras da Nicarágua, Fulvia Patricia Castro Matus, e da Guatemala, Lissete Ordonez Saenz.\n\nPara diminuir as desigualdades no cuidado, o governo federal tem implementado ações que priorizam a saúde da mulher negra. Elas serão apresentadas em um painel sobre iniciativas de gênero, raça e etnia no Ministério da Saúde, com discussão sobre cenários epidemiológicos, equidade na gestão do trabalho e educação, e promoção à saúde da mulher negra nos níveis básico e especializado da atenção.\n\nAo final da solenidade, os participantes vão conhecer o Centro Cultural Dona Ivone Lara, na sede do ministério, que conta com uma exposição que homenageia mulheres que tiveram contribuições importantes na construção das políticas públicas da pasta.\n\nCongresso Nacional ganha projeção\n\nDando continuidade às homenagens do Dia Internacional da Mulher Negra, Latino-Americana e Caribenha, o Ministério da Saúde também fará uma projeção no edifício do Congresso Nacional, a partir das 18 horas.\n\nServiço:Dia da Mulher Negra, Latino-Americana e Caribenha: Pela Saúde Das Mulheres NegrasData: 24 de julho (quarta-feira)Horário: 9h às 12h30Local: Auditório Embaixador Wladimir Murtinho (Palácio do Itamaraty)\n\nAssista à transmissão\n\n"
}