{
    "url": "https://www.gov.br/saude/pt-br/assuntos/noticias/2024/outubro/ministra-da-saude-recebe-medalha-da-ordem-do-merito-aeronautico",
    "titulo": "Ministra da Saúde recebe medalha da Ordem do Mérito Aeronáutico",
    "descricao": "Nisia Trindade foi agraciada com a mais alta distinção honorífica do Comando da Aeronáutica por prestar importantes serviços ao país",
    "subtitulo": "HONRARIA",
    "categoria": "Saúde e Vigilância Sanitária",
    "autora": "Edjalma BorgesMinistério da Saúde",
    "tags": [
        "ordem do mérito",
        "aeronáutica",
        "dia do aviador"
    ],
    "data_publi": "23/10/2024",
    "texto": "A ministra da Saúde, Nisia Trindade, recebeu, nesta quarta-feira (23), na Base Aérea de Brasília, a medalha da Ordem do Mérito Aeronáutico por importantes serviços prestados ao Brasil. O evento comemorou o Dia do Aviador e da Força Aérea Brasileira.\n\nA solenidade reuniu autoridades civis e militares e contou com sobrevoos de aeronaves e manobras da Esquadrilha da Fumaça.\n\nAo receber a comenda, a ministra destacou a importância da Aeronáutica e reafirmou seu compromisso com o desenvolvimento do país. \"É uma grande honra receber a Ordem do Mérito Aeronáutico, que homenageia um capítulo relevante da nossa história de cooperação internacional, marcado pela participação do Brasil na Segunda Guerra Mundial. Neste momento significativo, ao lado de um grupo diverso de homenageados, reforço meu compromisso de diálogo e colaboração com todos os setores, buscando um objetivo comum: o desenvolvimento da nossa nação\", afirmou a ministra.\n\nMedalha\n\nMais alta distinção honorífica do Comando da Aeronáutica, a medalha Ordem do Mérito Aeronáutico é uma distinção concedida aos militares da Aeronáutica brasileira que tenham prestado notáveis serviços ao país, ou que tenham se distinguido no exercício da sua profissão; aos militares das Forças Armadas nacionais e estrangeiras que se tenham tornado credores de homenagem da nação brasileira e, particularmente, da Aeronáutica.\n\nTambém é servida aos cidadãos brasileiros e estrangeiros que se tenham destacado nas suas áreas de atuação a serviço da pátria; e às corporações militares, nacionais e estrangeiras, suas bandeiras ou estandartes, por serviços ou ações que as recomendem ao reconhecimento da nação brasileira e, de modo particular, ao da Aeronáutica.\n\nData Comemorativa\n\nO dia 23 de outubro foi instituído como o Dia do Aviador e o Dia da Força Aérea Brasileira por ser a data em que Alberto Santos-Dumont realizou o primeiro voo com o 14-bis. O fato histórico ocorreu no Campo de Bagatelle, em Paris, em 23 de outubro de 1906, quando o brasileiro percorreu 60 metros em sete segundos, voando a uma altura de dois metros do solo, perante mais de mil espectadores e da Comissão Oficial do Aeroclube da França."
}