{
    "url": "https://www.gov.br/saude/pt-br/assuntos/noticias/2024/novembro/ministerio-da-saude-realiza-atendimentos-nas-comunidades-indigenas-amina-e-nova-vista",
    "titulo": "Ministério da Saúde realiza atendimentos nas comunidades indígenas Aminã e Nova Vista",
    "descricao": "Missão da pasta visitará 18 aldeias impactadas pela emergência climática no Pará",
    "subtitulo": "SAÚDE INDÍGENA",
    "categoria": "Saúde e Vigilância Sanitária",
    "autora": "Daniel ZimmermannMinistério da Saúde",
    "tags": [
        "saúde indígena",
        "força nacional dos sus",
        "queimadas",
        "mudanças climáticas"
    ],
    "data_publi": "19/11/2024",
    "texto": "Equipes da missão conjunta daSecretaria de Saúde Indígena (Sesai), do Distrito Sanitário Especial Indígena Guamá-Tocantins (Dsei Guatoc) e daForça Nacional do SUS (FN-SUS)realizaram atendimentos a habitantes das aldeias Aminã e Nova Vista, localizadas na região do Baixo Tapajós, no Pará – local que ainda sofre com os efeitos dasqueimadase daseca extrema.\n\nCerca de 20 profissionais, entre médicos, enfermeiros, técnicos em enfermagem e técnicos do Ministério da Saúde, prestaram orientações a respeito da Vigilância Alimentar Nutricional (VAN e do Cadastro de Doenças Crônicas Não-Transmissíveis (DCNTs), e realizaram consultas médicas, atendimentos pré-natal e de puericultura, exames preventivos da mulher (PCCU) e testes rápidos para Infecções Sexualmente Transmissíveis (ISTs), entre outros. Em Aminã, também foram efetuadas visitas domiciliares e coleta de dados antropométricos (peso e altura) para cadastro em programas sociais do governo federal.\n\nApós concluir os atendimentos em Aminã e Nova Vista, a missão do Ministério da Saúde se deslocará para outras comunidades da área, ampliando o alcance da operação."
}