{
    "url": "https://www.gov.br/saude/pt-br/assuntos/noticias/2024/outubro/populacao-pode-contribuir-na-formulacao-da-politica-nacional-de-residencias-em-saude",
    "titulo": "População pode contribuir na formulação da Política Nacional de Residências em Saúde",
    "descricao": "Ministério da Saúde recebe até 16 de outubro as proposições apresentadas para subsidiar o processo de qualificação do documento",
    "subtitulo": "OPINIÃO PÚBLICA",
    "categoria": "Saúde e Vigilância Sanitária",
    "autora": "Victor AlmeidaMinistério da Saúde",
    "tags": [
        "trabalho e educação na saúde",
        "residências em saúde",
        "opinião pública",
        "fortalecimento do sus"
    ],
    "data_publi": "01/10/2024",
    "texto": "Está disponível, até 16 de outubro, oOpine Aqui da Plataforma Participa + Brasilvoltado para a consolidação da Política Nacional de Residências em Saúde (PNRS). A ação busca ouvir residentes, preceptores, tutores, coordenadores de programas de residências, entidades profissionais da saúde, acadêmicos, gestores, trabalhadores, usuários doSistema Único de Saúde (SUS)e demais interessados, a fim de subsidiar o processo de qualificação do documento.\n\nA iniciativa auxilia na formulação da PNRS de forma mais eficaz e para refletir necessidades de saúde da população e dos setores envolvidos com a residência médica e a residência em área profissional da saúde (uniprofissional e multiprofissional), em cumprimento aos princípios da legalidade, moralidade, eficiência, publicidade, transparência e motivação. O Ministério da Saúde coordena o recebimento e avalia as proposições apresentadas, com a finalidade de subsidiar o processo de qualificação do texto da PNRS, a qual será objeto de pactuação com estados, municípios e o Distrito Federal no âmbito daComissão Intergestores Tripartite (CIT).\n\n“Queremos consolidar uma política que seja democrática e participativa. Por isso, no ano passado, realizamos seminários para ouvir atores importantes das áreas e agora abrimos para a participação da sociedade civil. Esse é o momento de construir coletivamente o futuro das residências em saúde no Brasil”, pontua a diretora do Departamento de Gestão da Educação na Saúde (DEGES) daSecretaria de Gestão do Trabalho e da Educação na Saúde (SGTES), Lívia Méllo.\n\nO processo de construção da PNRS aconteceu de maneira colaborativa, a partir da identificação de desafios e propostas para a expansão, qualificação e valorização das residências em saúde noSeminário Nacional de Residência Médicae noSeminário Nacional de Residência em Área Profissional da Saúde, ambos ocorridos em setembro de 2023, com a participação de 500 representantes de órgãos e entidades relacionados às residências em saúde. Além disso, os eixos presentes na política foram discutidos em diversos fóruns das residências e pactuados de forma interministerial e interfederativa com o Ministério da Educação (MEC), o Conselho Nacional de Secretários de Saúde (Conass) e o Conselho Nacional de Secretarias Municipais de Saúde (Conasems).\n\nSobre a política\n\nA formação de especialistas por meio das residências em saúde é considerada o padrão de excelência na pós-graduação em saúde pela centralidade na integração entre ensino, serviço e comunidade. Dessa forma, a construção e a implementação de uma Política Nacional de Residência em Saúde é um compromisso da pasta no fortalecimento do papel do SUS na ordenação da formação e da qualificação da força de trabalho em saúde.\n\nEntre as ações previstas na PNRS estão:"
}