{
    "url": "https://www.gov.br/saude/pt-br/assuntos/noticias/2024/outubro/nova-gestao-assume-hospital-federal-de-bonsucesso-nesta-terca-feira-15",
    "titulo": "Nova gestão assume Hospital Federal de Bonsucesso nesta terça-feira (15)",
    "descricao": "Por meio do GHC, Ministério da Saúde vai priorizar abertura da emergência, salas para cirurgias e mais de 200 leitos, além de contratar 2 mil profissionais de saúde. Previsão é abrir totalmente o hospital em 45 dias",
    "subtitulo": "ASSISTÊNCIA ESPECIALIZADA",
    "categoria": "Saúde e Vigilância Sanitária",
    "autora": "Ministério da Saúde",
    "tags": [
        "atenção especializada à saúde",
        "hospitais federais rj",
        "hospital federal de bonsucesso",
        "gestão"
    ],
    "data_publi": "15/10/2024",
    "texto": "Para fortalecer a gestão, garantir a execução adequada do orçamento e sanar gargalos históricos, como problemas de desabastecimento e descontinuidade assistencial, o Ministério da Saúde inicia, nesta terça-feira (15), a transição da gestão doHospital Federal de Bonsucesso, no Rio de Janeiro (RJ). A unidade será gerida pelo Grupo Hospitalar Conceição (GHC), uma empresa pública vinculada ao Governo Federal, de atuação nacional e que atende integralmente aoSistema Único de Saúde (SUS). Com a mudança, a prioridade da nova gestão é abrir a emergência, salas para cirurgias e mais de 200 leitos, para retomada gradativa de todos os serviços. A previsão de abertura total do hospital é de 45 dias.\n\n\n\nO trabalho será conduzido por uma equipe de profissionais do GHC, que vai atuar em parceria com os gestores do Hospital Bonsucesso. Para que a transição esteja alinhada com as necessidades da população, o Ministério da Saúde vai realizar o processo em etapas, como descentralização da gestão, abastecimento de insumos, infraestrutura e contratação de pessoal. No primeiro momento, em até 45 dias, mais de 2 mil novos trabalhadores, entre médicos, enfermeiros, auxiliares e funcionários administrativos, serão contratados por meio de processo seletivo. A pasta reforça que os direitos ficam garantidos para todos os servidores efetivos.\n\n\n\nNo prazo de até um mês, o GHC levará equipes especializadas até o Hospital Bonsucesso, com o objetivo de diagnosticar a situação da infraestrutura e começar imediatamente reformas e adequações, como as necessidades elétricas e hidráulicas. A nova gestão vai otimizar o espaço de atendimento e garantir condições adequadas para os serviços hospitalares. Além disso, vai adquirir equipamentos e mobiliário prioritários que permitam o pleno funcionamento dos serviços de alta complexidade.\n\n\n\nA nova gestão também vai preparar um estoque estratégico de insumos para garantir que não haja interrupção no fornecimento de materiais e medicamentos fundamentais ao hospital, além de realizar um inventário completo de todos os insumos disponíveis para identificar necessidades futuras e otimizar os processos de aquisição e armazenamento.\n\n\n\nNecessidade de melhor gestão orçamentária\n\nAo longo de 2024, o Ministério da Saúde alocou recursos suficientes para o funcionamento do Hospital Federal de Bonsucesso, atendendo integralmente às demandas apresentadas pela unidade. Não houve cortes nos recursos originalmente previstos. No entanto, do montante de R$ 167,4 milhões alocados pelo Governo Federal para custeio das atividades hospitalares, mais de R$ 5,2 milhões deixarão de ser executados pela dificuldade de execução orçamentária e incapacidade de gestão dos recursos disponíveis.\n\nDesde 2023, o Ministério da Saúde tem atuado para devolver aos hospitais federais o status de excelência e adequá-los às necessidades do SUS, com redução das filas e unidades em pleno funcionamento. Nesse sentido, até 2025, a previsão de investimento adicional para o Hospital Bonsucesso é de R$ 263 milhões para diagnósticos, insumos e equipamentos, sendo R$45,5 milhões em 2024 e R$218,2 milhões em 2025.\n\nEsse conjunto de ações tem como objetivo garantir que a transição do Hospital Federal de Bonsucesso para a gestão do GHC aconteça gradativamente, de forma planejada, integrada, com foco na melhoria contínua dos serviços 100% SUS prestados à população e das condições de trabalho para os profissionais da saúde."
}