{
    "url": "https://www.gov.br/saude/pt-br/assuntos/noticias/2024/junho/cresce-procura-por-atendimento-nos-hospitais-de-campanha-do-rs",
    "titulo": "Cresce procura por atendimento nos hospitais de campanha do RS",
    "descricao": "Unidade de Canoas, que já atendeu cerca de 4,5 mil pessoas, apresenta alta expressiva após troca de endereço",
    "subtitulo": "RIO GRANDE DO SUL",
    "categoria": "Saúde e Vigilância Sanitária",
    "autora": "Otávio AugustoMinistério Saúde",
    "tags": [
        "atenção especializada à saúde",
        "força nacional do sus",
        "centro de operações de emergências",
        "rio grande do sul"
    ],
    "data_publi": "18/06/2024",
    "texto": "Cresce a procura por atendimento nos hospitais de campanha do Ministério da Saúde no Rio Grande do Sul. Ao todo, mais de 11 mil atendimentos já foram realizados nas quatro unidades, localizadas em Porto Alegre, Canoas, São Leopoldo e Novo Hamburgo. O aumento se deve ao deslocamento da população que estava em abrigos, retornando aos poucos para suas casas. As estruturas funcionam com o trabalho de voluntários daForça Nacional do SUS (FN-SUS).\n\n“Observa-se uma tendência geral de aumento no número de atendimentos ao longo do tempo, com picos em diversas datas. Porto Alegre e Canoas registram os números mais altos de atendimentos, especialmente em dias como 29 de maio e 1º de junho, em que os atendimentos ultrapassam o quantitativo de 400”, explica Vinicius Casaroto, consultor técnico do Departamento de Emergência em Saúde Pública (Demsp) do ministério. A variabilidade nos atendimentos diários sugere diferentes demandas e capacidades de cada hospital de campanha.\n\n“Nos dias iniciais, Canoas lidera os atendimentos, mas, ao longo do tempo, Porto Alegre assume uma parte significativa do atendimento total. A mediana de atendimentos diários para cada hospital de campanha é a seguinte: Canoas com 103 atendimentos, Novo Hamburgo com 20 atendimentos, Porto Alegre com 86 atendimentos, e São Leopoldo com 27 atendimentos. A mediana total de atendimentos diários combinados entre todos os hospitais de campanha é 232”, completa.\n\nCanoas tem maior procura após troca de endereço\n\nO HCamp de Canoas apresenta uma tendência de alta, com um número variável de atendimentos a partir de 4 de maio, quando passou a funcionar. A unidade foi transferida no último sábado (15) para o Hangar Cultural, no bairro Guajuviras.\n\nNos primeiros dias de operação, houve apenas 15 atendimentos, mas esse número aumentou significativamente, alcançando 210 atendimentos em 9 de maio e atingindo seu pico em 11 de maio com 232 atendimentos. A partir de 23 de maio, os atendimentos se mantiveram acima de 100 diariamente.\n\nJá em junho, segundo o gráfico apresentado, de 11/06/2024 a 17/06/2024, os atendimentos oscilaram entre 55 e 116, no período entre 11 e 17 de junho, demonstrando uma certa estabilização com números mais consistentes próximos a 100 atendimentos diários.\n\n“Esses dados indicam uma capacidade de resposta e atendimento robusta, com variações que podem refletir tanto a demanda da população quanto a eficácia das estratégias de gestão de saúde pública implementadas no local”, pondera Vinicius Casaroto.\n\nAtendimentos\n\nA Força Nacional do SUS ultrapassou 15,9 mil atendimentos no Rio Grande do Sul nesta terça-feira (18). No estado, o Ministério da Saúde mantém quatro hospitais de campanha, equipes volantes, de saúde indígena e de saúde mental. O dado foi divulgado na manhã hoje noComitê de Operações Emergenciais (COE).\n\nSomente o HCamp de Canoas, reaberto em novo endereço, já atendeu 4,5 mil pessoas. A unidade de Porto Alegre, 3,3 mil. Em Novo Hamburgo, foram 1,6 mil atendimentos. A estrutura de São Leopoldo recebeu 1,4 mil pessoas.\n\nAs equipes volantes realizaram mais de 4,1 mil atendimentos. Os profissionais atuam nas cidades de Porto Alegre, Canoas, Pelotas, São Leopoldo, Três Coroas, Viamão, Ibarama e Eldorado do Sul.\n\nDesde 5 de maio, a FN-SUS realizou AINDA 708 atendimentos de saúde indígena nos polos base Porto Alegre e Barra do Ribeiro. Houve, ainda, 400 atendimentos psicossociais e 66 remoções aéreas."
}