{
    "url": "https://www.gov.br/saude/pt-br/assuntos/noticias/2024/outubro/ministerio-da-saude-participa-de-sessao-plenaria-do-comite-de-seguranca-alimentar-da-onu",
    "titulo": "Ministério da Saúde participa de Sessão Plenária do Comitê de Segurança Alimentar da ONU",
    "descricao": "Brasil é referência no tema e foi convidado para apresentar experiências sobre políticas de segurança alimentar e nutricional durante evento realizado na Itália",
    "subtitulo": "ALIMENTAÇÃO",
    "categoria": "Saúde e Vigilância Sanitária",
    "autora": "Ministério da Saúde",
    "tags": [
        "atenção primária",
        "segurança alimentar",
        "nutrição",
        "combate à fome"
    ],
    "data_publi": "30/10/2024",
    "texto": "A Coordenação-Geral de Alimentação e Nutrição (Cgan) do Ministério da Saúde participou, em Roma, na Itália, da52ª Sessão Plenária do Comitê de Segurança Alimentar (CSA)da Organização das Nações Unidas (ONU). O encontro, que começou no último dia 21, teve fim na última sexta-feira (25). Durante as plenárias, foi realizada uma série de eventos paralelos organizados pelos países e demais atores que integram o Comitê, com o objetivo de aprofundar temáticas que não constam na plenária principal e criar sinergias entre os envolvidos.\n\nA coordenação também foi convidada a compor o eventoDiving to the heart of nutrition: the case for integrated public policies[Mergulhando no coração da nutrição: a defesa de políticas públicas integradas], organizado pela França e pela Inglaterra. Na ocasião, a coordenadora-geral da Cgan, Kelly Alves, apresentou as experiências brasileiras e destacou o histórico de intersetorialidade da agenda de Nutrição no Brasil. “No Brasil, trabalhamos as políticas relacionadas à alimentação e à nutrição em perspectiva intersetorial desde antes de ter sido instituído formalmente um Sistema Nacional de Segurança Alimentar e Nutricional. Depois de criado, sua estrutura de governança intersetorial passou a permitir uma melhor interlocução entre o sistema de saúde pública e as políticas de setores que tratam de produção, disponibilidade e acesso aos alimentos, bem como os que tratam da garantia de outros direitos humanos, como educação, emprego e renda”, explicou.\n\nEla ressaltou ainda que, na prática, o Ministério da Saúde do Brasil é responsável pelas diretrizes oficiais para promoção de práticas alimentares adequadas e saudáveis por meio dosguias alimentares, e trabalha junto às demais pastas para que desenvolvam políticas que apoiem a população a seguir as recomendações dos guias. “Os ministérios que atuam nas áreas de produção e acesso aos alimentos estão investindo em políticas que apoiam a população a consumir mais alimentosin naturae minimamente processados e a evitar os alimentos ultraprocessados. Dessa forma, contribuímos para o combate à fome e às desigualdades, promovendo saúde e uma boa nutrição à população”, destacou.\n\nKelly Alves finalizou defendendo que, para incentivar o consumo mais adequado de alimentos saudáveis e combater as diversas formas de má nutrição, é preciso olhar também para as políticas de agricultura e abastecimento alimentar, assim como para a política tributária sobre o preço dos alimentos.\n\nO Brasil é referência mundial no tema e atualmente lidera a Aliança Global contra a Fome e a Pobreza – iniciativa proposta no âmbito da presidência do G20 pelo Brasil – e, também por isso, foi convidado a compartilhar suas experiências ao lado de outros países e de representantes da sociedade civil internacional. Também estiveram presentes na missão os consultores técnicos da Cgan Gabriele Freitas e Kaio Rodrigues.\n\nMais sobre a 52ª Sessão Plenária do Comitê de Segurança Alimentar da ONU\n\nO evento ocorreu na sede da Organização das Nações Unidas pela Alimentação e Agricultura (FAO), em Roma. O Comitê de Segurança Alimentar Mundial (CSA), criado em 1974, é a principal plataforma internacional para discussão do tema da Segurança Alimentar e Nutricional (SAN). Atualmente, possui a estrutura organizacional mais inclusiva do Sistema ONU, que permite, além de países, a participação de representantes de organizações da sociedade civil ligados à segurança alimentar e nutricional, organismos internacionais, setor privado, instituições filantrópicas e relatores especiais da ONU. A atribuição do Comitê se concentra em desenvolver recomendações políticas sobre tópicos relacionados à agenda, que resultam em documentos como diretrizes voluntárias, recomendações e princípios, sem caráter vinculante.\n\nAcesse a página do Comitê de Segurança Alimentar da ONU para mais informações"
}