{
    "url": "https://www.gov.br/saude/pt-br/assuntos/noticias/2024/julho/farmacia-popular-e-aprovado-por-mais-de-80-dos-brasileiros-aponta-pesquisa",
    "titulo": "Farmácia Popular é aprovado por mais de 80% dos brasileiros, aponta pesquisa",
    "descricao": "De acordo com levantamento da Genial/Quaest, programa tem os níveis mais altos de aceitação entre as iniciativas do governo federal. Ele já beneficiou cerca de 70 milhões de pessoas desde 2004",
    "subtitulo": "EM ALTA",
    "categoria": "Saúde e Vigilância Sanitária",
    "autora": "Edjalma BorgesMinistério da Saúde",
    "tags": [
        "ciência e tecnologia em saúde",
        "farmácia popular",
        "medicamentos",
        "assistência"
    ],
    "data_publi": "12/07/2024",
    "texto": "O programaFarmácia Popularé um dos mais conhecidos e aceitos pela população brasileira. É o que aponta pesquisa daGenial/Quaest,que ouviu 2 mil pessoas com 16 anos ou mais de todas as regiões do país, entre os dias 5 e 8 de julho. De acordo com o levantamento, ele é o programa do governo federal com os níveis mais elevados de aceitação, sendo apoiado por 86% dos entrevistados.\n\nCriado em 2004, a iniciativa já beneficiou 70 milhões de pessoas em todo o Brasil. Para celebrar o marco de duas décadas de funcionamento, o Ministério da Saúde passou a oferecer, a partir da quarta-feira (10), 95% dos medicamentos e insumos de forma gratuita para toda a população. Com isso, remédios indicados para o tratamento de colesterol alto, doença de Parkinson, glaucoma e rinite também poderão ser retirados gratuitamente em todo o país. A expectativa é que, pelo menos, 3 milhões de pessoas que já utilizam o programa sejam impactadas.\n\n\"São 20 anos de um programa criado pelo presidente Lula em seu primeiro mandato. Quando falamos do Farmácia Popular, estamos falando dos cuidados com as pessoas, de um Brasil bem cuidado, que é a orientação maior do presidente: governar é cuidar. O Farmácia Popular é oSUSmostrando esse cuidado\", ressaltou a ministra Nísia Trindade, durante o anúncio de novas medidas do programa, esta semana.\n\nO Farmácia Popular está presente em 85% das cidades brasileiras — o que representa 4,7 mil municípios — com mais de 31 mil estabelecimentos credenciados e capacidade para atender a 96% da população.\n\nReconstrução\n\nO secretário deCiência, Tecnologia e Inovação e do Complexo Econômico-Industrial da Saúde (Sectics), Carlos Gadelha, lembra que a atual gestão encontrou o programa com pouco orçamento e sérias dificuldades. Porém, desde o primeiro momento, o objetivo era o de revitalizar o programa.\n\n\"Ao assumirmos o governo Lula, tivemos de realizar um trabalho intenso. O orçamento era um terço do necessário, havia parado de credenciar novas farmácias e as que já existiam não tinham um processo de recredenciamento. O poder de compra do Estado é um instrumento importante para superar desafios e oferecer maior acesso a medicamentos para os brasileiros. Assim, o Farmácia Popular renasceu\", afirmou Gadelha.\n\nA expectativa do Ministério da Saúde é universalizar o programa, cobrindo 93% do território nacional. Já foram credenciadas 536 novas farmácias em 380 novos municípios de referência do Programa Mais Médicos, com 352 cidades do Norte e Nordeste recebendo a primeira unidade cadastrada. Para alcançar a meta, o credenciamento de novas farmácias e drogarias foi aberto em 811 cidades de todas as regiões do país, com prioridade para os municípios que participam do Mais Médicos – uma estratégia que visa a diminuição dos vazios assistenciais.\n\nComo conseguir os medicamentos?\n\nO programa disponibiliza medicamentos gratuitos para várias doenças (veja lista). Além de subsidiar - o governo paga uma parte do preço do medicamento - os remédios para o tratamento dediabetes mellitusassociada a doença cardiovascular e distribuir fraldas geriátricas.\n\nO paciente que precisa de medicamentos tem de ir a um estabelecimento credenciado. São farmácias e drogarias que exibem o selo \"Aqui tem Farmácia Popular\".\n\nO cidadão precisa apresentar: documento oficial de identidade com foto e número do CPF; e receita médica dentro do prazo de validade, emitida por médico do SUS ou particular. Para a retirada de fraldas geriátricas, é preciso que o paciente tenha mais de 60 anos ou seja pessoa com deficiência e apresente prescrição, laudo ou atestado comprovando a necessidade do uso das fraldas."
}