{
    "url": "https://www.gov.br/saude/pt-br/assuntos/noticias/2024/agosto/ouvsus136-amplia-e-melhora-atendimento-para-usuarios-do-sus",
    "titulo": "OuvSUS136 amplia e melhora atendimento para usuários do SUS",
    "descricao": "Nova central de atendimento tem canais de comunicação automatizados em uma única plataforma e 160 profissionais qualificados para o atendimento",
    "subtitulo": "INTEGRAÇÃO",
    "categoria": "Saúde e Vigilância Sanitária",
    "autora": "Ministério da Saúde",
    "tags": [
        "secretaria executiva",
        "ouvidoria",
        "ouvsus",
        "canais de comunicação"
    ],
    "data_publi": "02/08/2024",
    "texto": "Os usuários do sistema de saúde têm uma nova sede de atendimento: aOuvSUS136, central daOuvidoria-Geral do Sistema Único de Saúdepara comunicação com o Ministério da Saúde e toda a sua rede de gestão descentralizada. Fica localizada no município de Valparaíso de Goiás, na Região Integrada de Desenvolvimento do Distrito Federal, e está em funcionamento há cerca de oito meses.\n\nPor meio da Central da Ouvidoria, os cidadãos podem se manifestar, registrando reclamações, sugestões, solicitações de providências, denúncias e elogios, além de obter informações em saúde acerca dos serviços, programas, doenças, ações, projetos, políticas e sistemas de informação do ministério.  Além disso, os serviços abrangem o atendimento aos usuários do SUS, gestores e profissionais de saúde desse Sistema, na esfera federal, estadual e municipal.\n\nO novo espaço tem 700m², conta com 160 profissionais qualificados para o atendimento, e recebeu inclusões progressivas de canais de comunicação automatizados – mensagens de áudio e de texto via celular (SMS), unidade de resposta audível (URA), além de otimizações dos canais de atendimento clássicos – telefone 136, formulários via Fala.BR e atendimento presencial no edifício Sede, na Esplanada dos Ministérios.\n\nOutra importante novidade do OuvSUS136 é a integração de todos os canais em uma única plataforma. Para o perfeito funcionamento, foram realizados treinamentos com os profissionais contratados, que trabalham em dois níveis de atendimento e têm especializações distintas. No momento, a OuvSUS está preparando para colocar no sistema o aplicativoWhatsAppe inteligência artificialChatbot, napágina da Ouvidoria, no site do Ministério da Saúde.\n\nDesde dezembro de 2023, o atendimento 136 – serviço mais utilizado do SUS – passou por diversas atualizações, que resultaram em ampliação dos serviços e maior produtividade dos atendimentos. Para a ouvidora-geral do SUS, Conceição Rezende, a nova central simplifica o acesso dos cidadãos e proporciona informações objetivas e confiáveis sobre os serviços de saúde do SUS, promoção, prevenção, cuidados e recuperação da saúde. “Esse acesso é fundamental para combater a disseminação de informações falsas e promover o entendimento e a compreensão precisos sobre as questões relacionadas à saúde”, afirma.\n\nA ouvidora destaca também que entre os públicos atendidos pela OuvSUS136, com os mais diferentes tipos de demandas, há também os gestores em saúde dos estados e municípios. Segundo ela, com as mudanças já efetuadas, “a central passou a realizar atendimentos receptivos e ativos simultaneamente, reduziu os custos unitários por atendimento, recebeu maior engajamento e registrou aumento da taxa de sucesso em pesquisas de satisfação”.\n\n“Os dados coletados pela ouvidoria fornecem informações valiosas para os gestores locais embasarem tomadas de decisões estratégicas. Como exemplos há a alocação mais eficaz de recursos e o desenvolvimento de políticas de saúde mais direcionadas às demandas da população” acrescenta Conceição Rezende.\n\nBenefícios da Central OuvSUS136:"
}