{
    "url": "https://www.gov.br/saude/pt-br/assuntos/noticias/2024/abril/ministerio-da-saude-assina-contrato-para-compra-de-12-5-milhoes-de-doses-da-vacina-contra-a-covid-19",
    "titulo": "Ministério da Saúde assina contrato para compra de 12,5 milhões de doses da vacina contra a Covid-19",
    "descricao": "Os imunizantes devem chegar à população nos próximos 15 dias",
    "subtitulo": "IMUNIZAÇÃO",
    "categoria": "Saúde e Vigilância Sanitária",
    "autora": "Ministério da Saúde",
    "tags": [
        "vigilância em saúde e ambiente",
        "vacinação",
        "covid-19"
    ],
    "data_publi": "20/04/2024",
    "texto": "O Ministério da Saúde assinou nesta sexta-feira (19) contrato para aquisição de 12,5 milhões de doses da mais recente vacina contra aCovid-19. Os imunizantes devem chegar à população nos próximos 15 dias. O contrato foi fechado após processo de licitação emergencial que resultou na seleção da empresa vencedora. Desde a aprovação da nova vacina pela Agência Nacional de Vigilância Sanitária (Anvisa) em dezembro de 2023, a pasta iniciou o processo de aquisição emergencial, de modo a garantir o abastecimento de toda a rede doSistema Único de Saúde (SUS).\n\nEssa é a primeira vez que empresas concorrentes disputam o fornecimento de vacinas contra a Covid-19 no Brasil. Todas as aquisições anteriores foram feitas em um ambiente sem concorrência. A medida possibilitou uma economia de R$ 100 milhões, dada a diferença de preço entre as duas propostas apresentadas. Todo o processo de compra ocorreu de forma transparente e foi publicizado por meio do sistema Comprasnet.\n\nO Ministério da Saúde reitera seu compromisso em fornecer à população as vacinas mais atualizadas contra a Covid-19, aprovada pela Anvisa e recomentada pela Organização Mundial da Saúde (OMS). Ressalta também a importância da vacinação como a medida mais segura para prevenir casos graves e óbitos causados pela doença.\n\nEnquanto trabalha para assegurar o acesso contínuo às vacinas eficazes disponíveis, a pasta continua monitorando de perto as evidências científicas mais recentes e o cenário epidemiológico da Covid-19 no Brasil."
}