{
    "url": "https://www.gov.br/saude/pt-br/assuntos/noticias/2024/novembro/ministerio-da-saude-vistoria-ubs-reconstruida-apos-enchentes-no-rio-grande-do-sul",
    "titulo": "Ministério da Saúde vistoria UBS reconstruída após enchentes no Rio Grande do Sul",
    "descricao": "Clínica da Família de Navegantes receberá mais de R$ 570 mil do governo federal para poder voltar a atender plenamente",
    "subtitulo": "RECONSTRUÇÃO",
    "categoria": "Saúde e Vigilância Sanitária",
    "autora": "Anna IungMinistério da Saúde",
    "tags": [
        "atenção primária",
        "ubs",
        "arboviroses",
        "rio grande do sul"
    ],
    "data_publi": "28/11/2024",
    "texto": "Fruto da união dos órgãos públicos federais, estaduais e municipais, as unidades de Saúde do Rio Grande do Sul voltam a operar com a capacidade normal. Nesta quarta-feira (27), o secretário deAtenção Primária à Saúde (SAPS)Felipe Proenço, vistoriou a Unidade Básica de Saúde (UBS) de Navegantes, na zona norte de Porto Alegre, uma das atingidas pelasenchentesque assolou o estado.\n\nA UBS de Navegantes ficou mais de um mês fechada após ficar com a água acima de 1,70 metros de altura. Agora, a unidade conta com seis equipes de Saúde da Família e atendimento estendido até as 22h. Para tanto, o governo federal destinou mais R$ 577 mil para a reforma, com recursos doNovo Programa de Aceleração do Crescimento (PAC). Ao total, 77 unidades do Rio Grande do Sul receberam investimentos para a reconstrução, sendo nove delas em Porto Alegre.\n\nO secretário Felipe Proenço, que coordenou as ações de enfrentamento às enchentes no estado, voltou à capital gaúcha a fim de analisar o progresso das ações de reconstrução. “Gostaria de parabenizar o município de Porto Alegre, porque a secretaria fez todos os esforços possíveis para que isso acontecesse. Essa união com Ministério da Saúde tem sido fundamental para conseguirmos entregar as unidades de volta para a população”, apontou Proenço.\n\n“A UBS de Navegantes foi muito atingida pelas enchentes, com a perda de equipamentos e mobiliários, mas com os recursos enviados pelo ministério conseguimos retomar os atendimentos à população”, destacou Bárbara Cristina Lima, coordenadora de Saúde na Região Norte de Porto Alegre.\n\nPara a gerente da unidade, Larita Albieri, o governo federal teve um papel fundamental no apoio tanto da parte operacional de contratação de equipamentos e mobiliários quanto da gestão. “Antes da tragédia, a UBS tinha uma média de atendimento de 600 pessoas por dia. Ficamos mais de 30 dias fechados, sem luz, mas com o auxílio do Exército, conseguimos fazer uma limpeza parcial e retomar alguns atendimentos no estacionamento. No início de outubro, com a reabertura, voltamos a fazer os atendimentos dentro da unidade”, completou a gerente.\n\nAções no Rio Grande do Sul\n\nA visita do secretário compôs o evento “Ações do Ministério da Saúde no Rio Grande do Sul e assinatura do Plano de Ação Regional do Programa Mais Acesso a Especialistas”, realizado no Instituto do Cérebro da PUCRS. “Foi um evento importante para mostrarmos como a pasta está presente no Rio Grande do Sul por iniciativas como essa de cofinanciamento, com a reorganização das redes de serviços de saúde e a interlocução com as secretarias de saúde”, destacou Felipe Proenço.\n\nNa ocasião, o Ministério também discutiu o plano de enfrentamento àDenguee outrasarboviroses. “Além disso, tivemos a oficialização do plano de ação regional doPrograma Mais Acesso Especialistas, em que o Ministério juntou o Estado, os 497 municípios e as regiões de saúde, pensando a partir da atenção primária e do papel importante que as equipes de saúde da família têm desempenhado no cuidado integral e a rede de atenção especializada, otimizando as ofertas de saúde e, principalmente, cuidando bem da população gaúcha”, finalizou o secretário."
}