{
    "url": "https://www.gov.br/saude/pt-br/assuntos/noticias/2024/marco/sus-tera-medicamento-para-o-cuidado-de-pessoas-multirresistentes-ao-tratamento-do-hiv",
    "titulo": "SUS terá medicamento para o cuidado de pessoas multirresistentes ao tratamento do HIV",
    "descricao": "Incorporação busca fortalecer o cuidado daqueles que vivem com o vírus ou aids. Processo de compra do antirretroviral começa imediatamente",
    "subtitulo": "QUALIDADE DE VIDA",
    "categoria": "Saúde e Vigilância Sanitária",
    "autora": "Ministério da Saúde",
    "tags": [
        "vigilância em saúde e ambiente",
        "aids ",
        "medicamento",
        "conitec"
    ],
    "data_publi": "07/03/2024",
    "texto": "A Comissão Nacional de Incorporação de Tecnologias ao Sistema Único de Saúde (Conitec) aprovou, nesta quarta-feira (6), a incorporação do fostensavir trometamol 600mg à lista de antirretrovirais disponíveis no SUS. O tratamento será uma alternativa para pessoas adultas que vivem com HIV ou aids, mas apresentam multirresistência aos demais medicamentos oferecidos pelo sistema público.\n\nA incorporação está alinhada ao propósito da pasta de contribuir para melhorar a qualidade de vida das pessoas que vivem com vírus ou aids, pois aquelas que desenvolvem multirresistência estão mais suscetíveis às doenças oportunistas e ao risco de morte.\n\nO processo de aquisição do antirretroviral começa imediatamente. Para Draurio Barreira, diretor do Departamento de HIV/Aids, Tuberculose, Hepatites Virais e Infecções Sexualmente Transmissíveis (Dathi), a disponibilização desse medicamento converge com a agenda brasileira de eliminação da doença como problema de saúde pública, bem como aos determinantes sociais que impedem o acesso ao cuidado.\n\n“Quando falamos do tratamento para pessoas que vivem com HIV ou aids, estamos considerando três perspectivas: a primeira é garantir qualidade de vida, a segunda é a diminuição da carga viral para impedir a transmissão do vírus, e a terceira é prevenir mortes evitáveis”, afirma Barreira.\n\nA última incorporação de medicação para pessoas multirresistentes no SUS ocorreu há oito anos, com a etravirina 200mg. O médico infectologista e consultor técnico do Dathi, Ronaldo Hallal, explica que, no decorrer do tratamento, o HIV pode desenvolver mutações que estabelecem resistência aos antirretrovirais e, algumas pessoas, apresentam resistência a diversas opções de tratamento. Dessa forma, o fostensavir trometamol 600mg será recomendado em casos específicos."
}