{
    "url": "https://www.gov.br/saude/pt-br/assuntos/noticias/2024/junho/conheca-a-nova-composicao-da-comissao-nacional-de-residencia-medica",
    "titulo": "Conheça a nova composição da Comissão Nacional de Residência Médica",
    "descricao": "Responsável por supervisionar e avaliar programas de residência médica, grupo ganhou representação de mais entidades de saúde",
    "subtitulo": "SAÚDE & EDUCAÇÃO",
    "categoria": "Saúde e Vigilância Sanitária",
    "autora": "Nathan VictorMinistério da Saúde",
    "tags": [
        "trabalho e educação na saúde",
        "residência médica",
        "formação",
        "entidades de saúde"
    ],
    "data_publi": "19/06/2024",
    "texto": "A Comissão Nacional de Residência Médica (CNRM) terá três novas entidades da área de saúde em sua composição: a Federação Nacional de Médicos (Fenam), a Federação Brasileira de Academias de Medicina (FBAM) e a Academia Nacional de Medicina (ANM). A inclusão foi formalizada, nesta semana, em decreto assinado pelo vice-presidente da República, Geraldo Alckmin, e pela ministra da Saúde, Nísia Trindade.\n\nAgora, o colegiado passa a contar com 12 instituições. A mudança busca reconhecer a residência médica como padrão-ouro da formação e reforça o papel da comissão na regulação, supervisão e avaliação de programas de residência médica e das instituições que o ofertem.\n\n“Para o Ministério da Saúde, a residência médica é um dos pilares mais importantes do programaMais Acesso a Especialistase um grande suporte para a formação médica de qualidade para atender à nossa sociedade. Reitero a importância desse passo, fruto do diálogo entre o Ministério da Educação, da Saúde e entidades médicas”, destaca a ministra Nísia Trindade.\n\nO decreto também trata da definição da composição das Câmaras Técnicas, garantindo a participação de médicos com experiência de, no mínimo, cinco anos em preceptoria, supervisão ou coordenação de programa de residência médica.\n\nSobre a comissão\n\nCabe à CNRM, órgão de caráter consultivo e deliberativo do Ministério da Educação, entre outras tarefas, gerenciar o credenciamento de instituições para a oferta de programas de residência médica e autorizar, reconhecer e renovar o reconhecimento de programas.\n\nAlém das novas instituições e dos Ministério da Saúde e da Educação, compõem a comissão: Conselho Nacional de Secretarias Municipais de Saúde (Conasems); Conselho Federal de Medicina (CFM); Associação Médica Brasileira (AMB); Associação Brasileira de Educação Médica (Abem); Associação Nacional de Médicos Residentes (ANMR); e Federação Médica Brasileira (FMB).\n\nLeia o decreto na íntegra"
}