{
    "url": "https://www.gov.br/saude/pt-br/assuntos/noticias/2024/outubro/servidores-do-hospital-de-bonsucesso-sao-apresentados-a-nova-gestao-da-unidade",
    "titulo": "Servidores do Hospital de Bonsucesso são apresentados à nova gestão da unidade",
    "descricao": "Reuniões abordaram dúvidas de carreira, transição, cumprimento de carga horária e investimentos que serão realizados",
    "subtitulo": "HOSPITAIS FEDERAIS",
    "categoria": "Saúde e Vigilância Sanitária",
    "autora": "Priscila Cabral e Otávio AugustoMinistério da Saúde",
    "tags": [
        "atenção especializada à saúde",
        "hospitais federais rj",
        "hospital federal de bonsucesso",
        "gestão"
    ],
    "data_publi": "23/10/2024",
    "texto": "O Ministério da Saúde e o Grupo Hospitalar Conceição (GHC) realizaram oficinas com os servidores doHospital Federal de Bonsucessopara apresentar a nova gestão da unidade. Os encontros aconteceram nos dias 22 e 23 de outubro.\n\nAs reuniões abordaram dúvidas de carreira, transição, cumprimento de carga horária, jornada e vínculos. O principal objetivo foi sanar dúvidas dos servidores da unidade, estabelecendo diálogo sobre o novo modelo de gestão.\n\nInicialmente, o diretor presidente do GHC, Gilberto Barichello, explicou que o grupo é uma empresa pública ligada ao Ministério da Saúde. “Somos uma empresa pública federal, 100%SUS. O GHC tem 64 anos de história na área de gestão hospitalar e a nossa missão aqui, no Hospital de Bonsucesso, é trazer de volta a maior referência da rede pública no Rio de Janeiro”, defendeu.\n\nA coordenadora de Gestão de Pessoas do Ministério da Saúde, Etel Matielo, reafirmou que será realizado um diagnóstico da situação da unidade e que todos os direitos dos servidores serão respeitados no novo modelo de gestão.\n\n“A proposta é que em até 90 dias o GHC consiga fazer o diagnóstico de toda a força de trabalho de quem deseja permanecer na unidade, ressaltando que toda a portaria está sendo construída com o Ministério da Gestão e Inovação, onde diz o que se pode e não pode ser feito e que tudo estará de acordo com a legislação”, salientou.\n\nAo longo dos encontros, representantes dos servidores tiraram as dúvidas apresentadas, sendo as mais frequentes sobre a carga horária, contrato de temporários e escalas.\n\nA superintendente do Hospital Federal de Bonsucesso, Elaine Lopez, frisou que o diálogo será permanente com os servidores e que uma nova fase será iniciada na unidade. “Todos os trabalhadores desse hospital podem contar com a nova gestão, somando uns com os outros”, concluiu.\n\nMetas\n\nA nova gestão do GHC está averiguando as principais necessidades e a real situação de toda a infraestrutura, parte hidráulica e elétrica do hospital. Já houve diagnóstico nas áreas de apoio e administrativo. Atualmente, o hospital conta com 200 pacientes internados, sendo 7 na Unidade de Terapia Intensiva (UTI).\n\nHoje, o Hospital Federal de Bonsucesso está com 46% de sua taxa de ocupação. O objetivo é retomar 100% do serviço. A estimativa é que em 90 dias a transição da gestão esteja completa, assim como a abertura da emergência e a entrega progressiva de leitos de UTI e comuns."
}