{
    "url": "https://www.gov.br/saude/pt-br/assuntos/noticias/2024/setembro/ministra-nisia-trindade-apresenta-novas-acoes-da-pasta-e-orientacoes-para-protecao-da-saude-diante-das-queimadas",
    "titulo": "Ministra Nísia Trindade apresenta novas ações da Pasta e orientações para proteção da saúde diante das queimadas",
    "descricao": "Ministério da Saúde disponibilizou a Força Nacional do SUS para visitar as regiões mais afetadas e faz monitoramento diário da qualidade da água e do ar",
    "subtitulo": "SAÚDE & MEIO AMBIENTE",
    "categoria": "Saúde e Vigilância Sanitária",
    "autora": "Nathan VictorMinistério da Saúde",
    "tags": [
        "vigilância em saúde e ambiente",
        "qualidade do ar",
        "queimadas",
        "mudanças climáticas"
    ],
    "data_publi": "11/09/2024",
    "texto": "O Brasil enfrenta uma grave crise ambiental que reúne seca extrema, crise hídrica e redução da umidade, fenômenos potencializados pelasqueimadasque pioram a qualidade do ar. Nas áreas em que a população tem dificuldade de acesso à água com qualidade, por exemplo, há o risco de desidratação. Além disso, a fumaça das queimadas também contribui para promoção de doenças respiratórias.\n\nFrente a todos esses riscos, a ministra da Saúde, Nísia Trindade reuniu nesta quarta-feira (11), secretários do Ministério da Saúde, representantes do Conselho Nacional de Secretários de Saúde (Conass) e do Conselho Nacional de Secretarias Municipais de Saúde (Conasems) para reforçar orientações para enfrentamento desse contexto climático.\n\n“Temos feito reuniões diárias. Mas nesta reunião consideramos importante atualizar recomendações que o Ministério da Saúde vem realizando desde o início do acompanhamento desse processo das secas e, sobretudo, das queimadas”, afirmou a ministra Nísia Trindade. O Ministério da Saúde fez uma atualização do trabalho de monitoramento por meio daSala de Situação Nacional de Emergências Climáticas, estabelecida ainda em julho deste ano para planejar respostas às emergências como secas prolongadas e escassez de água.\n\n“A partir de hoje, diante da intensificação de focos de incêndio e previsões meteorológicas que apontam piora no quadro de seca, essas reuniões diárias resultarão sempre em informes e comunicados. Além das orientações para a população, os informes já publicados pelo Ministério trazem recomendações de ações a serem implementadas pelos profissionais de vigilância em saúde ambiental”, anunciou a ministra.\n\nA ministra Nísia também citou como iniciativa a divulgação de orientações para aproteção e monitoramento de saúde dos brigadistas florestais, profissionais que estão na linha de frente no combate aos focos de incêndio – em um trabalho coordenado com o Ministério do Meio Ambiente e Mudança do Clima.\n\nO Ministério da Saúde também disponibilizou aForça Nacional do SUSpara visitar as regiões mais afetadas para uma avaliação de situação e apoio aos gestores tanto de estados como de municípios. Além disso, a Pasta faz o monitoramento das áreas afetadas pelas queimadas e incêndios florestais por meio daVigilância em Saúde Ambiental e Qualidade do Ar (VigiAr). É feito, ainda, o monitoramento da qualidade da água por meio doVigiÁguae, em colaboração com outros órgãos, orienta-se as áreas afetadas em relação ao provimento de água potável.\n\nRecomendações\n\nA ministra Nísia Trindade alertou que a questão das secas hoje, que se soma ao problema dasqueimadas, atinge 60% do território brasileiro. “Temos de trabalhar para mitigar todos os efeitos que na saúde são bastantes sensíveis, alguns de curto prazo e outros que têm que ser acompanhados, que atingem sobretudo as pessoas mais vulneráveis, como crianças e idosos, de maneira mais impactante”.\n\nNas últimas duas semanas de agosto, foi constatado um aumento significativo do número de atendimentos por náuseas e vômitos em comparação com a média histórica desde 2022. Os estados mais afetados foram Goiás (46%), Mato Grosso (58%), Distrito Federal (99%) e Tocantins (191%). As informações são daSecretaria de Vigilância em Saúde e Ambiente (SVSA).\n\nConfira outras recomendações:\n\nPara a população:\n\nPara os gestores:\n\nSaúde para a Amazônia Legal\n\nEstá em construção por todas as secretarias do Ministério da Saúde o Programa +Saúde para a Amazônia Legal, com objetivo referente à saúde do trabalhador e da trabalhadora no contexto do Manejo Integrado do Fogo, com ações estratégicas. O território da Amazônia Legal compreende o pantanal matogrossense, portanto, há relação entre o objetivo e as ações estratégicas propostas com a situação de incêndios no Pantanal no ano de 2024.\n\nComitê Nacional de Manejo Integrado do Fogo\n\nPor meio de decreto publicado nesta quarta, o presidente da República, Luiz Inácio Lula Silva, determinou a instituição do Comitê Nacional de Manejo Integrado do Fogo. O Ministério da Saúde é um dos órgãos que integram o Comitê. Uma das missões do grupo é propor medidas para a implementação da Política Nacional de Manejo Integrado do Fogo e monitorá-las periodicamente.\n\nAcesse a página da campanha \"Se tem fumaça, tem que ter cuidado\"\n\nAssista à entrevista coletiva\n\n\n\nAcesse à apresentação da entrevista"
}