{
    "url": "https://www.gov.br/saude/pt-br/assuntos/noticias/2024/outubro/sesai-realiza-primeiro-treinamento-para-uso-da-plataforma-e-sus-aps",
    "titulo": "Sesai realiza primeiro treinamento para uso da plataforma e-SUS APS",
    "descricao": "O objetivo é qualificar os profissionais de saúde para a utilização eficiente do novo sistema, otimizando o atendimento e tornando as informações de saúde mais acessíveis e precisas",
    "subtitulo": "SAÚDE INDÍGENA",
    "categoria": "Saúde e Vigilância Sanitária",
    "autora": "Leidiane SouzaMinistério da Saúde",
    "tags": [
        "saúde indígena",
        "atenção primária",
        "e-sus aps",
        "saúde digital indígena"
    ],
    "data_publi": "02/10/2024",
    "texto": "ASecretaria de Saúde Indígena (Sesai)deu início, nessa terça-feira (1°), ao primeiro Treinamento e Homologação do e-SUS APS na Saúde Indígena. O evento, que se estende até amanhã (3), é fruto de uma parceria com a Coordenação-Geral de Inovação e Aceleração Digital da Atenção Primária (Cgiad) e aSecretaria de Atenção Primária à Saúde (Saps). A atividade contou ainda com a participação de representantes daSecretaria de Informação e Saúde Digital (Seidigi).\n\nLucinha Tremembé, secretária adjunta da Sesai, destacou a importância desse avanço. “Esta iniciativa é um marco para a saúde indígena, promovendo maior eficiência e segurança na gestão dos dados clínicos, laboratoriais e de vigilância. Estamos superando desafios históricos, e a interlocução com outras secretarias, algo alcançado e aprimorado nesta gestão. Todos esses avanços refletem nosso compromisso com a equidade no atendimento à saúde”, afirmou.\n\nO objetivo do treinamento é capacitar os profissionais de saúde para a utilização eficiente do novo sistema, garantindo uma transição eficaz para a plataforma. Oe-SUS APSvisa modernizar a gestão das informações de saúde na Atenção Primária (APS), por meio de um prontuário eletrônico integrado, superando limitações do antigo sistema (SIASI) e promovendo uma coleta mais segura e eficiente dos dados.\n\nO e-SUS APS SESAI (SIASI 4.0) faz parte do projeto de modernização da saúde digital indígena no Brasil. Junto com o InfoSUS IV, essa evolução promete aprimorar a coleta e gestão de dados das comunidades indígenas, otimizando o atendimento e tornando as informações de saúde mais acessíveis e precisas. A proposta é reduzir a fragmentação e aumentar a eficiência nos processos, impactando positivamente o atendimento prestado pelos profissionais de saúde.\n\nInovação na Saúde Digital Indígena\n\nPedro Peres, diretor do Departamento de Gestão da Saúde Indígena (Dgesi), ressaltou os benefícios que a transição trará para o Subsistema de Atenção à Saúde Indígena (SasiSUS). Segundo o diretor, o novo sistema aprimora a interoperabilidade e a privacidade dos dados, além de otimizar a eficiência operacional, reduzir custos e garantir um acesso mais ágil às informações de saúde. “O uso de tecnologias avançadas fortalece a governança e a gestão dos serviços de saúde, proporcionando uma atenção mais integrada, segura e de alta qualidade. Esta atualização é uma ferramenta de potencialidade e todos somos corresponsáveis por essa inovação que está transformando o atendimento às comunidades indígenas”, explicou.\n\nJá Marcos Pedrosa, assessor da Saps, reforçou o impacto revolucionário do novo sistema. “Com o e-SUS APS, as informações dos usuários estarão na palma da mão dos profissionais de saúde, garantindo um atendimento mais qualificado. De forma inédita, essa plataforma contribuirá para assegurar um acesso justo e equitativo para todas as comunidades indígenas”, destacou.\n\nDurante a abertura do evento, além de representantes da Casa de Apoio à Saúde Indígena (Casai) Nacional de Brasília, estiveram presentes osDistritos Sanitários Especiais Indígenas (Dsei)do Ceará, Interior Sul, Médio Rio Solimões e Afluentes, Yanomami e Xavante, que foram escolhidos para implementar o projeto piloto do e-SUS APS.\n\nA capacitação dos trabalhadores continua até quinta-feira (3), na Escola Nacional de Administração Pública (Enap)."
}