{
    "url": "https://www.gov.br/saude/pt-br/assuntos/noticias/2024/setembro/forca-nacional-do-sus-sobrevoa-municipios-do-amazonas-afetados-pela-crise-climatica",
    "titulo": "Força Nacional do SUS sobrevoa municípios do Amazonas afetados pela crise climática",
    "descricao": "Técnicos do Ministério da Saúde estão realizando o diagnóstico situacional das cidades afetadas para balizar novas estratégias",
    "subtitulo": "QUEIMADAS",
    "categoria": "Saúde e Vigilância Sanitária",
    "autora": "Otávio AugustoMinistério da Saúde",
    "tags": [
        "atenção especializada à saúde",
        "força nacional do sus",
        "queimadas",
        "mudanças climáticas"
    ],
    "data_publi": "20/09/2024",
    "texto": "Equipes daForça Nacional do Sistema Único de Saúde (SUS)intensificaram o monitoramento dos municípios afetados pelasqueimadas, concentração de fumaça densa e seca extrema. Entre as ações, estão sobrevoos nos municípios de Manaquiri e Careiro, no Amazonas, além de uma visita técnica à Central de Medicamentos do Amazonas (CEMA) onde discutiram medidas emergenciais para abastecimento de insumos.\n\nO Ministério da Saúde tem prestado apoio às regiões afetadas pela emergência climática. O principal objetivo é monitorar a capacidade de assistência e elaborar planos de resposta em caso de emergência de saúde pública. Além do Amazonas, Acre e Rondônia também contam com ações da Força Nacional do SUS.\n\nEm reunião com a Defesa Civil, foram abordadas estratégias de monitoramento de riscos e integração dosDistritos Sanitários Especiais Indígenas (DSEIs)no plano estadual de resposta. “Foram identificadas necessidades de apoio logístico de acordo com o mapeamento das áreas mais afetadas”, explica a enfermeira Juliana Lima, que coordenou a ação da Força Nacional do SUS.\n\nNesta quinta-feira (19), o secretário daAtenção Especializada, Adriano Massuda, e o coordenador da Força Nacional do SUS, Rodrigo Stabeli, também visitaram Marina do Davi, na praia de Ponta Negra, às margens do Rio Negro, onde avaliaram o nível da seca do curso d’água mais importante da capital amazonense.\n\nEm trabalho de campo no estado, Massuda ressaltou que o governo federal está empenhado em mitigar os efeitos da “crise humanitária” que a estiagem provocou. Entre os principais problemas está o comprometimento do acesso à água potável, baixa qualidade do ar e risco para a segurança alimentar.\n\nEquipes do Ministério da Saúde estão realizando o diagnóstico situacional dos municípios afetados para balizar novas estratégias. Nesta sexta-feira (20), serão realizadas missões de campo nos municípios de Tarauacá, Marechal Thaumaturgo e Cruzeiro do Sul, no Acre.\n\nAcesse a página da campanha \"Se tem fumaça, tem que ter cuidado\""
}