{
    "url": "https://www.gov.br/saude/pt-br/assuntos/noticias/2024/novembro/ministerio-da-saude-participa-de-evento-da-oms-sobre-dia-mundial-do-htlv",
    "titulo": "Ministério da Saúde participa de evento da OMS sobre Dia Mundial do HTLV",
    "descricao": "Durante esta semana, a pasta ministerial participou de eventos nacionais e internacionais sobre as respostas às Infecções Sexualmente Transmissíveis (ISTs)",
    "subtitulo": "VIGILÂNCIA DAS ISTs",
    "categoria": "Saúde e Vigilância Sanitária",
    "autora": "Lorany SilvaMinistério da Saúde",
    "tags": [
        "vigilância em saúde e ambiente",
        "infecções sexualmente transmissíveis",
        "htlv"
    ],
    "data_publi": "12/11/2024",
    "texto": "O Ministério da Saúde esteve representado, no último dia 7, em evento on-line promovido pela Organização Mundial da Saúde (OMS) sobre o Dia Mundial doHTLV (vírus linfotrópico de células T humanas), que ocorre todos os anos em 10 de novembro. Com o tema “Dia Mundial do HTLV – Aumentar a conscientização e fortalecer a resposta global”, a atividade reuniu especialistas de diversos países.\n\nNa ocasião, o membro do conselho-executivo da OMS, Jérôme Salomon, afirmou que a organização está comprometida com a construção de uma resposta mais eficaz e robusta para o HTLV. “Muitos desafios permanecem, e precisamos ainda mais de pesquisas para melhorar o diagnóstico, prevenção e cuidado”.\n\nA coordenadora-geral de Vigilância das Infecções Sexualmente Transmissíveis do Ministério da Saúde (Cgist), Pâmela Gaspar, compartilhou as iniciativas brasileiras em resposta ao HTLV. “Nós acreditamos que a informação é a melhor maneira de prevenir. Temos realizado oficinas com a sociedade civil, sociedade científica, professores, gestores e profissionais de saúde para tirar o HTLV da invisibilidade”, pontuou.\n\nPâmela Gaspar discorreu sobre as ações que estão sendo implementadas no Brasil, como a inclusão do HTLV na lista de infecções e doenças de notificação compulsória, visando à melhoria das políticas públicas direcionadas ao tema. A coordenadora também anunciou que o país está adotando o teste de triagem e confirmatório de HTLV durante o pré-natal, e ressaltou, ainda, a inclusão, no Programa Brasil Saudável, do HTLV na lista de infecções de transmissão vertical a serem eliminadas como problema de saúde pública até 2030. “Tudo isso é possível graças a nossa forte colaboração com a sociedade civil, sociedade científica, governos estaduais e municipais, profissionais de saúde, Opas (Organização Pan-Americana de Saúde) e OMS”.\n\nO conselheiro regional da Opas, Leandro Sereno, anunciou a publicação de nota técnica sobre boas práticas para prevenir a transmissão vertical do HTLV-1 no contexto da iniciativa EMTCT Plus, que visa eliminar a transmissão vertical deHIV,sífilis,hepatite Bedoença de Chagas. Atualmente, a Opas incluiu o HTLV na lista. “Vamos continuar a promover discussões e estimular os países a incluírem o HTLV na agenda de saúde pública”, afirmou.\n\nEventos sobre ISTs\n\nDurante a última semana, profissionais do Departamento de HIV, Aids, Tuberculose, Hepatites Virais e Infecções Sexualmente Transmissíveis do Ministério da Saúde (Dathi) também palestraram no 3º Fórum Ampliado de Transmissão Vertical, realizado pelas Gerências de Vigilância das ISTs e de Vigilância das Doenças Transmissíveis da Secretaria de Saúde do Distrito Federal (SES/DF). No evento, foram discutidos os indicadores, alcance das metas e inclusão do HTLV e da doença de Chagas no processo de certificação rumo à eliminação da transmissão vertical, que, em 2023, certificou quatro estados e 73 municípios na eliminação da transmissão vertical de HIV e/ou sífilis.\n\nDurante reunião virtual entre países de língua portuguesa, a coordenadora da Cgist, Pâmela Gaspar, compartilhou os avanços na implementação dos processos para validação da eliminação da transmissão vertical de HIV, sífilis e hepatite B no Brasil. Promovida pela OMS, a atividade também contou com representante do Ministério da Saúde de São Tomé e Príncipe, de forma a destacar a relevância da validação para a eliminação de doenças e a colaboração entre países lusófonos.\n\nTécnicos da Cgist também estiveram no 1º Simpósio de Infecção Congênita do DF para dialogar sobre pautas relacionadas à prevenção e promoção da saúde. Adicionalmente, durante o I Webinário Sobre Profilaxia Pós-Exposição (PEP): Condutas Clínicas em Relação a Exposição àsInfecções Sexualmente Transmissíveis (ISTs), promovido pela Secretaria Estadual de Saúde de Minas Gerais (SES-MG), o departamento foi convidado a auxiliar no treinamento de profissionais a respeito do acolhimento das pessoas e tratamento de infecções como sífilis, gonorreia eclamídia.\n\nJá no dia 8, ocorreu virtualmente o Encontro Estadual de Mulheres Vivendo com HIV e Aids em Sergipe. Com o tema “Assistência ao tratamento com qualidade e humanização”, o evento contou com a participação da Cgist no diálogo sobre prevenção, tratamento e políticas públicas voltadas para o HTLV."
}