{
    "url": "https://www.gov.br/saude/pt-br/assuntos/noticias/2024/junho/saude-investe-r-50-9-milhoes-para-habilitacao-de-equipes-multiprofissionais-nos-municipios-afetados",
    "titulo": "Saúde investe R$ 50,9 milhões para habilitação de equipes multiprofissionais nos municípios afetados",
    "descricao": "Medida tem o objetivo de minimizar os impactos da tragédia climática e recuperar estruturas de saúde do estado",
    "subtitulo": "RIO GRANDE DO SUL",
    "categoria": "Saúde e Vigilância Sanitária",
    "autora": "O recurso permitirá que as cidades afetadas pelas inundações efetivem o credenciamento de equipes e profissionais desaúde da família (eSF),saúde bucal (eSB),equipes multiprofissionais (eMulti)e agentes comunitários de saúde (ACS) para reforçar a atenção primária na região. Além disso, serviços como centros de especialidades odontológicas e laboratórios regionais de próteses também são ofertados.Segundo o secretário deAtenção Primária à Saúde, Felipe Proenço, a medida reforça o compromisso do Ministério da Saúde com a assistência durante a emergência e o restabelecimento da rede de assistência do estado. \"Avaliamos o que era viável neste momento de restauração e acreditamos que essas medidas demonstram a capacidade de retomada dos serviços de saúde no estado\", afirmou Proenço.Proenço também destacou a importância das equipes multiprofissionais, que incluem nutricionistas, fisioterapeutas, psicólogos e assistentes sociais, essenciais para a recuperação das atividades de saúde após o desastre.Reestruturação da atenção primáriaA pasta também já havia anunciado, hoje (27),a destinação de R$ 24,1 milhõespara a restauração da rede de assistência da atenção primária nos municípios afetados. O aporte, de caráter excepcional e em parcela única, beneficiará 52 municípios em calamidade da região, reforçando as estruturas de saúde após os eventos climáticos.A iniciativa visa aumentar e reforçar o acesso da população às ações e serviços da atenção primária à saúde, garantindo assistência, diagnóstico, tratamento, prevenção e controle de enfermidades decorrentes dos desastres meteorológicos.Igor TarcízioMinistério da Saúde",
    "tags": [
        "atenção primária",
        "assistência em saúde",
        "investimento",
        "rio grande do sul"
    ],
    "data_publi": "28/06/2024",
    "texto": "Nesta quinta-feira (27), o Ministério da Saúde anunciou o credenciamento de equipes de saúde para municípios afetados pelas fortes chuvas no Rio Grande do Sul, garantindo a transferência de incentivos financeiros para o custeio de equipes multiprofissionais e serviços de atenção básica na região. Umaportariaprevê a destinação de mais R$ 50,9 milhões para minimizar os impactos da tragédia climática e restaurar as estruturas de saúde do estado."
}