{
    "url": "https://www.gov.br/saude/pt-br/assuntos/noticias/2024/maio/saude-divulga-orientacoes-de-cuidado-para-trabalhadores-e-trabalhadoras-em-inundacoes-e-enchentes",
    "titulo": "Saúde divulga orientações de cuidado para trabalhadores em inundações e enchentes",
    "descricao": "Ambientes e processos de trabalho com riscos físicos, químicos e biológicos podem resultar em doenças como leptospirose, hepatite A e transtornos mentais relacionados ao trabalho (TMRT). Nota técnica traz as recomendações",
    "subtitulo": "RIO GRANDE DO SUL",
    "categoria": "Saúde e Vigilância Sanitária",
    "autora": "Gabriel BandeiraMinistério da Saúde",
    "tags": [
        "vigilância em saúde e ambiente",
        "emergências em saúde pública",
        "enchentes"
    ],
    "data_publi": "24/05/2024",
    "texto": "O Ministério da Saúde, através da Coordenação-Geral de Vigilância em Saúde do Trabalhador (CGSAT), lançou umanota técnicacom cuidados para trabalhadores em situações de inundações e alagamentos.\n\nNas Emergências em Saúde Pública (ESPs), como as fortes chuvas que atingem o Rio Grande do Sul desde o final de abril, os trabalhadores enfrentam ambientes e processos de trabalho expostos a riscos físicos, químicos e biológicos, que podem resultar em transtornos mentais relacionados trabalho (TMRT). Além disso, as equipes estão expostas a doenças como leptospirose, hepatite A, doenças de transmissão hídrica e alimentar, arboviroses e outras doenças de transmissão vetorial.\n\nVeja abaixo as principais situações enfrentadas e como se proteger:"
}