{
    "url": "https://www.gov.br/saude/pt-br/assuntos/noticias/2024/marco/primeira-etapa-do-novo-pac-saude-vai-construir-1-8-mil-ubs-em-todo-o-pais",
    "titulo": "Primeira etapa do Novo PAC Saúde vai construir 1,8 mil UBS em todo o país",
    "descricao": "Investimento de R$ 4,2 bilhões expande cobertura da Atenção Primária para mais de 8 milhões de pessoas",
    "subtitulo": "NOVAS UBS",
    "categoria": "Saúde e Vigilância Sanitária",
    "autora": "Janaína MichalskiMinistério da Saúde",
    "tags": [
        "secretaria executiva",
        "novo pac saúde",
        "resultado novo pac ubs",
        "emendas novo pac"
    ],
    "data_publi": "15/03/2024",
    "texto": "Mais de 1,5 mil municípios brasileiros serão beneficiados com a construção de 1,8 mil Unidades Básicas de Saúde (UBS) com recursos do novo Programa de Aceleração do Crescimento (Novo PAC Saúde). Com isso, mais 8,6 milhões de pessoas poderão ser atendidas pela Atenção Primária do Sistema Único de Saúde (SUS) em 26 estados brasileiros.\n\nA ação também viabiliza a ampliação do número de equipes de Saúde da Família (eSF), de Saúde Bucal (eSB), de Multiprofissionais (eMulti) e de Agentes Comunitários de Saúde (ACS). O investimento total é de R$4,2 bilhões. Os valores de cada unidade variam entre R$1,8 e R$6,6 milhões, de acordo com o tamanho.\n\nEntre os dez tipos de equipamentos ou de obras oferecidas pelo Novo PAC Saúde, os pedidos de novas UBS representaram o maior número de propostas feitas pelos estados e municípios: 5.665 propostas, referentes a 3.001 territórios.\n\nOs critérios de seleção priorizaram maior vulnerabilidade socioeconômica do município; maiores vazios assistenciais na Atenção Primária; locais com menores índices de cobertura de Estratégia de Saúde da Família; e adesão ao projeto arquitetônico de referência.\n\nPropostas habilitadas não selecionadas\n\nSão chamadas propostas habilitadas os projetos que preencheram todos os pré-requisitos do Novo PAC Saúde, passaram por todas as etapas de triagem, mas não foram selecionadas. No eixo Saúde há mais de 3,7 mil propostas que se encaixam nesta categoria e que poderão ser executadas via emendas parlamentares. O prazo para indicações termina na próxima quarta-feira, dia 20.\n\nDe acordo com o diretor de programas do Ministério da Saúde, Henrique Chaves, as emendas são uma oportunidade com benefícios para todos. “São obras que já têm a documentação adiantada, uma análise prévia já foi feita, o que acelera a execução do programa. Uma outra vantagem é que são obras de grande impacto social. Deixarão legado”, afirma.\n\nAs emendas também poderão contemplar propostas selecionadas pela pasta para financiamento pelo Novo PAC Saúde. Neste caso, o Ministério da Saúde vai financiar integralmente uma outra obra que o parlamentar indicar entre as habilitadas.\n\nAcesse oGuia Prático para a aplicação de emendas do PAC Seleções.\n\nConheça mais detalhes sobre o resultado do Novo PAC Seleções - eixo Saúde napágina especial."
}