{
    "url": "https://www.gov.br/saude/pt-br/assuntos/noticias/2024/novembro/brasil-adota-novo-esquema-vacinal-contra-a-poliomielite",
    "titulo": "Brasil adota novo esquema vacinal contra a poliomielite",
    "descricao": "A partir desta segunda-feira (4), todas as Unidades Básicas de Saúde (UBSs) passam a aplicar apenas a vacina inativada poliomielite (VIP), que é injetável. Gotinhas da vacina oral dão lugar a uma dose da VIP",
    "subtitulo": "‘FIM DA GOTINHA’",
    "categoria": "Saúde e Vigilância Sanitária",
    "autora": "Camilla NunesMinistério da Saúde",
    "tags": [
        "vigilância em saúde e ambiente",
        "poliomielite",
        "vacinação",
        "zé gotinha"
    ],
    "data_publi": "04/11/2024",
    "texto": "A partir desta segunda-feira (4), o esquema vacinal contrapoliomielitepassa a ser composto, exclusivamente, por uma dose de vacina inativada poliomielite (VIP). A decisão do Ministério da Saúde em substituir as duas doses de reforço com vacina oral poliomielite bivalente (VOPb), a famosa ‘gotinha’, pela injetável levou em conta as novas evidências científicas para proteção contra a doença. Com o avanço tecnológico, será possível garantir uma maior eficácia do esquema vacinal.\n\nPara o diretor do Departamento doPrograma Nacional de Imunizações(DPNI), Eder Gatti, a mudança é significativa e pode ser observada no mundo inteiro. Países como o Estados Unidos e nações europeias já utilizam esquemas vacinais exclusivos com a VIP.\n\n“O Ministério da Saúde está seguindo uma tendência mundial e está substituindo as duas doses de reforço com a gotinha por uma dose da vacina injetável, que tem uma plataforma mais segura e protege muito bem as nossas crianças”, explica Gatti.\n\nAtualmente, há cerca de 38 mil salas de vacinação nas Unidades Básicas de Saúde (UBSs) em todo o país. A meta do Ministério da Saúde é que a cobertura vacinal alcance 95% até o fim deste ano. Em 2023, a cobertura da VIP foi de 86,5% e a de VOP 78,2%, segundo as informações contidas naRede Nacional de Dados em Saúde (RNDS).\n\nO esquema vacinal anterior contemplava a administração de três doses da VIP aos 2, 4 e 6 meses e duas doses de reforço da VOP, a ‘gotinha’, aos 15 meses e aos 4 anos de idade. A partir de hoje, será necessária apenas uma dose de reforço com VIP, aos 15 meses,Desta forma o esquema vacinal passa a ser:\n\nCoberturas vacinais\n\nA nova estratégia para uso do imunizante injetável é mais um passo para garantir que o Brasil se mantenha livre dapoliomielite. O país está há 34 anos sem a doença, graças à vacinação em massa da população.\n\nO Brasil tem se destacado positivamente no avanço das coberturas vacinais. Após enfrentar declínios desde o ano de 2016, em 2023 o país reverteu a tendência de queda de 13 dos 16 imunizantes doCalendário Nacional de Vacinação. E a vacinação contra a poliomielite no país é uma das causas do resultado positivo.\n\nO Zé Gotinha vai se aposentar?\n\nO famoso personagemZé Gotinha, criado nos anos 1980, é o símbolo da luta contra a poliomielite e, além disso, foi usado para alertar sobre a prevenção de doenças imunopreveníveis. Mesmo com a mudança, ele continuará atuando em prol da vacinação e da vida.\n\n“O Zé Gotinha não vai desaparecer, pelo contrário, ele continua firme e forte na defesa doSistema Único de Saúde (SUS)e na promoção do PNI. Ele ajuda a promover não só o SUS, mas promover a vida, promover a vacinação”, reforça o diretor do DPNI."
}