{
    "url": "https://www.gov.br/saude/pt-br/assuntos/noticias/2024/agosto/censo-das-ubs-alcanca-100-de-adesao-dos-municipios-brasileiros",
    "titulo": "Censo das UBS alcança 100% de adesão dos municípios brasileiros",
    "descricao": "Mais de 85% dos municípios já finalizaram o preenchimento do questionário que identificará as necessidades dos profissionais e usuários das 50 mil UBSs de todo o país. Prazo vai até dia 16 de agosto",
    "subtitulo": "FIM DA PRIMEIRA FASE",
    "categoria": "Saúde e Vigilância Sanitária",
    "autora": "Vanessa RodriguesMinistério da Saúde",
    "tags": [
        "atenção primária",
        "censo das ubs",
        "unidades básicas de saúde",
        "saúde da família"
    ],
    "data_publi": "06/08/2024",
    "texto": "Em sua primeira fase, oCenso das UBSalcançou o expressivo resultado de 100% de adesão, ou seja, todos os municípios manifestaram interesse em preencher o questionário. 86,6% deles já finalizaram o preenchimento do questionário (3.500 municípios), representando 95,2% das UBSs diagnosticadas (48 mil unidades). “Passamos para uma nova etapa, sabendo que 3.500 municípios finalizaram o questionário, mas precisamos alcançar 100% das respostas. Por isso, pedimos aos gestores que entrem na plataforma até o dia 16 de agosto e respondam todas as questões. Essas informações são fundamentais para o diagnóstico correto do sistema de saúde brasileiro”, destaca Felipe Proenço, secretário deAtenção Primária à Saúde.\n\nAo considerar os números por região, o resultado demonstra que 91% dos municípios e 97,4% das UBSs da Região Norte finalizaram o censo nesta primeira fase. No Nordeste, 88% dos municípios e 95,9% das UBSs concluíram. No Sudeste, foram 81,5% dos municípios e 93,5% das UBSs. Na Região Centro Oeste, os dados relacionados à finalização do censo alcançaram 85,9% das cidades e 94,8% das UBS. Por fim, a Região Sul, mesmo diante dos eventos climáticos de chuvas intensas no Rio Grande do Sul,  63,6% dos municípios e 73,4% das UBSs conseguiram finalizar.  O preenchimento do questionário deve ser feito no endereço:https://egestoraps.saude.gov.br/\n\nMobilização nos territórios\n\nO Censo das UBS constituiu uma ampla rede de mobilização dos territórios, desde a fase de manifestação de interesse até a finalização das respostas dos questionários.\n\nDentre as ações realizadas, estão: estratégias de monitoramento por meio de acompanhamento diário dos dados nosistema e-Gestor;oficinas virtuais no âmbito federal, estadual e regional; estratégias de comunicação nas redes sociais e imprensa; ações locais de mobilização como oficinas presenciais; grupos de respostas; e contatos telefônicos diretos com os municípios e UBSs para sanar dúvidas.\n\nTodas as ações de mobilização envolveram a participação ativa dos diversos atores como: aSecretaria de Atenção Primária à Saúde (Saps), superintendências estaduais do Ministério da Saúde, o Conselho Nacional de Secretarias Municipais de Saúde (Conasems), conselhos de Secretarias Municipais de Saúde (Cosems), Secretarias Estaduais de Saúde, Secretarias municipais de Saúde e a rede de pesquisadores em atenção primária da Associação Brasileira de Saúde Coletiva (Abrasco).\n\nSalvador, uma das primeiras capitais a alcançar 100% de adesão ao censo, começou a mobilização desde os primeiros dias de abertura do preenchimento do questionário. “Assim que abriu o processo, realizamos uma primeira reunião com os coordenadores de saúde para explicar a importância do Censo para o desenvolvimento da saúde em Salvador. Depois, apresentamos as questões aos 162 gestores das UBSs e seus apoiadores. Isso permitiu uma maior adesão e facilidade em responder as questões”, explica Leandro Alves da Luz, gerente executivo de Atenção Primária à Saúde da capital baiana.\n\nOutra ação de gestão para acompanhamento do censo foi a classificação dos distritos sanitários mostrando a quantidade de UBSs que já haviam manifestado interesse em participar da pesquisa. “Diariamente, os gestores eram mobilizados, com a apresentação de um ranking entre os distritos. Essa foi uma forma de motivar e chamar a atenção para um instrumento potencializador das ações de saúde, pois esse é o propósito do Censo”, acrescenta Leandro. “Todo processo de gestão precisa de um momento de avaliação, de diagnóstico. O Censo chega no momento certo para avaliação das políticas públicas”.\n\nOs municípios do estado do Rio Grande do Sul, devido às enchentes que atingiram a região, tiveramo prazo de adesão estendido até o próximo dia 30 de setembro.\n\nSobre o Censo das UBS\n\nA iniciativa é coordenada pelo ministério e conta com a participação de órgãos como o Conass, a Abrasco, o Conselho Nacional de Saúde (CNS), a Organização Pan-Americana da Saúde (Opas), o Instituto de Pesquisa Econômica Aplicada (Ipea), a Rede de Pesquisa em Atenção Primária à Saúde (Rede APS) e representantes da comunidade acadêmica.\n\nO último levantamento de dados nacionais das Unidades Básicas de Saúde foi realizado em 2012 e, nesse intervalo de mais de uma década, houve inúmeras mudanças nos padrões de saúde da população, inclusive o avanço tecnológico, se tornando fundamental a atualização dos dados e da situação das UBSs no país.\n\nCronogramaVeja a seguir como serão as próximas etapas do censo:\n\n2024agosto a dezembro\n\n2025janeiro a junho"
}