{
    "url": "https://www.gov.br/saude/pt-br/assuntos/noticias/2024/outubro/em-reuniao-com-o-chanceler-do-vaticano-ministra-defende-coalizao-para-garantir-vacinas-e-medicamentos",
    "titulo": "Em reunião com o chanceler do Vaticano, ministra defende coalizão para garantir vacinas e medicamentos",
    "descricao": "Nísia Trindade também debateu mudanças climáticas e seus impactos na saúde, além de uma cooperação bilateral na área",
    "subtitulo": "AGENDA INTERNACIONAL",
    "categoria": "Saúde e Vigilância Sanitária",
    "autora": "Nathan VictorMinistério da Saúde",
    "tags": [
        "assuntos internacionais",
        "aliança regional",
        "produção de insumos",
        "vaticano"
    ],
    "data_publi": "08/10/2024",
    "texto": "A ministra da Saúde, Nísia Trindade, participou, nesta terça-feira (8), de reunião bilateral com o ministro das Relações Exteriores do Vaticano, Dom Paul Gallagher. Na oportunidade, Nísia debateu uma das pautas prioritárias do Brasil enquanto líder de momento do Grupo dos 20 (G20): a criação da Aliança para a Produção Regional e Inovação.\n\nEsta aliança, conforme apresentou Trindade ao chanceler europeu, é crucial para a garantia do acesso a insumos, sobretudo, em tempos de emergências sanitárias. “Essa visita foi importante para reforçar a agenda do Brasil no G20 e, também, a aliança global contra a fome, a pobreza e a desigualdade, lançada pelo presidente Lula”, destacou a ministra.\n\nEm junho, em encontro realizado em Salvador,os membros do Grupo de Trabalho da Saúde do G20 analisaram a proposta brasileira para desenvolvimento da aliança, que deve levar em conta fatores como a necessidade de desenvolvimento tecnológico e esforços de produção no mundo, além da necessidade de construir capacidade produtiva sustentável, tecnologias e plataformas para resiliência regional.\n\nNa esteira de esforços para essa preparação global, o Brasil inseriu a Fundação Oswaldo Cruz (Fiocruz) na rede da Coalizão para Inovações em Preparação para Epidemias (Cepi) de fabricantes de vacinas no Sul Global. A inclusão da instituição vai impulsionar significativamente os esforços de produção de vacinas na região da América Latina e do Caribe.\n\nSaúde & Ambiente\n\nNo encontro de hoje no Vaticano, a ministra da Saúde também tratou do contexto da crise climática enfrentada pelo Brasil e o impacto dasqueimadase a fumaça na saúde da população.\n\nPara a ministra, é essencial a adoção de políticas que fortaleçam a equidade em saúde relacionada à mudança do clima e que incluam direitos humanos e participação social. Ela também defendeu a pauta em reunião recente do Conselho Diretor da Organização Pan-Americana (Opas/OMS).\n\nNa sequência, Nísia Trindade ainda discutiu pautas em saúde de interesse comum entre a cidade-estado e o Brasil.\n\nNa série de agendas, a ministra também se encontrou com o Grão Hospitaleiro da Ordem Militar e Soberana de Malta, Fra' Alessandro de Franciscis, e com o Secretário-Geral para Assuntos Exteriores, Embaixador Gianpaolo Cantini."
}