{
    "url": "https://www.gov.br/saude/pt-br/assuntos/noticias/2024/novembro/saude-prepara-roraima-para-o-proximo-periodo-de-seca-e-estiagem",
    "titulo": "Saúde prepara Roraima para o próximo período de seca e estiagem",
    "descricao": "Equipe visita quatro municípios ao longo da semana: Pacaraima, Bonfim, Alto Alegre e Boa Vista. Pasta concluiu visita a todos os sete estados nortistas para prevenção dos efeitos das mudanças climáticas",
    "subtitulo": "MUDANÇAS CLIMÁTICAS",
    "categoria": "Saúde e Vigilância Sanitária",
    "autora": "João Vitor MouraMinistério da Saúde",
    "tags": [
        "vigilância em saúde e ambiente",
        "mudanças climáticas",
        "seca extrema",
        "região norte"
    ],
    "data_publi": "28/11/2024",
    "texto": "Na segunda-feira (25), a equipe técnica daSala de Situação Nacional de Emergências Climáticas em Saúdechegou em Roraima para conhecer as estratégias adotadas pelo estado no enfrentamento àsecae estiagem, que fez o principal rio da região - o Rio Branco - atingir o segundo pior índice desde 2016, quando houve a seca histórica.\n\nO objetivo do Ministério da Saúde é entender como o estado está se organizando para os futuros eventos climáticos, para que possa oferecer apoio, como orientação técnica e apoio financeiro – por meio daportaria nº 3.160, que regulamente o incremento financeiro para custeio de resposta a emergências em saúde pública no âmbito daAtenção Primária à Saúde, daAtenção Especializada à Saúde, da Vigilância em Saúde e daAssistência Farmacêutica do Sistema Único de Saúde (SUS).\n\nO ponto focal doPrograma Nacional de Vigilância em Saúde dos Riscos Associados aos Desastres, Vigidesastres, Lucas Fonseca, destaca que esse foi o primeiro estado em que a equipe da Sala esteve para realizar medidas de preparação para a próxima seca, que começa em dezembro e vai até março. “Estamos aqui para ajudar o estado no desenvolvimento de ações de preparação, que o auxiliará na redução ou controle de danos que podem ser causados por possíveis emergências em saúde\", afirmou.\n\nNeste ano, o Governo Federal reconheceu situação de emergência em 11 dos 15 municípios roraimenses devido à estiagem. São eles: Normandia, Amajari, Alto Alegre, Cantá, Caracaraí, Iracema, Pacaraima, Uiramutã, Caroebe, Rorainópolis e São João da Baliza. Além da estiagem, o estado também enfrentou queimadas. Entre 1º de janeiro de 2024 até o dia 25 de novembro, 5.023 focos de calor foram registrados, segundo o Programa Queimadas do Instituto Nacional de Pesquisas Espaciais (Inpe).\n\nDurante a semana, a equipe da Saúde composta por técnicos daSecretaria de Atenção Primária à Saúde (Saps),Secretaria de Vigilância em Saúde e Ambiente (SVSA)e aSecretaria de Saúde Indigena (Sesai)irão visitar 4 municípios do estado: Pacaraima, Bonfim, Alto Alegre e Boa Vista.\n\nNessas visitas, a equipe vai visitar os locais e as populações mais atingidas pela seca, como a indígena. De acordo com o Sistema de Atenção à Saúde Inígena (SIASI), o estado possui 658 aldeias, sendo 312 do DSEI Yanomami e 346 do DSEI Leste de Roraima. Cerca de 80 mil indígenas vivem no estado."
}