{
    "url": "https://www.gov.br/saude/pt-br/assuntos/noticias/2024/julho/selecao-de-mobilizadores-para-projeto-da-rede-de-atencao-psicossocial-recebe-inscricoes-ate-sexta-feira-26",
    "titulo": "Seleção de mobilizadores para projeto da Rede de Atenção Psicossocial recebe inscrições até sexta-feira (26)",
    "descricao": "São 50 vagas distribuídas em todo o país para mobilizadores estaduais que vão apoiar a equipe nacional no desenvolvimento das atividades de educação permanente",
    "subtitulo": "ÚLTIMOS DIAS",
    "categoria": "Saúde e Vigilância Sanitária",
    "autora": "Ministério da Saúde",
    "tags": [
        "trabalho e educação na saúde",
        "atenção primária",
        "atenção especializada à saúde",
        "atenção psicossocial"
    ],
    "data_publi": "22/07/2024",
    "texto": "Na próxima sexta-feira (26), termina o período de inscrições para oprocesso seletivopara mobilizadores estaduais do Projeto de Educação Permanente para aRede de Atenção Psicossocial (RAPS)noSistema Único de Saúde (SUS): Atenção Integral às Pessoas em Sofrimento Mental - oNós na Rede. A iniciativa é do Ministério da Saúde, por meio daSecretaria de Gestão do Trabalho e da Educação na Saúde (SGTES), daSecretaria de Atenção Especializada à Saúde (Saes)e daSecretaria de Atenção Primária à Saúde (Saps), em parceria com a Fundação Oswaldo Cruz (Fiocruz ).\n\nSão 50 vagas distribuídas em todo o país para mobilizadores estaduais que vão apoiar a equipe nacional no desenvolvimento das atividades do projeto nos territórios e na articulação com as redes de locais de saúde. Os selecionados atuarão na unidade federativa correspondente à vaga ofertada e participarão do curso de capacitação presencial em Brasília. Podem participar da seleção profissionais com nível superior nos campos de ciências da saúde, humanas e sociais que tenham experiência ou qualificação nas áreas especificadas no edital.\n\nA remuneração será feita por meio de bolsas, com vigência de três meses, podendo ser prorrogadas de acordo com as necessidades, disponibilidade de recursos e duração do projeto. O valor da bolsa é de R$ 7 mil por mês. A convocação para o processo seletivo ocorrerá por e-mail ou telefone, considerando o endereço de e-mail informado pelo candidato.\n\nSaiba mais\n\nA iniciativa faz parte das ações da pasta para atender demandas da atenção à saúde de pessoas em sofrimento mental e que fazem uso de drogas, bem como pessoas com transtornos mentais e em conflito com a lei."
}