{
    "url": "https://www.gov.br/saude/pt-br/assuntos/noticias/2024/novembro/ministerio-da-saude-disponibiliza-projeto-para-construcao-de-148-ubs-porte-iii",
    "titulo": "Ministério da Saúde disponibiliza projeto para construção de 148 UBS Porte III",
    "descricao": "As novas Unidades Básicas de Saúde ampliarão os atendimentos em 24,5 milhões por mês",
    "subtitulo": "NOVO PAC",
    "categoria": "Saúde e Vigilância Sanitária",
    "autora": "Vanessa RodriguesMinistério da Saúde",
    "tags": [
        "atenção primária",
        "novo pac",
        "unidades básicas de saúde",
        "núcleos de cuidado"
    ],
    "data_publi": "21/11/2024",
    "texto": "O Ministério da Saúde disponibilizou os projetos de arquitetura e infraestrutura para a construção de 148 Unidades Básicas de Saúde Porte III. A entrega reforça o compromisso da pasta em melhorar a qualidade de vida da população brasileira e aumentar o acesso a serviços de saúde, por meio do novoPrograma de Aceleração do Crescimento ( PAC). “Essa iniciativa enfatiza a responsabilidade entre União, estados e municípios para o fortalecimento do SUS, com a expansão e melhoria daAtenção Primária à Saúde”, diz o diretor de programas da Secretaria-Executiva do Ministério da Saúde, Henrique Chaves.\n\nOs gestores estaduais e municipais passam a contar com um projeto arquitetônico completo, desenvolvido na plataforma BIM, metodologia que reúne e organiza as informações de uma construção, desde o modelo até o orçamento dividido em núcleos temáticos, que irá contribuir na economicidade e agilidade da construção e no uso dos recursos. As UBS Porte III contarão com núcleos de cuidado que trarão racionalidade aos fluxos assistenciais e irão potencializar premissas de humanização e garantia da acessibilidade.\n\nO núcleo de acesso e acolhimento contempla espaços para usuários e acompanhantes, salas de acolhimento, de espera e recepção. O núcleo de medicação, procedimentos, exames e assistência farmacêutica compreende alas para pré-diabéticos, tratamento de feridas, realização de medicação, reidratação oral e outros serviços. O núcleo do cuidado integral traz um ambiente inovador, voltado para a atenção acolhedora, resolutiva e humanizada. São consultórios para o atendimento multiprofissional, com nutricionistas, fisioterapeutas e outros profissionais que qualificam a atenção ao usuário. Este núcleo inclui a sala lilás, para atendimento a mulheres em situação de vulnerabilidade por conta de violência doméstica.\n\nOutra inovação é a potencialização do atendimento por telessaúde, uma vez que os ambientes assistenciais estão preparados para a prática da telemedicina através de teleconsultas.\n\nO núcleo administrativo envolve ambientes que fortalecem a interação das equipes de trabalho que compõe a UBS. Oferece espaços de integração das equipes, copa, vestuário e sala de descompressão, que tem como objetivo promover um tempo de relaxamento, fazendo com que os profissionais voltem às suas atividades revigorados.\n\nOs usuários também serão envolvidos em práticas coletivas, populares e comunitárias, como ações de promoção em saúde, educação popular e hortas comunitárias, organizadas pelo núcleo de práticas coletivas. E, por fim, o núcleo de serviços, que compõe o setor de apoio técnico incluindo a Clínica de Monitoramento Educacional à Saúde (CME) e o apoio logístico.\n\nExpansão da Atenção Primária à Saúde\n\nA construção das 148 UBS Porte III permitirá a expansão da Atenção Primária à Saúde, especialmente em grandes municípios, com a implantação de novasEquipes de Saúde da Família,Equipes de Saúde BucaleEquipes Multiprofissionais.\n\n“A iniciativa faz parte de um esforço contínuo para melhorar o acesso à saúde e fortalecer a base do SUS, proporcionando atendimento de qualidade e próximo das comunidades”, pontua o secretário deAtenção Primária à Saúde do Ministério da Saúde, Felipe Proenço.\n\nQualidade essa que chegará até São Leopoldo, no Rio Grande do Sul, uma das regiões mais afetadas pelasenchentesque devastaram o estado no começo do ano. O município teve nove UBS destruídas pelas chuvas que foram reestabelecidas por meio do Plano de Reconstrução do estado. Além delas, o município receberá uma UBS Porte III, que, juntas, ampliarão o atendimento à Atenção Primária de 52 para 75% da população.  “Estamos ansiosos pela construção. Fizemos a proposta em 2017 e o governo anterior vetou todos os programas para a saúde. Agora temos a oportunidade de melhorar e qualificar a saúde para a população”, comemora o prefeito de São Leopoldo, Ary José Vanazzi.\n\nConfira os projetos referenciados para construção das UBS Porte III"
}