{
    "url": "https://www.gov.br/saude/pt-br/assuntos/noticias/2024/outubro/ministerio-da-saude-discute-prioridades-de-pesquisa-em-saude-com-foco-no-fortalecimento-do-sus",
    "titulo": "Ministério da Saúde discute prioridades de pesquisa em saúde com foco no fortalecimento do SUS",
    "descricao": "Comitê de Governança de Pesquisa em Saúde se reúne e debate articulação entre as secretarias da pasta para promover ciência, inovação e saúde de forma integrada",
    "subtitulo": "PESQUISA",
    "categoria": "Saúde e Vigilância Sanitária",
    "autora": "Ministério da Saúde",
    "tags": [
        "ciência e tecnologia em saúde",
        "comitê de governança",
        "pesquisa",
        "financiamento"
    ],
    "data_publi": "29/10/2024",
    "texto": "O Comitê de Governança de Pesquisa em Saúde do Ministério da Saúde realizou a1ª Reunião Ordinária, na quarta-feira (23), com representantes de todas as secretarias do órgão. O objetivo central foi a discussão das ações estratégicas de pesquisa de cada secretaria para construir uma agenda estratégica de prioridades de pesquisa, com foco no fortalecimento doSistema Único de Saúde (SUS). Durante o encontro, foram discutidos critérios para a definição de temáticas de pesquisas, além da padronização de processos de financiamento e monitoramento das iniciativas.\n\nNa abertura do evento, o secretário deCiência, Tecnologia e Inovação e do Complexo Econômico-Industrial da Saúde (Sectics), Carlos Gadelha, destacou a importância de uma maior articulação interna no Ministério. Segundo ele, a criação do Comitê é um passo fundamental para integrar as ações de pesquisa, sempre direcionadas ao benefício do SUS.\n\nO secretário também abordou o contexto histórico da Ciência e Tecnologia no Ministério da Saúde, destacando que a Sectics foi criada como um movimento estratégico, assim como oDepartamento de Ciência e Tecnologia (Decit).\"Precisamos valorizar as conquistas da Ciência e Tecnologia dentro da pasta e nos preparar para os novos desafios. O comitê surge para aproximar as agendas de pesquisa das reais necessidades do SUS, respeitando as particularidades de cada secretaria, com o mesmo objetivo de promover ciência, inovação e saúde\", afirmou Gadelha.\n\nA diretora do Decit, Mônica Felts, reforçou a relevância do momento. \"A pesquisa é uma pauta positiva que deve ser debatida e incentivada. Este encontro é uma oportunidade de colaboração e união, garantindo que as pesquisas sejam conduzidas de forma articulada e integrada\", disse a diretora. Enfatizou também a importância das chamadas públicas nas contratações de pesquisas, garantindo maior transparência e a participação de pesquisadores.\n\nPesquisas mais integradas\n\nDurante a reunião, foi apresentado oManual de Financiamento de Pesquisas pelo Ministério da Saúde, oferecendo diretrizes para a submissão, seleção e contratação de projetos. O documento também aborda as metodologias de monitoramento e avaliação das pesquisas financiadas, além da divulgação dos resultados, visando à transparência e aplicabilidade no SUS.\n\nOs representantes das secretarias ressaltaram a importância da criação do Comitê de Governança como um espaço de diálogo e cooperação, fundamental para a melhoria da qualidade e equidade nas pesquisas desenvolvidas. A proposta é que os projetos estejam sempre alinhados às demandas do SUS, reforçando o compromisso com a saúde de toda a população.\n\nNos próximos meses, o comitê continuará as reuniões para discutir o Regimento Interno e ajustar os pontos específicos de cada secretaria sobre as pesquisas, promovendo avanços na agenda de pesquisa em saúde. O Comitê de Governança de Pesquisa em Saúde se reunirá semestralmente, em caráter ordinário.\n\nO Comitê de Governança de Pesquisa em Saúde, instituído por meio daPortaria GM/MS n.º 4.021, de 16 de novembro de 2022, é coordenado pelo Decit."
}