{
    "url": "https://www.gov.br/saude/pt-br/assuntos/noticias/2024/junho/conferencia-sobre-equidade-no-trabalho-na-educacao-e-na-comunicacao-na-saude-recebe-mil-inscricoes",
    "titulo": "Conferência sobre equidade no trabalho, na educação e na comunicação na saúde recebe mil inscrições",
    "descricao": "Evento acontece dia 9 de julho e participantes poderão apontar diretrizes e propostas para o Programa Nacional de Equidade",
    "subtitulo": "VAGAS ESGOTADAS",
    "categoria": "Saúde e Vigilância Sanitária",
    "autora": "Ministério da Saúde",
    "tags": [
        "trabalho e educação na saúde",
        "comunicação na saúde",
        "equidade"
    ],
    "data_publi": "28/06/2024",
    "texto": "A primeira edição da Conferência Livre Nacional de Equidade no Trabalho, na Educação e na Comunicação na Saúde (1ª CLNE) teve as suas inscrições encerradas, devido ao preenchimento do número total de vagas. Foram 1.000 inscrições para participação online no evento, que acontece em 9 de julho. Com o tema \"A equidade no trabalho, na educação e na comunicação na Saúde\", o encontro será realizado por movimentos sociais que compõem a Comissão Intersetorial de Políticas de Promoção da Equidade (CIPPE) do Conselho Nacional de Saúde (CNS), em parceria com aSecretaria de Gestão do Trabalho e da Educação na Saúde  (SGTES).\n\nEntre os propósitos da 1ª CLNE está a discussão de diretrizes e propostas para o aperfeiçoamento doPrograma Nacional de Equidade de Gênero, Raça, Etnia e Valorização das Trabalhadoras no Sistema Único de Saúdee das práticas de promoção da equidade em saúde, tendo em vista a garantia da implementação das ações de promoção da equidade e valorização de trabalhadores do SUS. O programa, coordenado pela SGTES, faz parte do compromisso assumido pelo governo federal de enfrentamento às desigualdades de gênero e raça, reconhecendo o papel do Estado como promotor e articulador de estratégias e políticas públicas que buscam combater desigualdades sociais ainda presentes no país.\n\nTambém entre os assuntos da discussão está o tema  \"Democracia, trabalho e educação na saúde para o desenvolvimento: gente que faz o SUS acontecer\", da 4ª Conferência Nacional de Gestão do Trabalho e da Educação na Saúde (4ª CNGTES), a ser realizada em dezembro deste ano.\n\nRepresentantes de segmentos da sociedade identificados com a luta pela equidade no mundo do trabalho, educação na saúde e mobilizadas na construção de um SUS amplo, integral e igualitário, participarão do evento. Durante o encontro, serão formados grupos para debater e aprovar diretrizes e propostas com base no Relatório Consolidado das Diretrizes e Propostas, construídas a partir das sugestões recebidas por formulário eletrônico."
}