{
    "url": "https://www.gov.br/saude/pt-br/assuntos/noticias/2024/outubro/brasil-envia-mais-9-toneladas-de-medicamentos-ao-libano",
    "titulo": "Brasil envia mais 9 toneladas de medicamentos ao Líbano",
    "descricao": "Voo decolou neste sábado (26) com a maior carga enviada até o momento. Operação do Governo Federal já entregou mais de 47 toneladas de donativos, entre insumos hospitalares, cestas de alimentos e outros",
    "subtitulo": "RAÍZES DO CEDRO",
    "categoria": "Saúde e Vigilância Sanitária",
    "autora": "A Força Nacional do Sistema Único de Saúde é um programa do Ministério da Saúde com foco em medidas de prevenção, assistência e repressão durante situações epidemiológicas, de desastres ou de desassistência à população, quando for esgotada a capacidade de resposta do estado ou município.",
    "tags": [
        "atenção especializada à saúde",
        "força nacional do sus",
        "raízes do cedro",
        "líbano"
    ],
    "data_publi": "26/10/2024",
    "texto": "O Brasil envia, neste sábado (26), uma nova doação de insumos estratégicos em saúde para o Líbano. O voo de repatriação da FAB vai levar 400 mil ampolas do medicamento midazolam, utilizado para sedação pré-cirúrgica e para intubação orotraqueal. Essa é a maior carga enviada até o momento para o país e pesa aproximadamente 9,5 toneladas. A operação foi coordenada pelo Ministério da Saúde, em parceria com a Agência Brasileira de Cooperação - ABC, do Ministério das Relações Exteriores.\n\nO avião também vai levar medicamentos e cestas básicas arrecadados pela Embaixada do Líbano em Brasília, em conjunto com o Consulado-Geral do Líbano em São Paulo, por meio da Associação Unidos pelo Líbano - UpL, e pelo o Consulado-Geral do Líbano no Rio de Janeiro. Com essa arrecadação, a carga total para o Líbano pesa mais de 16 toneladas.\n\nA Operação Raízes do Cedro, do Governo Federal, já enviou mais de 490 quilos de medicamentos, envelopes para reidratação e seringas descartáveis, além de 20 mil seringas com agulhas e 4 mil agulhas individuais. A aeronave da FAB também já transportou 7 toneladas de medicamentos arrecadados em iniciativa coordenada pelo Consulado-Geral do Líbano no Rio de Janeiro.\n\nAs doações atendem à demanda apresentada pela Embaixada do Líbano em Brasília, em setembro. A cooperação humanitária internacional do Brasil acontece com base nos estoques doSistema Único de Saúde - SUSadministrados pelo Ministério da Saúde. Nesse sentido, doações são realizadas após análise técnica que assegura não haver risco de comprometimento do abastecimento nacional no âmbito do SUS.\n\nOitavo grupo de repatriados chegou nesta sexta (25)\n\nA oitava etapa da operação de repatriação de brasileiros e familiares do Líbano foi concluída nesta sexta-feira (25). A aeronave KC-30, do Governo Federal, pousou na Base Aérea de São Paulo, em Guarulhos, desembarcando os 239 passageiros, incluindo 19 crianças de colo e três animais de estimação. Com a finalização de mais essa etapa, a Operação Raízes do Cedro totaliza 1.638 brasileiros e familiares, além de 19 pets, resgatados da zona de conflito no Oriente Médio desde o dia 2 de outubro.\n\nQuando deixam a aeronave, os brasileiros e familiares contam com o acolhimento de profissionais a serviço do Ministério do Desenvolvimento Social e Combate à Fome, daForça Nacional do SUS(Ministério da Saúde), da Polícia Federal e da Receita Federal. Nas escalas técnicas em Lisboa, a operação tem suporte da Embaixada, via Consulado-Geral e Adidância de Defesa na capital portuguesa.\n\nAssistência em saúde pela Força Nacional do SUS\n\nAté o dia 25 de outubro, a Força Nacional do SUS realizou mais de 1,4 mil atendimentos aos repatriados do Líbano. A equipe composta por 13 profissionais de saúde prestou atendimentos médicos, psicossociais e assistenciais nos primeiros cinco voos que chegaram ao Brasil.\n\nAssim que deixam a aeronave, os passageiros contam com o acolhimento da FN-SUS, que é dividida em 3 eixos: a equipe de acolhimento que dava boas-vindas aos repatriados, em sua língua-mãe; a equipe com experiência em urgência e emergência que fica em espaço estratégico, de prontidão para a assistência aos passageiros que precisavam de atendimento imediato; e a equipe na tenda montada com equipamentos e dispositivos necessários para o atendimento médico e psicossocial."
}