{
    "url": "https://www.gov.br/saude/pt-br/assuntos/noticias/2024/junho/forca-nacional-do-sus-passa-a-atuar-em-mais-municipios-do-rs",
    "titulo": "Força Nacional do SUS passa a atuar em mais municípios do RS",
    "descricao": "Atualmente, 120 profissionais enviados pelo Ministério da Saúde atuam em quatro hospitais de campanha",
    "subtitulo": "RIO GRANDE DO SUL",
    "categoria": "Saúde e Vigilância Sanitária",
    "autora": "Otávio AugustoMinistério da Saúde",
    "tags": [
        "atenção especializada à saúde",
        "força nacional do sus",
        "rio grande do sul"
    ],
    "data_publi": "14/06/2024",
    "texto": "AForça Nacional do SUSampliou a atuação nos municípios gaúchos: Eldorado do Sul, Ibarama e Cachoeirinha. Na saúde indígena, três cidades ganharam reforço de voluntários. Atualmente, 120 integrantes da FN-SUS atuam em quatro hospitais de campanha, 17 profissionais em equipes volantes, duas equipes de saúde indígena e uma de psicossocial.\n\nEm Eldorado do Sul, o Ministério da Saúde passou a atuar com duas equipes na Ação Global Social (Aciso). A partir de sábado (14), elas atuarão em tendas do Serviço Social da Indústria (SESI).\n\nEm Ibarama, desde quarta-feira (12), equipes volantes atendem a população. Lá, vivem 4,3 mil pessoas. Cachoeirinha também passou a contar com a atuação da Força Nacional do SUS. Atualmente, as equipes volantes atuam em Porto Alegre, Canoas, Pelotas, São Leopoldo, Três Coroas e Viamão.\n\nAs equipes daSecretaria de Saúde Indígenaganharam o reforço em Pelotas, Viamão e Barra do Ribeiro.\n\nAtendimentos\n\nDesde 5 de maio, a Força Nacional do SUS já atendeu mais de 14 mil pessoas no Rio Grande do Sul. O Ministério da Saúde mantém quatro hospitais de campanha em funcionamento: em Porto Alegre, Canoas, São Leopoldo e Novo Hamburgo.\n\nDe acordo com o mais recente balanço doComitê de Operações Emergenciais (COE)do Rio Grande do Sul, a FN-SUS realizou 3,5 mil atendimentos volantes, 597 atendimentos indígenas, 371 atendimentos psicossociais e 66 remoções aéreas.\n\nVeja o volume de atendimentos por hospital de campanha:\n\nDiagnósticos\n\nAs doenças respiratórias lideram as hipóteses de diagnóstico nos atendimentos da Força Nacional do SUS. Ao todo, 21,9% dos pacientes apresentam esse tipo de afecção e 3.043 atendimentos tiveram esse desfecho.\n\nNa sequência, o ranking de hipóteses de diagnóstico é composto por atendimentos de rotina (18,6%), afecções gastrointestinais (9%), dengue (5,6%), trauma (3,6%) e leptospirose (3,4%)."
}