{
    "url": "https://www.gov.br/saude/pt-br/assuntos/noticias/2024/novembro/mais-medicos-reune-apoiadores-tecnicos-de-saude-dos-distritos-indigenas",
    "titulo": "Mais Médicos reúne apoiadores técnicos de saúde dos Distritos Indígenas",
    "descricao": "O programa está presente em 34 distritos, com mais de 500 médicos em atividade para atendimento à população",
    "subtitulo": "SAÚDE INDÍGENA",
    "categoria": "Saúde e Vigilância Sanitária",
    "autora": "Anna IungMinistério da Saúde",
    "tags": [
        "atenção primária",
        "saúde indígena",
        "mais médicos",
        "saúde da família"
    ],
    "data_publi": "08/11/2024",
    "texto": "ASecretaria de Atenção Primária à Saúde (Saps), em parceria com aSecretaria de Saúde Indígena (Sesai)do Ministério da Saúde, realizou em Brasília, nos dias 29 e 30 de outubro, oEncontro de Pontos Focais do Programa Mais Médicos nosDistritos Sanitários de Especiais Indígenas (Dseis). O evento representou um espaço de escuta e troca de experiências com o objetivo de aprimorar a implementação do programa nos territórios.\n\nCerca de 70 apoiadores técnicos de saúde participaram do espaço de diálogo e aprendizado conjunto. Os 32 Dseis presentes puderam compartilhar suas especificidades e desafios, e ressaltaram que a atuação dos médicos nos territórios deve ser realizada de forma a respeitar a cultura das etnias. Os representantes dos distritos apontaram que as variações climáticas são uma questão que determina as adaptações de mobilidade, mas que isso não é considerado impeditivo para o trabalho dos médicos do programa junto às comunidades.\n\nO coordenador-geral de Provimento Profissional da Saps, Edson Lucena, destacou o compromisso dessa gestão em assegurar a permanência dos profissionais nos locais. “Temos que não só fazer o provimento, mas também fixar os médicos nas localidades para garantir a continuidade do cuidado da população”. Já a coordenadora de Articulação Interfederativa e Regulação da Saúde Indígena, Eugênia Calazans, enfatizou a importância do papel do apoiador na articulação entre os atores “para manter a boa comunicação e dispor de informações atualizadas para o sucesso do nosso trabalho”.\n\n“Discutir juntos propostas de melhoria para a nossa dinâmica de trabalho resulta no incremento de ações mais assertivas para a implementação, sustentabilidade e fortalecimento doMais Médicos, além da garantia de acesso e atendimento da população na atenção primária”, pontuou o diretor do Departamento de Apoio à Gestão da Atenção Primária à Saúde, Wellington Carvalho.\n\nAinda no primeiro semestre deste ano, um edital do Mais Médicos abriu novas vagas para assistência à população indígena, por meio da oferta de 196 vagas. A retomada do programa garantiu que médicos compusessem asequipes de Saúde da Família (eSF), aumentando a cobertura da população em áreas remotas, de difícil acesso e de alta vulnerabilidade. A quantidade de médicos nos territórios indígenas mais do que dobrou, passando de 242, em 2022, para 570 profissionais atualmente, o que representa crescimento de 135%. Com o novo chamamento, a expectativa é ultrapassar o número de 700 médicos em atuação nos territórios."
}