{
    "url": "https://www.gov.br/saude/pt-br/assuntos/noticias/2024/junho/ministra-da-saude-inaugura-ubs-e-participa-de-vacinacao-em-escola-de-juiz-de-fora",
    "titulo": "Ministra da Saúde inaugura UBS e participa de vacinação em escola de Juiz de Fora",
    "descricao": "Durante visita, prefeitura concederá a Nísia Trindade a Comenda Henrique Halfeld",
    "subtitulo": "ASSISTÊNCIA",
    "categoria": "Saúde e Vigilância Sanitária",
    "autora": "Nadja Alves dos ReisMinistério da Saúde",
    "tags": [
        "vigilância em saúde e ambiente",
        "atenção especializada à saúde",
        "vacinação",
        "minas gerais"
    ],
    "data_publi": "03/06/2024",
    "texto": "Nesta segunda-feira (3), a ministra da Saúde, Nísia Trindade, estará em Juiz de Fora (MG) para a inauguração de uma Unidade Básica de Saúde (UBS) e um ato de vacinação na Escola Municipal Elpídio Corrêa. Durante a visita, ela recebe a Comenda Henrique Halfeld – medalha que simboliza o reconhecimento a cidadãos que prestaram serviços em defesa dos interesses culturais, sociais, econômicos, políticos e humanitários da cidade.\n\nDia de vacinação na escola\n\nA aplicação de doses será realizada na Escola Municipal Elpídio Corrêa, com foco na imunização contra Influenza e outras vacinas de rotina. Em 2024, o Ministério da Saúde destinou R$ 150 milhões para estados e municípios como incentivo financeiro excepcional e temporário para custear ações de vacinação, incluindo a mobilização nas escolas. Minas Gerais recebeu R$ 1,2 milhão para o desenvolvimento de estratégias, além de R$ 12 milhões para 853 municípios do estado.\n\nNova Unidade Básica de Saúde (UBS) vai impactar 12 mil pessoas\n\nLocalizada na Zona Oeste da cidade, a UBS Jóquei Clube I é resultado da retomada de uma obra iniciada em 2016. Com a nova estrutura doSistema Único de Saúde (SUS), a comunidade local será beneficiada com quatro equipes de Saúde da Família, um dentista e um assistente social.\n\nHomenagem pública\n\nDurante a visita, a ministra da Saúde receberá a Comenda Henrique Halfeld, junto a outros 24 homenageados. Instituída há mais de 30 anos, a honraria é dedicada aos cidadãos que se distinguiram por contribuições relevantes para a comunidade de Juiz de Fora. Homenagem faz referência ao fundador da cidade, o engenheiro Henrique Guilherme Fernando Halfeld, e é parte das comemorações dos 174 anos do município."
}