{
    "url": "https://www.gov.br/saude/pt-br/assuntos/noticias/2024/abril/ministerio-da-saude-celebra-parceria-com-a-fgv-projetos",
    "titulo": "Ministério da Saúde celebra parceria com a FGV Projetos",
    "descricao": "Fortalecer a gestão de políticas públicas em saúde é um dos objetivos do estudo",
    "subtitulo": "MELHORIA NA GESTÃO",
    "categoria": "Saúde e Vigilância Sanitária",
    "autora": "Ministério da Saúde",
    "tags": [
        "secretaria executiva",
        "gestão pública",
        "cooperação",
        "fgv"
    ],
    "data_publi": "09/04/2024",
    "texto": "Analisar e identificar oportunidades de melhoria para o fortalecimento da gestão de políticas pública de saúde. Este é o objetivo da parceria entre o Ministério da Saúde e a FGV Projetos, da Fundação Getulio Vargas (FGV).\n\nA parceria pretende mapear e classificar os instrumentos de cooperação técnicas utilizados pelo Ministério da Saúde. O estudo será realizado para aprimorar a gestão administrativa, procedimental e orçamentária. O projeto terá duração de nove meses.\n\nOsecretário executivodo Ministério da Saúde, Swedenberger Barbosa, destacou que a parceria representa uma inovação na administração pública. “Essa parceria inédita com a FGV Projetos vai nos ajudar a melhorar os resultados e aprimorar nossas decisões”, disse.\n\nFGV Projetos\n\nA FGV Projetos é uma unidade de assessoria técnica da Fundação Getulio Vargas, responsável pela aplicação do conhecimento acadêmico gerado e acumulado em suas escolas e institutos. A unidade auxilia organizações públicas, empresariais e do terceiro setor, no Brasil e no exterior, desenvolvendo projetos nas áreas de economia e finanças, gestão e administração, e políticas públicas. Para isso, conta com uma equipe técnica inteiramente formada por doutores, mestres e especialistas.\n\nHá mais de 30 anos, a FGV Projetos reúne capacidade técnica, metodologias inovadoras e uma equipe de profissionais qualificados, com experiência comprovada para promover práticas gerenciais eficientes."
}