{
    "url": "https://www.gov.br/saude/pt-br/assuntos/noticias/2024/junho/ministerio-aumenta-em-8-4-a-bolsa-de-profissionais-do-mais-medicos",
    "titulo": "Ministério aumenta em 8,4% a bolsa de profissionais do Mais Médicos",
    "descricao": "Com reajuste, valor líquido da remuneração de julho vai chegar a R$ 12.500. Último aumento havia sido feito em 2019",
    "subtitulo": "INCENTIVO",
    "categoria": "Saúde e Vigilância Sanitária",
    "autora": "Atualmente, 60% dos médicos em atuação nos municípios mais vulneráveis são do programa, uma vez que a distribuição de vagas leva em conta a vulnerabilidade dos territórios, a dependência do SUS para o acesso da população à saúde e a dificuldade de provimento dos profissionais. Entre os públicos atendidos, estão comunidades indígenas, população privada de liberdade, por meio das equipes de Atenção Primária Prisional (eAPP), e pessoas em situação de rua nas equipes de Consultório na Rua (eCR).Nadja Alves dos ReisMinistério da Saúde",
    "tags": [
        "atenção primária",
        "mais médicos",
        "bolsa formação",
        "assistência"
    ],
    "data_publi": "13/06/2024",
    "texto": "O Ministério da Saúde publicou, na quarta-feira (12), umaportariaque aumenta em 8,4% a bolsa dos profissionais doPrograma Mais Médicos. Com esse reajuste, o valor líquido, que era de R$ 11.530,04, vai chegar a R$ 12.500,80. A última atualização do pagamento da bolsa-formação havia sido feita em 2019.\n\nSegundo o secretário deAtenção Primária à Saúde, Felipe Proenço, o valor adicional será pago aos médicos a partir da próxima remuneração, realizada no primeiro dia útil de julho. “Esse é um reconhecimento importante da centralidade e da importância do programa Mais Médicos”, salientou.\n\nCom o reajuste, o valor bruto da remuneração mensal, que era de R$ 12.385,50, passa para R$ 14.058,00. O aumento também vai ampliar os valores de ajuda de custo, pagos quando o médico muda de cidade para atuar no Programa, que variam de uma a três bolsas-formação, a depender da localidade de atuação.\n\nAlém disso, a medida também vai ampliar as indenizações por fixação, que é o valor acumulado da soma das bolsas-formação que o profissional pode receber ao final dos quatro anos do programa. Esses incentivos variam de 10% a 80% do total de bolsas recebidas, a depender da localidade de atuação e da condição do médico.\n\nPrograma Mais Médicos garante atendimento para as populações mais vulneráveis\n\nSegundo opainel do programa, o Mais Médicos conta, atualmente, com 24,9 mil vagas ocupadas e 2,6 mil em ocupação – número muito próximo da meta estabelecida pelo Ministério da Saúde para este ano, que é de 28 mil médicos ativos. O programa criado para ampliar a presença de médicos em regiões carentes nasceu em 2013 e foi retomado em 2023, quando alcançou, pela primeira vez, a robusta marca de 20 mil profissionais em atuação."
}