{
    "url": "https://www.gov.br/saude/pt-br/assuntos/noticias/2024/agosto/ciclo-de-conversas-discute-pesquisas-avaliativas-e-aprimoramento-de-politicas-publicas",
    "titulo": "Ciclo de conversas discute pesquisas avaliativas e aprimoramento de políticas públicas",
    "descricao": "Evento online será na quarta (21) e tem como objetivo compartilhar conhecimentos, experiências e conceitos sobre avaliação de políticas de saúde",
    "subtitulo": "EM DEBATE",
    "categoria": "Saúde e Vigilância Sanitária",
    "autora": "Ministério da Saúde",
    "tags": [
        "ciência e tecnologia em saúde",
        "ciclo de conversas",
        "políticas de saúde",
        "pesquisas avaliativas"
    ],
    "data_publi": "16/08/2024",
    "texto": "Na próxima quarta-feira (21), das 9h às 11h, ocorrerá oCiclo de Conversas 2024: Temporalidade das pesquisas avaliativas e sua contribuição para o aprimoramento das políticas públicas. O encontro será virtual e terá como objetivo a promoção do uso de evidências e o fortalecimento da cultura avaliativa para auxiliar na tomada de decisão na formulação, implementação de políticas de saúde.\n\nParticipe do Ciclo de Conversas 2024\n\nVoltado para os gestores e técnicos do Ministério da Saúde, além de pesquisadores da temática, oCiclo de Conversasé um espaço para se compartilhar conhecimentos, experiências e conceitos sobre avaliação de políticas, programas e projetos. Também permite a reflexão sobre especificidades, abrangências, benefícios e limitações presentes em cada tipo de avaliação.\n\nO encontro é realizado pelaSecretaria de Ciência, Tecnologia e Inovação e do Complexo Econômico-Industrial da Saúde (Sectics), por meio da Coordenação-Geral de Evidências em Saúde (CGEvi) do Departamento de Ciência e Tecnologia (Decit).\n\nEste evento contará duas mesas temáticas:\n\nMesa 1 – “Quando fazer pesquisa avaliativa?”:discussão sobre a importância e a relevância da questão da temporalidade para se fazer pesquisas avaliativas, buscando resultados que possam fornecer subsídios para aprimorar políticas públicas de forma oportuna.\n\nMesa 2 – “Experiência de gestores com pesquisas avaliativas e contribuição para o aprimoramento de políticas públicas”:gestores da Saúde que estão vivenciando o processo avaliativo ou já tiveram políticas avaliadas no âmbito do Ministério da Saúde compartilham suas experiências."
}