{
    "url": "https://www.gov.br/saude/pt-br/assuntos/noticias/2024/novembro/ministerio-da-saude-prorroga-edital-de-preceptoria-para-programa-mais-saude-com-agente",
    "titulo": "Ministério da Saúde prorroga edital de preceptoria para Programa Mais Saúde com Agente",
    "descricao": "As inscrições podem ser feitas até 9 de dezembro. Serão ofertadas 8 mil vagas para profissionais de saúde de todo o país",
    "subtitulo": "MAIS SAÚDE COM AGENTE",
    "categoria": "Saúde e Vigilância Sanitária",
    "autora": "Luana GomesMinistério da Saúde",
    "tags": [
        "trabalho e educação na saúde",
        "atenção primária",
        "agentes de saúde",
        "preceptoria"
    ],
    "data_publi": "29/11/2024",
    "texto": "O Ministério da Saúde, em parceria com o Conselho Nacional de Secretarias Municipais de Saúde (Conasems), a Universidade Federal do Rio Grande do Sul (UFRGS) e as Escolas de Saúde do SUS, publicou na última terça feira (26) a errata de prorrogação de inscrições doEdital nº 13 /2024. Este processo seletivo simplificado visa selecionar profissionais de saúde para preceptores, supervisores de preceptoria e assistentes loco-regionais para novas turmas doPrograma Mais Saúde com Agente.\n\nAs inscrições podem ser feitas até 9 de dezembro, exclusivamente napágina do programa\n\nSão mais de 8 mil vagas distribuídas em todos os municípios onde o Programa conta com estudantes homologados. Para vaga de preceptor, é preciso ser profissional da saúde vinculado ao município, ter graduação na área da saúde e no mínimo 3 meses de experiência naAtenção Primária à Saúde (APS)ou naVigilância em Saúde. Para supervisor de preceptoria, o candidato deve ser graduado na área da saúde e ter diploma de mestrado. Já o candidato à assistente loco-regional, deve ter graduação completa e vínculo ativo com a Secretaria Municipal de Saúde ou com a Secretaria Estadual de Saúde.\n\nOs profissionais de saúde selecionados para a preceptoria terão a possibilidade de realizar uma especialização para atuarem como preceptores na educação técnica e profissional. Esse processo formativo inovador, busca qualificar os trabalhadores da Atenção Primária à Saúde e da Vigilância em Saúde como educadores para a formação dos profissionais técnicos, que representam mais da metade dos trabalhadores doSistema Único de Saúde (SUS). Este é um importante passo para a valorização dos profissionais da saúde que também são educadores do SUS, contribuindo para a construção das escolas públicas em saúde e consequentemente com a melhor formação dos técnicos e do cuidado em saúde ofertado por esses profissionais diretamente à população.\n\nSobre o programa\n\nO Programa Mais Saúde com Agente é uma ação do Ministério da Saúde, realizada por meio da Secretaria de Gestão do Trabalho e da Educação na Saúde (SGTES), em parceria com o Conselho Nacional de Secretarias Municipais de Saúde (Conasems), a Universidade Federal do Rio Grande do Sul (UFRGS) e as Escolas de Saúde do SUS.\n\nO objetivo é preparar os Agentes Comunitário de Saúde (ACS) e de Combate às Endemias (ACE) de acordo com as novas atribuições da categoria, previstas naLei nº 11.350/2006, oferecendo condições para analisar informações coletadas nas residências, além de orientar a população a fim de melhorar a qualidade e resolutividade da Atenção Primária.\n\nA formação de agentes de saúde é fundamental para o fortalecimento do Sistema Único de Saúde (SUS), no âmbito daEstratégia Saúde da Família (ESF)e da Vigilância em Saúde (VS) para promoção, prevenção, controle e monitoramento das doenças e agravos nos territórios."
}