{
    "url": "https://www.gov.br/saude/pt-br/assuntos/noticias/2024/agosto/nota-de-pesar-pela-tragedia-em-vinhedo",
    "titulo": "Nota de pesar pela tragédia em Vinhedo",
    "descricao": "Ministério da Saúde manifesta profundo pesar pela queda da aeronave em Vinhedo (SP)",
    "subtitulo": "NOTA À IMPRENSA",
    "categoria": "Saúde e Vigilância Sanitária",
    "autora": "Ministério da Saúde",
    "tags": [
        "atenção especializada à saúde",
        "força nacional do sus",
        "nota à imprensa"
    ],
    "data_publi": "09/08/2024",
    "texto": "O Ministério da Saúde manifesta profundo pesar pela queda da aeronave em Vinhedo (SP) e se solidariza com os familiares das vítimas e todos aqueles que possam ter sido atingidos por essa tragédia.\n\nA equipe daForça Nacional do SUSestá à disposição para auxiliar na assistência e apoio psicossocial aos familiares neste momento de dor e o Ministério da Saúde se coloca aberto ao diálogo com o município afetado e os estados do Paraná e São Paulo para o atendimento das principais demandas."
}