{
    "url": "https://www.gov.br/saude/pt-br/assuntos/noticias/2024/novembro/ministerio-da-saude-participa-de-conferencia-global-pelo-fim-da-violencia-contra-criancas",
    "titulo": "Ministério da Saúde participa de conferência global pelo fim da violência contra crianças",
    "descricao": "Durante evento, Pasta anunciou que em breve o Brasil vai realizar a primeira pesquisa nacional sobre saúde mental e apresentou os painéis de monitoramento de violência.",
    "subtitulo": "VIOLÊNCIA",
    "categoria": "Saúde e Vigilância Sanitária",
    "autora": "Ministério da Saúde",
    "tags": [
        "vigilância em saúde e ambiente",
        "violência contra crianças"
    ],
    "data_publi": "09/11/2024",
    "texto": "Para somar com outros países na eliminação da violência na infância, o Ministério da Saúde, esteve em Bogotá, na Colômbia, para a 1ª Conferencia Global pelo Fim da Violência contra Crianças. Durante o evento, a pasta reafirmou o compromisso do Brasil com a proteção de crianças e adolescentes por iniciativas coordenadas para fortalecer a segurança,a proteção e o cuidado integral à criança. Além disso, durante uma reunião bilateral com a Organização Pan-Americana da Saúde (OPAS), a Pasta anunciou que, em breve, o Brasil vai realizar a primeira pesquisa nacional sobre saúde mental e apresentou os painéis de monitoramento de violência.\n\nO Ministério foi representado pela Diretora do Departamento de Análise Epidemiológica e Vigilância de Doenças não Transmissíveis que afirmou que o Brasil tem uma legislação robusta para o enfrentamento à violência contra criança e destacou, ainda, ser necessário avançar. “Nosso objetivo é evitar essas violações e no caso de ocorrência, oferecer um melhor acolhimento às vítimas”.\n\nEm 2023, segundo opainel Violência Interpessoal/Autoprovocada, o Brasil registrou 146.212 notificações de violências contra crianças entre 0 e 14 anos, sendo: 11% de violência autoprovocada; 86%, interpessoal; e 3%, indeterminado. Esses dados foram apresentados pela Diretora do DAENT, Letícia Cardoso, em uma reunião bilateral com o diretor da Organização Pan-Americana da Saúde (OPAS), Jarbas Barbosa, e para a ministra dos Direitos Humanos e Cidadania do Brasil, Macaé Evaristo."
}