{
    "url": "https://www.gov.br/saude/pt-br/assuntos/noticias/2024/maio/chamada-de-artigos-sobre-saude-masculina-tem-inscricoes-prorrogadas-ate-31-de-maio",
    "titulo": "Chamada de artigos sobre saúde masculina tem inscrições prorrogadas até 31 de maio",
    "descricao": "Revista Interface lançará suplemento especial em celebração aos 15 anos da Política Nacional de Atenção Integral à Saúde do Homem (PNAISH)",
    "subtitulo": "PESQUISA",
    "categoria": "Saúde e Vigilância Sanitária",
    "autora": "Laísa QueirozMinistério da Saúde",
    "tags": [
        "atenção primária",
        "saúde do homem",
        "chamada pública"
    ],
    "data_publi": "24/05/2024",
    "texto": "Muitos homens ainda negligenciam o cuidado com a saúde, mas o tema tem ganhado cada vez mais destaque no debate público, inclusive no âmbito acadêmico. O periódicoInterface: Comunicação, Saúde, Educaçãolançou uma chamada de artigos sobre os 15 anos daPolítica Nacional de Atenção Integral à Saúde do Homem (PNAISH), e as inscrições de resumos foram prorrogadas até o próximo dia 31.\n\nA iniciativa é feita em parceria com aSecretaria de Atenção Primária do Ministério da Saúde (Saps). “É importante compreender como padrões negativos de masculinidade podem afetar a saúde dos homens, que apresentam taxas de mortalidade maiores que as das mulheres”, explica o coordenador de Saúde do Homem da pasta, Celmário Brandão.“Trabalhadores do SUS, que acompanham os homens nos atendimentos em seus territórios, certamente têm muito a contribuir com esse compilado”, convida.\n\nSerão publicados 20 artigos no suplemento especial Saúde do Homem da revista. O objetivo é promover a disseminação de conhecimento atualizado e relevante sobre masculinidades, cuidado e saúde, incentivando a produção científica.\n\nComo participar\n\nA primeira etapa é a avaliação dos resumos, cujo resultado será divulgado no dia 7 de junho. Já a submissão do manuscrito completo deverá ser feita naplataforma da revista Interfaceaté 21 de julho.\n\nOs artigos podem contemplar eixos temáticos da PNAISH, além de seus objetivos e processos de implementação, execução, monitoramento e avaliação da política. Também pode ser abordada a relação dos homens com as práticas de cuidado e com os serviços de saúde, considerando determinantes socioculturais e interseccionalidades.\n\nPara se inscrever, acesse o formulário\n\nSobre a revista\n\nAInterface – Comunicação, Saúde, Educaçãoé uma publicação interdisciplinar de acesso aberto, editada pela Universidade Estadual Paulista (Unesp). Tem a missão de publicar artigos e outros materiais relevantes sobre a formação de profissionais de saúde e a saúde coletiva, em diálogo com outras áreas do conhecimento, como filosofia, artes, ciências sociais e humanas. O periódico prioriza abordagens críticas e inovadoras, além da pesquisa qualitativa."
}