{
    "url": "https://www.gov.br/saude/pt-br/assuntos/noticias/2024/outubro/impactos-da-seca-em-aldeia-indigena-do-amapa-sao-avaliados-por-tecnicos-da-saude",
    "titulo": "Impactos da seca em aldeia indígena do Amapá são avaliados por técnicos da Saúde",
    "descricao": "Mais de 80 indígenas da Aldeia Urunai, no Parque do Tumucumaque, sofreram prejuízos decorrentes da estiagem. Acesso restrito à água e à alimentação estão entre as dificuldades",
    "subtitulo": "SECA EXTREMA",
    "categoria": "Saúde e Vigilância Sanitária",
    "autora": "João Vitor MouraMinistério da Saúde",
    "tags": [
        "vigilância em saúde e ambiente",
        "saúde indígena",
        "mudanças climáticas",
        "queimadas"
    ],
    "data_publi": "23/10/2024",
    "texto": "Nesta terça-feira (22), parte da equipe técnica da Saúde que está em missão no Amapá, por meio daSala de Situação Nacional de Emergências Climáticas em Saúde, visitou a aldeia Urunai, na Terra Indígena do Parque do Tumucumaque. O intuito era ouvir a população local e coletar informações sobre os danos causados pelaseca, estiagem equeimadasna região Norte.\n\nDe acordo com oDistrito Sanitário Especial Indígenado Amapá e Norte do Pará (Dsei AMP), que cuida da rede de saúde, das práticas sanitárias e desenvolve atividades administrativo-gerenciais necessárias à prestação da assistência, a estiagem agravou a falta de água para os 86 indígenas da aldeia.\n\nOs técnicos vão produzir um diagnóstico situacional dos impactos da emergência climática no estado.  O documento servirá para subsidiar as ações e estratégias que o Ministério da Saúde deverá adotar para atender as necessidades identificadas e implementar soluções para melhorar a saúde da população.\n\nDaniela Junqueira, técnica daSecretaria de Saúde Indígena (Sesai), reforça que as comunidades indígenas são bastante afetadas nessa situação de emergência climática. “A principal fonte de água da aldeia é o rio Marapi. Ele não secou completamente, mas o nível do rio baixou, gerando maior dificuldade no acesso à água, e a pesca de peixe foi reduzida. O problema ambiental também afeta asaúde mentaldos indígenas”, destaca.\n\nNesta semana, por sinal, a aldeia Urunai recebe a capacitação do eixo da Educação Permanente do DSEI AMP. Uma das atividades abordadas é o protagonismo dos agentes indígenas de saúde e de saneamento na promoção do bem-viver, na qual é discutida a importância da saúde mental em eventos climáticos extremos.\n\nPor conta da estiagem, as plantações de mandioca, batata, cará, banana e milho foram afetadas e a alimentação foi comprometida. “O clima está muito seco. Nós plantamos no roçado e não conseguimos colher. A terra está mais quente do que no ano passado. Queremos que a plantação cresça para que nossa alimentação possa melhorar”, traduziu o agente indígena de saúde da aldeia Missão Nova, Lúzio Kxuyana, as palavras do caciqueAmisipa Kapai Tiriyó.\n\nAcesso à saúde\n\nNa região, os atendimentos à comunidade continuam sendo realizados pela equipe da Unidade Básica de Saúde Indígena (UBSI), que se desloca por via aérea. De acordo com os relatos da população, a principal dificuldade no momento é a assistência aos povos que são acessados pelos rios, cuja navegação está comprometida pelo baixo nível da água.\n\nUm dos focos das equipes é conscientizar a comunidade sobre a importância do uso do hipoclorito de sódio na higienização da água e dos alimentos para evitardoenças diarreicas agudas (DDA). O insumo é disponibilizado pelo Ministério da Saúde.\n\nAo todo, existem 103 aldeias com mais de 10 mil indígenas no Dsei Amapá e Norte do Pará. Dessas, 71 foram atingidas pela estiagem, afetando 4.137 indígenas, ou seja, 38,8% da população aldeada no estado, de acordo com a Sesai.\n\nMissão de Emergências Climáticas\n\nAs missões de diagnóstico da sala de situação, comandada pelo Departamento de Emergências em Saúde Pública (DEMSP), já passaram por outros 5 estados do Norte: Acre, Amazonas, Rondônia, Tocantins e Pará. As equipes em campo são compostas por técnicos da Sesai e das secretarias deVigilância em Saúde e Ambiente (SVSA),Atenção Primária à Saúde (SAPS),Atenção Especializada à Saúde (Saes)e representantes do governo estadual."
}