{
    "url": "https://www.gov.br/saude/pt-br/assuntos/noticias/2024/junho/lancado-painel-de-monitoramento-de-pesquisas-sobre-vigilancia-em-saude-e-ambiente",
    "titulo": "Lançado painel de monitoramento de pesquisas sobre vigilância em saúde e ambiente",
    "descricao": "Fomento a pesquisas é uma das estratégias do Ministério da Saúde com potencial de gerar impacto positivo na saúde individual e coletiva",
    "subtitulo": "FOMENTO",
    "categoria": "Saúde e Vigilância Sanitária",
    "autora": "Ministério da Saúde",
    "tags": [
        "vigilância em saúde e ambiente",
        "painel de monitoramento",
        "pesquisa em saúde",
        "saúde individual"
    ],
    "data_publi": "26/06/2024",
    "texto": "Para oferecer transparência e um diagnóstico situacional detalhado das pesquisas apoiadas pelaSecretaria de Vigilância em Saúde e Ambiente (SVSA), foi lançado nesta terça-feira (25) umpainel de monitoramentoque permite uma análise detalhada das contribuições e impactos dessas iniciativas na saúde pública. O fomento a pesquisas é uma das estratégias com potencial de gerar impacto positivo na saúde individual e coletiva, promovendo a equidade.\n\nNo período de 2007 a 2024, 468 pesquisas foram apoiadas pela SVSA. O painel é estruturado em cinco partes principais. Em “Áreas Temáticas”, as pesquisas são exibidas de acordo com os diferentes agravos ou eventos em saúde investigados. Em “Situação”, as pesquisas são classificadas conforme o estágio atual de desenvolvimento: finalizada, em andamento ou cancelada. Em “Instituições”, são apresentadas informações sobre as instituições executoras das pesquisas, incluindo a região de localização e a natureza.\n\nEm “Publicações”, estão disponíveis os sumários executivos e outros produtos das pesquisas contratadas, como resumos e artigos científicos, utilizados para divulgação do conhecimento gerado. Já a seção “Fomento” demonstra o tipo de apoio fornecido pela SVSA, que pode ser suporte financeiro, técnico-científico ou doação de insumos. Vale ressaltar que é possível que uma mesma pesquisa receba mais de um tipo de apoio. Os valores informados correspondem ao ano da contratação, sem correções monetárias.\n\nOs dados do painel são obtidos através do preenchimento de uma planilha pelos técnicos responsáveis pelo acompanhamento das pesquisas nos respectivos departamentos. Esse levantamento é monitorado pela Coordenação Geral de Desenvolvimento da Epidemiologia em Serviços (CGDEP), pertencente ao Departamento de Ações Estratégicas de Epidemiologia em Saúde e Ambiente (Daevs) da secretaria.Segundo oDecreto nº 11.798, de 28 de novembro de 2023,cabe à SVSA a responsabilidade pelo fomento e implementação do desenvolvimento de estudos e pesquisas que contribuam para aprimorar as ações de vigilância em saúde. Nesse contexto, a secretaria apoia a realização de pesquisas para orientar a resposta nacional diante dos problemas de saúde e eventos adversos dentro de seu escopo."
}