{
    "url": "https://www.gov.br/saude/pt-br/assuntos/noticias/2024/outubro/saude-reforca-acoes-de-combate-a-sifilis-e-mira-na-eliminacao-da-doenca-ate-2030",
    "titulo": "Saúde reforça ações de combate à sífilis e mira na eliminação da doença até 2030",
    "descricao": "Coordenadora de Vigilância de Infecções Sexualmente Transmissíveis, Pâmela Gaspar, explica, em entrevista, importância da prevenção e testagem, com foco na sífilis congênita",
    "subtitulo": "COMBATE À SÍFILIS",
    "categoria": "Saúde e Vigilância Sanitária",
    "autora": "Marcella MotaMinistério da Saúde",
    "tags": [
        "vigilância em saúde e ambiente",
        "sífilis",
        "infecções sexualmente transmissíveis",
        "brasil saudável"
    ],
    "data_publi": "10/10/2024",
    "texto": "Em entrevista ao PodcastPapo Saúde, Pâmela Gaspar, coordenadora-geral de Vigilância de Infecções Sexualmente Transmissíveis, daSecretaria de Vigilância em Saúde e Ambiente (SVSA), destacou os esforços do Brasil para combater asífilis, com especial atenção à sífilis congênita. Segundo Pâmela, o uso de preservativos, a testagem e o tratamento durante opré-natalsão cruciais para evitar a transmissão da doença, que pode causar complicações graves para o bebê, além de aborto ou morte neonatal.\n\n“A sífilis é uma infecção sexualmente transmissível causada pela bactériaTreponema pallidum, e sua prevenção é possível por meio do uso de preservativos e da testagem periódica, especialmente em populações mais vulneráveis”, explicou. A transmissão pode ocorrer de forma sexual ou vertical, quando a mãe infectada transmite a doença para o bebê durante a gestação ou no parto.\n\nEm outubro, durante o Mês de Combate à Sífilis, o Ministério da Saúde promove diversas ações, com campanhas de conscientização e mobilização. Pâmela ressalta a importância doDia Nacional de Combate à Sífilis e à Sífilis Congênita, comemorado no terceiro sábado de outubro, como uma oportunidade de discutir o tema e reforçar as ações de prevenção.\n\nO ministério está comprometido emeliminar a sífilis congênita até 2030, e, para isso, lançou a certificação de municípios e estados que alcançam boas práticas de combate à doença. “Hoje, já temos 48 municípios certificados, e esperamos que esse número cresça até o final do ano. O engajamento de todos, desde a sociedade civil até as autoridades locais, é fundamental para atingirmos a meta”, concluiu Pâmela.\n\nAs estratégias incluem o fortalecimento do programaBrasil Saudável, que visa eliminar doenças socialmente determinadas, como a sífilis congênita, até 2030."
}