{
    "url": "https://www.gov.br/saude/pt-br/assuntos/noticias/2024/outubro/oficina-nacional-de-educacao-permanente-em-saude-comeca-nesta-quarta-2",
    "titulo": "Oficina Nacional de Educação Permanente em Saúde começa nesta quarta (2)",
    "descricao": "Evento aborda qualificação contínua como instrumento estratégico para o SUS",
    "subtitulo": "EDUCAÇÃO EM SAÚDE",
    "categoria": "Saúde e Vigilância Sanitária",
    "autora": "Ministério da Saúde",
    "tags": [
        "trabalho e educação em saúde",
        "trabalhadores da saúde",
        "educação em saúde",
        "qualificação"
    ],
    "data_publi": "02/10/2024",
    "texto": "Nesta quarta (2) e quinta-feira (3), Brasília é palco da 'Oficina Nacional de Educação Permanente em Saúde: articulando saberes, fazeres, desafios e oportunidades para ressignificar o trabalho na saúde',promovida pelo Ministério da Saúde, por meio daSecretaria de Gestão do Trabalho e da Educação na Saúde (SGTES). Com o objetivo de fortalecer a Educação Permanente em Saúde (EPS) como um instrumento estratégico para a qualificação contínua de trabalhadores do SUS, reafirmando o papel central do SUS como escola, o evento reúne gestores, pesquisadores e profissionais do setor para promover práticas de trabalho colaborativas e inovadoras que respondam aos desafios contemporâneos da saúde pública no Brasil.\n\nA mesa de abertura terá a participação da secretária de Gestão do Trabalho e da Educação na Saúde, Isabela Pinto, e representantes de entidades parceiras. O momento apresenta diferentes perspectivas e experiências, que podem ampliar o entendimento acerca da EPS.\n\nA programação inclui ainda mesas-redondas e grupos de trabalho que aborda temas como estrutura, governança e financiamento da Educação Permanente em Saúde, além da integração entre a gestão do trabalho e a educação na saúde.\n\nO segundo dia será dedicado à formação de grupos de trabalho para discutir temas estratégicos, como o papel daPolítica Nacional de Educação Permanente em Saúde (PNEPS), possibilidades de atualização das respostas frente às necessidades da área e a qualificação do cuidado em saúde. A agenda consolida o diálogo e a construção coletiva, com o propósito de ressignificar as práticas de formação e desenvolvimento de trabalhadoras e trabalhadores da saúde no país.\n\nConfira a programação da Oficina Nacional de Educação Permanente em Saúde"
}