{
    "url": "https://www.gov.br/saude/pt-br/assuntos/noticias/2024/maio/cerca-de-1-500-emulti-atuam-na-atencao-primaria-em-todo-o-brasil",
    "titulo": "Cerca de 1.500 eMulti atuam na atenção primária em todo o Brasil",
    "descricao": "Mês de maio marca um ano da retomada dos investimentos nas equipes multiprofissionais (e-Multi), que foram reorganizadas e ampliadas",
    "subtitulo": "ATENDIMENTO DIVERSIFICADO",
    "categoria": "Saúde e Vigilância Sanitária",
    "autora": "Agnez PietschMinistério da Saúde",
    "tags": [
        "atenção primária",
        "emulti ",
        "saúde da família",
        "financiamento"
    ],
    "data_publi": "22/05/2024",
    "texto": "Nesta quarta-feira, 22 de maio, completa-se um ano da criação daseMulti. As equipes multiprofissionais, compostas por trabalhadoras e trabalhadores de saúde de diferentes áreas, como nutricionistas, fisioterapeutas, pediatras, psicólogos, ginecologistas e farmacêuticos, atuam de maneira complementar e integrada às demais equipes de atenção primária à saúde (APS). Atualmente, são 1.337 eMulti em atuação nos territórios, que recebem cofinanciamento federal.\n\nAo longo desse ano, as eMulti financiadas pelo Ministério da Saúde, realizaram aproximadamente 1.983.560 atendimentos para a população. Esses atendimentos incluíram consultas individuais, visitas domiciliares, ações coletivas e atendimentos remotos.\n\nAté o momento, o valor repassado pela pasta aos municípios é de R$ 121.206.500,00 e todos os estados brasileiros foram contemplados com credenciamentos.\n\nConfira o tutorial para solicitar as equipes\n\nPara a coordenadora de Ações Interprofissionais daSecretaria de Atenção Primária (Saps), Olivia Lucena de Medeiros, o destaque na comemoração de um ano de eMulti é o cenário no qual os municípios puderam reorganizar as equipes multiprofissionais com cofinanciamento federal, ampliando o potencial de acesso e de cuidado na atenção primária à saúde, na perspectiva da integralidade.\n\n“Ao longo desse primeiro ano das eMulti, o ministério constatou a mobilização da maioria dos municípios brasileiros, demonstrando a importância dessa política pública para a população. Isso representa mais profissionais de saúde, das mais diversas categorias profissionais, que podem atuar nas Unidades Básicas de Saúde (UBSs) e no território, contribuindo para o fortalecimento daEstratégia de Saúde da Família (ESF)e da atenção primária como um todo”, destaca.\n\nPerspectiva de até 6 mil eMulti nos próximos anos\n\nA previsão é de implantar cerca de 6 mil eMulti até o ano de 2026. Com a chegada das equipes multiprofissionais, foi necessário incluir adequações no prontuário eletrônico do e-SUS APS de modo que fosse possível o registro e compatibilidade dos processos de trabalho dessas equipes. Nesse sentido, foram desenvolvidas e incorporadas novas funcionalidades, como videochamada e compartilhamento do cuidado. Elas estão disponíveis para todas as equipes da APS que utilizam o sistema.\n\nA inovação na funcionalidade de compartilhamento de cuidado tem como um dos objetivos viabilizar que o profissional da APS acione o profissional da eMulti, por meio do prontuário eletrônico do e-SUS. Isso proporciona uma comunicação mais ágil entre profissionais, permite a discussão do caso clínico do cidadão, e amplia a qualificação técnica dos especialistas da atenção primária e os encaminhamentos para atenção especializada. Sendo assim, mais de um profissional torna-se responsável pela estratégia de cuidado do usuário doSUS.\n\nAndreia Maciel, moradora de Carmo do Cajuru (MG), é mãe típica e atípica. Muito preocupada com a saúde de sua família, ela visita com frequência a UBS e conhece bem o trabalho da eMulti no território. “Me sinto respeitada e acolhida pelos profissionais de saúde em todas as unidades a que já fui. E o mais importante, eu recebi todos os serviços de que precisei. Com as psicólogas, a ginecologista, as agentes de saúde, os clínicos gerais e pela coordenação da atenção primária. Todos são incríveis, posso dizer que amo e amo a equipe. Vejo uma melhora a cada dia no cuidado, no respeito e na humanização dos profissionais”, celebra.\n\nConheça as diferentes categorias profissionais da e-Multi:\n\nPara saber mais sobre o processo de reorganização das equipes multiprofissionais (e-Multi),consulte a nota técnica."
}