{
    "url": "https://www.gov.br/saude/pt-br/assuntos/noticias/2024/outubro/exposicao-ze-gotinha-do-brasil-inicia-versao-itinerante-na-fiocruz-brasilia",
    "titulo": "Exposição Zé Gotinha do Brasil inicia versão itinerante na Fiocruz Brasília",
    "descricao": "A abertura da mostra acontece durante a 21ª Semana Nacional de Ciência e Tecnologia e permanece por seis meses",
    "subtitulo": "CULTURA E SAÚDE",
    "categoria": "Saúde e Vigilância Sanitária",
    "autora": "Flávia Menna BarretoMinistério da Saúde",
    "tags": [
        "secretaria executiva",
        "cultura e saúde",
        "fiocruz",
        "zé gotinha"
    ],
    "data_publi": "16/10/2024",
    "texto": "Após seis meses exposta no Espaço Cultural Dona Ivone Lara, localizado no túnel que conecta os edifícios Sede e Anexo do Ministério da Saúde, em Brasília, a exposiçãoZé Gotinha do Brasilinicia sua itinerância por diversos espaços do país. A primeira parada será na Fiocruz Brasília. A mostra começou nessa segunda-feira (14) e ficará em cartaz por seis meses. A exposição integra a programação da21ª Semana Nacional de Ciência e Tecnologia na Fiocruz (SNCT), maior evento de popularização da Ciência do Brasil, promovida pelo Ministério da Ciência, Tecnologia e Inovações (MCTI).\n\nNesta versão adaptada, todas as 20 releituras doZé Gotinhaestarão expostas no 1º andar da Escola de Governo da Fiocruz Brasília, com visitação gratuita aberta ao público de segunda a sexta-feira, das 9h às 17h (com intervalo para almoço das 12h30 às 13h30). Durante a Semana Nacional de Ciência e Tecnologia (SNCT), que acontece de até sábado (19), o público ainda terá a oportunidade de encontrar o próprio Zé Gotinha.\n\nA exposição do Centro Cultural do Ministério da Saúde (CCMS) é composta por releituras do famoso mascote Zé Gotinha, criado em 1986 pelo artista Darlan Rosa. O personagem, que marca ahistória da vacinação no Brasil, ganha vida em obras assinadas por renomados artistas e ilustradores das cinco regiões do país, com o intuito de valorizar a importância desse símbolo nacional, explorando a diversidade cultural brasileira por meio de cores, traços e modos de expressão únicos de cada artista.\n\nAs obras, realizadas exclusivamente para a exposição, foram produzidas por Brixx Furtado, Felipe Cavalcante, Ruth Albernaz, Hugo Alberto, ÓGBÁ, Junior Pakapym, Paulo Bruno, Luiza de Souza, Laura Athayde, Michelle Cunha, TAI, Will Cavalcante, Bárbara Quintino, Marcela Cantuária, Daniel Bueno, Eve Queiróz, Evandro Marenda, Raro de Oliveira, Samuel Casal e Guilherme Karsten, além de composições do criador do personagem, Darlan Rosa.\n\nA itinerância da mostra faz parte de uma iniciativa do Ministério da Saúde para ampliar o alcance das releituras artísticas e compartilhar a importância da vacinação e do Zé Gotinha com um público ainda maior. Outra cópia da mostra seguirá para o Palácio do Planalto, em Brasília, a partir do dia 12 de novembro.\n\nBaixe o catálogo da exposição Zé Gotinha do Brasil\n\nAcesse o tour virtual da exposição\n\n\n\nSobre a Semana Nacional de Ciência e Tecnologia\n\nRealizada desde 2004 pelo Ministério da Ciência, Tecnologia e Inovações (MCTI), a SNCT acontece anualmente no mês de outubro, mobilizando milhares de pessoas em atividades científicas e tecnológicas em todo o Brasil. A Fiocruz participa ativamente dessa celebração desde sua criação, promovendo diversas atividades em suas unidades, como exposições, rodas de conversa, feiras de ciência e apresentações culturais, que aproximam a comunidade da Ciência.\n\nServiço\n\nExposiçãoZé Gotinha do Brasil\n\nData:14 de outubro de 2024 a 14 de abril de 2025Local:1º andar da Escola de Governo da Fiocruz BrasíliaEndereço:Avenida L3 Norte, s/n, Campus Universitário Darcy Ribeiro, Gleba AHorário:9h às 17h (com intervalo de almoço das 12h30 às 13h30)Entrada gratuita"
}