{
    "url": "https://www.gov.br/saude/pt-br/assuntos/noticias/2024/novembro/ministerio-da-saude-reafirma-compromisso-com-a-equidade-no-sus",
    "titulo": "Ministério da Saúde reafirma compromisso com a equidade no SUS",
    "descricao": "No Dia da Consciência Negra, pasta reforça iniciativas para enfrentar o racismo estrutural e incluir a população negra com ações afirmativas e retomada de programas por uma saúde mais justa e acessível",
    "subtitulo": "DIA DA CONSCIÊNCIA NEGRA",
    "categoria": "Saúde e Vigilância Sanitária",
    "autora": "Edjalma BorgesMinistério da Saúde",
    "tags": [
        "vigilância em saúde e ambiente",
        "trabalho e educação na saúde",
        "mais médicos",
        "saúde sem racismo"
    ],
    "data_publi": "20/11/2024",
    "texto": "O Ministério da Saúde reafirma o compromisso com a promoção da equidade e o enfrentamento doracismo estruturalnoSistema Único de Saúde (SUS). Nesse 20 de novembro de 2024, todos os 26 estados, incluindo os 5.570 municípios brasileiros, e o Distrito Federal celebram, pela primeira vez, o feriado do Dia Nacional de Zumbi e da Consciência Negra, em homenagem ao líder negro Zumbi dos Palmares. A data, que homenageia a história de luta e resistência da população negra no Brasil, também marca o avanço de iniciativas que buscam assegurar direitos fundamentais em políticas públicas de saúde.\n\n“Neste Dia da Consciência Negra, reafirmamos o compromisso do Governo Federal e do Ministério da Saúde com a promoção da equidade no SUS. A luta pela igualdade de acesso e qualidade no cuidado à saúde das populações negras é uma prioridade em nossa gestão, buscando sempre o fortalecimento de políticas públicas que garantam um SUS mais justo e inclusivo para todos”, reafirmou a ministra Nísia Trindade.\n\nEntre as principais medidas para promover equidade, em 2023 o Governo Federal anunciou a retomada doPrograma Mais Médicose instituiu a Estratégia Nacional de Formação de Especialistas para a Saúde. Um dos principais destaques dessa nova legislação foi a incorporação de princípios de inclusão social, alinhados ao compromisso de reduzir as desigualdades no acesso à saúde e fortalecer as políticas de ações afirmativas, destinadas a corrigir desigualdades históricas e estruturais enfrentadas por alguns grupos, promovendo equidade.\n\nEm 2024, foi publicado o primeiro edital da história do programa para chamamento de médicos com vagas destinadas ao regime de cotas para pessoas com deficiência (PcD) e grupos étnico-raciais, como negros, quilombolas e indígenas. O número de inscritos por vaga foi recorde, com um total de 33.014 profissionais interessados em atuar no Mais Médicos para a oferta de 3.177 vagas em todo o país.\n\nEntre as inscrições, 3.079 foram de ações afirmativas, representando mais de 9% do total. Neste grupo, 382 candidatos (12,4%) se inscreveram para vagas destinadas a pessoas com deficiência, enquanto 2.741 (88%) optaram pelas cotas étnico-raciais. Quanto à alocação, considerando os candidatos que utilizaram o sistema de cotas, o grupo étnico-racial foi composto por 425 médicos (13,3%), sendo 416 (13%) negros, 6 (0,2%) indígenas e 3 (0,1%) quilombolas. Ainda entre os alocados, 129 (4%) são PcD.\n\nNa segunda chamada, foram oferecidas 944 vagas. Destas, 100% foram preenchidas. Entre os profissionais alocados, 27 (2,8%) são PcD. O grupo étnico-racial foi composto por 89 (9,4%), sendo 79 (8,4%) negros, 8 (0,8%) indígenas e 2 (0,2%) quilombolas. Outra nova chamada deste edital está em curso. O chamamento público, com destaque para a contratação de médicos para atender territórios indígenas, teve 196 vagas disponibilizadas na 1ª chamada e 148 na 2ª chamada.\n\nNa primeira chamada, entre os alocados, 17 (8,6%) são PcD. O grupo étnico-racial foi composto por 30 (15,3%) profissionais, sendo 27 (13,8%) negros, 2 (1%) indígenas e 1 (0,5%) quilombola. E na 2ª chamada foram concedidos 22 (14,8%) são PcD. O grupo étnico-racial foi composto por 26 (17,5%) profissionais, sendo 24 (92,3%) negros e 2 (7,7%) indígenas.\n\nAtualmente, o Mais Médicos ultrapassa 26 mil profissionais em atividade em todas as regiões do Brasil, sendo 9,9 mil médicos negros e 242 profissionais negros ativos em Distritos Sanitários Especiais Indígenas.\n\nSUS mais inclusivo\n\nComo parte da estratégia antirracista, o Ministério da Saúde e a Fundação Oswaldo Cruz (Fiocruz), em parceria com a Universidade Federal do Rio de Janeiro (UFRJ), lançaram uminquéritopara auxiliar na implementação da política nacional de saúde da população negra, obtendo respostas de 2.587 municípios ao levantamento paradiagnóstico da Política Nacional de Saúde Integral da População Negra (PNSIPN). A apuração é de responsabilidade do grupo de trabalho, junto à Assessoria de Equidade Racial da pasta, para ações do eixo sobre o monitoramento e avaliação da PNSIPN.\n\nPara o chefe da Assessoria Especial para Equidade Racial em Saúde, Luís Eduardo Batista, a qualidade dos dados sobre raça/cor nos sistemas de informação é fundamental. “Garantir a padronização e a integração dessas informações é um passo fundamental para orientar políticas mais eficazes e inclusivas”, declarou.\n\nEntre as principais iniciativas em curso, estão:\n\nRetomada do Boletim Epidemiológico sobre a saúde negra\n\nAinda como parte das ações para reduzir desigualdades raciais, pós lacuna de oito anos, o Governo Federal retomou a análise dos indicadores de saúde pelo critério raça-cor e apresentou, em outubro de 2023, a segunda edição doBoletim Epidemiológico Saúde da População Negra, que apontou os impactos negativos do racismo para esse grupo. Na divulgação, que faz parte de um conjunto de estratégias para reduzir as desigualdades raciais, foi feito o anúncio de que adoença falciforme passa a ser condição de notificação compulsória.\n\nDe acordo com os boletins epidemiológicos divulgados pelo Departamento de HIV, Aids, Tuberculose, Hepatites Virais e Infecções Sexualmente Transmissíveis do Ministério da Saúde, pessoas pretas e pardas são mais atingidas. No caso da tuberculose, pessoas pretas correspondem a 65,2% do total da população com a doença. No que diz respeito àsífilis, esse grupo representa 55,7% do total de casos. Já nashepatites B e C, as porcentagens são de 52,9% e 32,9%, respectivamente. SobreHIV e aids, em 2023, 63,3% dos novos casos de HIV ocorreram entre pessoas negras.\n\nPara o diretor do departamento, Draurio Barreira, a eliminação dessas infecções e doenças como problemas de saúde pública, passa, indissociavelmente, por esforços que vão além da área da saúde. “Embora tenhamos as melhores tecnologias de prevenção e cuidado à saúde das pessoas, precisamos reconhecer que o racismo ainda é uma barreira de acesso à saúde e que não é possível pensar a saúde sem a garantia de outros direitos básicos e sem enfrentar esse problema, por isso a importância doComitê Interministerial para a Eliminação de Doenças Determinadas Socialmente – CIEDDS– e doPrograma Brasil Saudável”, disse.\n\nO Brasil foi o primeiro país do mundo a lançar uma política governamental para eliminar ou reduzir, como problemas de saúde pública, 14 doenças e infecções que acometem, de forma mais intensa, as populações em situação de maior vulnerabilidade social.Essa é a proposta do Brasil Saudável, lançado em 2024.\n\nCom a iniciativa, o país estabelece um marco internacional, alinhado à OMS, às metas globais estabelecidas pela Organização das Nações Unidas (ONU) por meio dos Objetivos de Desenvolvimento Sustentável (ODS) da Agenda 2030 e à iniciativa da Organização Pan-Americana da Saúde (Opas) para a eliminação de doenças nas Américas.\n\nNovo Comitê Técnico Interministerial\n\nAinda como objetivo de fomentar a equidade racial e combater o racismo institucional na saúde, o Governo Federal instituiu o Comitê Técnico Interministerial de Saúde da População Negra. Esta é uma iniciativa que conta com gestão do Ministério da Saúde e participação das pastas de Igualdade Racial e Direitos Humanos e da Cidadania. ODecreto 11.996/24, que institui o comitê, foi assinado pelo presidente Luiz Inácio Lula da Silva.\n\nO grupo é responsável pela gestão, monitoramento e avaliação de ações de prevenção, promoção e atenção à saúde da população negra nos diferentes níveis de atenção do SUS. Isso abrange, entre outras tarefas, o apoio a implementação dos comitês técnicos estaduais e municipais e ações de incentivo a implementação da PNSIPN.\n\nDia da Consciência Negra\n\nInstituído pela Lei 14.759/2023, o feriado do Dia da Consciência Negra é um legado desta gestão. Resultado de um movimento do governo brasileiro, em parceria com o parlamento e os movimentos sociais, a data marca a relevância da cultura e história afro-brasileira para o país.\n\nConheça a páginaSaúde sem Racismo, um compromisso do Ministério com a equidade racial na saúde"
}