{
    "url": "https://www.gov.br/saude/pt-br/assuntos/noticias/2024/dezembro/sabemos-que-75-dos-focos-do-mosquito-estao-perto-das-nossas-casas-e-hora-de-prevenir-diz-ministra",
    "titulo": "\"Sabemos que 75% dos focos do mosquito estão perto das nossas casas. É hora de prevenir\", diz ministra",
    "descricao": "Em entrevista à EBC, Nísia Trindade convidou a população a participar dos esforços para eliminação dos criadouros do Aedes aegypti. Campanhas em todo o Brasil acontecem neste sábado (14)",
    "subtitulo": "DIA D CONTRA DENGUE",
    "categoria": "Saúde e Vigilância Sanitária",
    "autora": "Nathan VictorMinistério da Saúde",
    "tags": [
        "vigilância em saúde e ambiente",
        "dia d",
        "dengue",
        "bom dia ministra"
    ],
    "data_publi": "12/12/2024",
    "texto": "No próximo sábado (14), o Ministério da Saúde, em parceria com estados e municípios, vai promover um Dia D contra a Dengue em todo o país. O objetivo é conscientizar a população sobre a importância de prevenir a doença da melhor forma: eliminando os focos do mosquito transmissor, oAedesaegypti.\n\nEm entrevista ao programa de rádio Bom dia, Ministra, da Empresa Brasil de Comunicação (EBC), Nísia Trindade convidou a população a participar de força-tarefa que será promovida neste fim de semana. “Destaco o papel dos agentes de endemias. Eles vão às nossas casas justamente para orientar, ver onde há focos. Lembrando que 75% dos focos estão nas nossas casas ou no entorno delas. É uma chamada de atenção a todos nós”, ressaltou.\n\nSegundo a ministra, ao longo deste ano a população experimentou um aumento explosivo de casos, o que reforça a importância do cuidado. “Temos a fase que estamos agora de uma forte prevenção, controle dos focos. Mas sabemos que haverá casos dedengue. Para isso, temos de estar organizados. É a organização doSistema Único de Saúde (SUS), a organização da assistência, do papel dos estados, dos governadores nesse processo. Por isso estamos fazendo esse Dia D”, destacou.\n\nNa entrevista, Nísia Trindade informou que o governo federal trabalha para ampliar as tecnologias de controle vetorial, a exemplo do método wolbachia, e lembrou que o país possui um plano de enfrentamento com recursos financeiros garantidos na casa de R$ 1,5 bilhão. Trindade também destacou que o Ministério adquiriu vacinas para públicos prioritários – mas ainda não em escala suficiente por parte do laboratório. Segundo ela, portanto, a prevenção segue sendo o caminho ideal.\n\nA prevenção da dengue concentra-se na eliminação dos criadouros do mosquito e na proteção contra picadas. Medidas eficazes incluem:\n\nEm caso de sintomas como dor no corpo, febre, dor atrás dos olhos, é fundamental procurar a unidade de saúde para os devidos cuidados.\n\nSaiba mais sobre a campanha\n\nMais Acesso a Especialistas\n\nNa entrevista à EBC, a ministra da Saúde esclareceu dúvidas sobre avanços noPrograma Mais Acesso a Especialistas (PMAE). Nesta quinta-feira, foram publicadas, no Diário Oficial da União (DOU), as portarias que aprovam os Planos Regionais para execução do programa. Elas validam os recursos a serem destinados aos estados e municípios. Nísia Trindade explicou que os investimentos têm foco inicial em cinco especialidades: oncologia, cardiologia, oftalmologia, otorrinolaringologia e ortopedia.\n\n“O que vamos promover é a redução do tempo de espera para consultas e exames de forma integrada ao trabalho naatenção primáriatambém”, disse a ministra, ressaltando que o PMAE também tem foco na redução de filas e maior eficiência no atendimento.\n\nA Telessaúde no PMAE também é uma ferramenta estratégica para ampliação do atendimento especializado no SUS, que possibilitará ofertar consultas com especialistas e determinados exames sem que o paciente precise se deslocar até o serviço de saúde.\n\nVacinas\n\nNo programa, perguntada sobre a oferta de vacinasCovid-19no país, Nísia assegurou que o fornecimento está garantido. “Estamos com vacinas asseguradas para o atendimento à população. Precisamos, agora, do apoio dos profissionais de comunicação, gestores municipais e governos do estado para intensificar o apoio ao nosso trabalho para que as pessoas se vacinem, se protejam, [principalmente] naqueles grupos já indicados. Distribuímos 1,5 milhão de doses neste mês”, disse.\n\nNísia Trindade aproveitou a oportunidade para celebrar os avanços no programa de imunização brasileiro como um todo. Em 2023, 13 dos 16 imunizantes docalendário nacionaltiveram aumento na cobertura vacinal, incluindo a vacina tríplice viral, que protege contra a doença, além dacaxumbae darubéola. A cobertura da primeira dose passou de 80,7% em 2022 para 88,48% em 2023, e em 2024, até o momento, já alcançou a meta preconizada peloPrograma Nacional de Imunização (PNI)de 95%.Nísia Trindade atribuiu a reversão das baixas coberturas vacinais à estratégia de microplanejamento, que leva em consideração características regionais, e ao diálogo permanente com gestoras e gestores dos estados e dos municípios.\n\nCâncer de mama\n\nDurante a entrevista à EBC, a ministra também falou dos investimentos para tratamento de câncer no SUS.  Para ampliar a assistência, melhorar a qualidade de vida das pacientes e reduzir a mortalidade, o Ministério da Saúde lançou oProtocolo Clínico e Diretrizes Terapêuticas (PCDT) para câncer de mama, o primeiro em câncer no Brasil. Com o novo PCDT, o tratamento docâncer de mamapassa a ter parâmetros de padronização acessíveis a todas as pessoas que necessitam.\n\n“É um conjunto de ações para os melhores procedimentos para o tratamento da doença. Além disso, foi feita também a inclusão da cirurgia por videolaparoscopia para câncer, que ainda não havia no SUS”, destacou Nísia Trindade.\n\nAssista à entrevista da Ministra\n\n"
}