{
    "url": "https://www.gov.br/saude/pt-br/assuntos/noticias/2024/maio/confira-o-resultado-do-mapeamento-de-praticas-de-promocao-da-alimentacao-saudavel",
    "titulo": "Confira o resultado do mapeamento de práticas de promoção da alimentação saudável",
    "descricao": "Edital mapeou iniciativas de assistência técnica e extensão rural conectadas ao Guia Alimentar para a População Brasileira",
    "subtitulo": "SELEÇÃO",
    "categoria": "Saúde e Vigilância Sanitária",
    "autora": "Ministério da Saúde",
    "tags": [
        "atenção primária",
        "alimentação saudável",
        "assistência técnica",
        "extensão rural"
    ],
    "data_publi": "02/05/2024",
    "texto": "Já está disponível o resultado do “Mapeamento de Práticas de Promoção da Alimentação Adequada e Saudável nos Serviços da Ater”, realizado pela Universidade Federal do Pampa (Unipampa) – Campus Itaqui, em parceria com a Coordenação-Geral de Alimentação e Nutrição (Cgan) doDepartamento de Prevenção e Promoção da Saúdedo Ministério da Saúde\n\nAo todo, foram selecionadas 14 experiências que promovem a alimentação adequada e saudável, de acordo com as recomendações doGuia Alimentar para a População Brasileira, nos serviços da Assistência Técnica e Extensão Rural (Ater) de vários estados. Os relatos dessas práticas, escritos e em vídeos, serão reunidos em uma publicação digital.\n\nAlém disso, todas as iniciativas classificadas nesta primeira etapa vão receber certificado e um dos autores dos dois relatos com maior pontuação na avaliação receberão custeio de diária e deslocamento para visitação cooperada como oportunidade para aprimorar o conhecimento, trocas de saberes e vivências em promoção da alimentação adequada e saudável na Assistência Técnica e Extensão Rural dos territórios.\n\nConfira o resultado.\n\nOs recursos ao resultado desta primeira etapa podem ser apresentados nesta quinta-feira (2) e sexta-feira (3), por meio do e-mail:guiaaliemntarnaater@gmail.com.\n\nSobre o edital\n\nO mapeamento teve como objetivo valorizar o trabalho dos atores comprometidos com a promoção da produção, beneficiamento, comercialização, trocas e autoconsumo de alimentos adequados e saudáveis, além de promover a comunicação e inspirar outras potências.\n\nAs experiências enviadas contemplam os eixos de agroecologia, autoconsumo, comercialização, cultura alimentar, biodiversidade, formação, habilidades culinárias, inclusão socioprodutiva, intersetorialidade, plantas bioativas, políticas públicas, beneficiamento, qualidade higiênico-sanitária e saúde da alimentação nas diferentes localidades."
}