{
    "url": "https://www.gov.br/saude/pt-br/assuntos/noticias/2024/junho/com-a-chegada-do-inverno-ministerio-da-saude-reforca-importancia-da-vacinacao-contra-a-gripe",
    "titulo": "Com a chegada do inverno, Ministério da Saúde reforça importância da vacinação contra a gripe",
    "descricao": "Imunização é recomendada a todas as pessoas com mais de 6 meses de idade. A vacina age para estimular a produção de anticorpos contra o vírus da Influenza",
    "subtitulo": "PROTEJA-SE!",
    "categoria": "Saúde e Vigilância Sanitária",
    "autora": "Ministério da Saúde",
    "tags": [
        "vigilância em saúde e ambiente",
        "influenza",
        "vacinação",
        "inverno"
    ],
    "data_publi": "20/06/2024",
    "texto": "Quando se trata de proteção contra agripe, Antônio Marcos Ferreira da Silva, 60 anos, aposentado, não perde tempo. Todos os anos, assim que fica sabendo que a imunização está aberta ao seu público, ele corre para a unidade básica de saúde mais próxima.\n\n“Passei a tomar todos os anos para me proteger contra as formas graves da gripe inclusive, e não ser um transmissor do vírus para outras pessoas”, explica o morador de Paracatu, cidade do interior de Minas Gerais.\n\nA vacinação contra a gripe é a melhor forma para garantir proteção contra a doença. O imunizante age para estimular a produção de anticorpos contra o vírus da Influenza. Quem se imunizou em 2023 ou nos anos anteriores também deve receber a vacina atualizada. As vacinas são comprovadamente eficazes e protegem contra as cepas atualizadas, de acordo com determinação da Organização Mundial da Saúde (OMS).\n\nSaiba mais sobre o Movimento Nacional pela Vacinação"
}