{
    "url": "https://www.gov.br/saude/pt-br/assuntos/noticias/2024/novembro/objetivo-da-reestruturacao-e-abrir-leitos-e-aumentar-cirurgias-destaca-diretora-do-dgh-rj",
    "titulo": "“Objetivo da reestruturação é abrir leitos e aumentar cirurgias”, destaca diretora do DGH-RJ",
    "descricao": "Reuniões com os servidores e sindicatos, ao longo da semana, detalharam as medidas e objetivos da reformulação, elaborada pela ministra Nísia Trindade",
    "subtitulo": "HOSPITAIS FEDERAIS",
    "categoria": "Saúde e Vigilância Sanitária",
    "autora": "Otávio AugustoMinistério da Saúde",
    "tags": [
        "atenção especializada à saúde",
        "hospitais federais rj",
        "gestão hospitalar",
        "reestruturação"
    ],
    "data_publi": "13/11/2024",
    "texto": "O Ministério da Saúde está avançando nas etapas do Plano de Reestruturação dos Hospitais Federais do Rio de Janeiro. Nesta semana, reuniões com os servidores e sindicatos detalharam as medidas e objetivos da reformulação, elaborada pela ministra Nísia Trindade.\n\nA diretora-geral do Departamento de Gestão Hospitalar do Estado do Rio de Janeiro (DGH-RJ), a médica Teresa Navarro, explica que o plano corrige falhas históricas nos hospitais, além de ampliar e qualificar o acesso dos pacientes.\n\n“É um projeto de extrema importância. Vivemos 20 anos de crise na rede federal. Muito já se tentou, de várias formas, para arranjar uma saída para a crise. Com a reestruturação, temos muito a entregar para a população do Rio de Janeiro”, defende.\n\nTeresa destaca que a reestruturação vai aumentar os atendimentos, melhorar a infraestrutura das unidades e integrar os hospitais aoSistema Único de Saúde (SUS).\n\n“A reformulação tem um objetivo único e claro: abrir leitos e aumentar o número de atendimentos, como a realização de cirurgias. Temos metas para recompor a força de trabalho e devolver hospitais fortes para a população”, salienta.\n\nA diretora é categórica ao afirmar que o processo em curso, iniciado em julho pelo Ministério da Saúde, será eficaz na resolução dos problemas. “Trabalhamos de forma estruturada e responsável. Existe um grupo que estuda e mapeia o que estamos fazendo. Queremos comemorar a abertura de leitos e o aumento de cirurgias no próximo ano”, adianta.\n\nPlano de reestruturação\n\nO Plano de Reestruturação dos Hospitais Federais do Rio de Janeiro representa um compromisso do ministério em garantir um sistema de saúde mais robusto, acessível e de qualidade para todos. O objetivo é restaurar a confiança da sociedade nos serviços oferecidos, assegurando que a população tenha acesso à saúde de forma digna e eficaz.\n\nAtualmente, as unidades estão com emergências fechadas, leitos bloqueados, déficit de funcionários e dificuldades de abastecimento. Duas unidades já iniciaram seu processo de reestruturação:Hospital Federal de Bonsucesso (HFB)eHospital Federal dos Servidores do Estado (HFSE).\n\nDireito dos servidores\n\nA reestruturação em curso garante todos os direitos dos servidores dessas unidades hospitalares. Haverá um processo de movimentação voluntária dos profissionais, que respeitará a opção dos servidores por outros locais de trabalho.\n\nNa última segunda-feira (11), o ministério divulgou as regras para as movimentações dos servidores do Hospital de Bonsucesso que, desde 15 de outubro, está sob a administração do Grupo Hospitalar Conceição (GHC).\n\nUm guia, conhecido como perguntas frequentes (FAQ), foi enviado aos servidores da unidade e publicado na página do hospital.\n\nAtenção, servidor! Acesse o FAQ sobre as movimentações no HFB\n\nO documento traz informações sobre gratificações, vínculo com o ministério, direito à aposentadoria, tipos de movimentações que serão possíveis, remoção, abrangência de cessões, entre outros detalhes de como ficará a vida funcional do servidor.\n\nA pasta criou ainda um canal de atendimento para tirar dúvidas de servidores sobre o plano. Os questionamentos são recebidos por email e respondidos pela Coordenação de Gestão de Pessoas do Departamento de Gestão Hospitalar. Ao todo, as unidades federais possuem 7 mil servidores efetivos e 4 mil temporários.\n\nAtenção, servidor! Tire suas dúvidas em:movimentacaoservidor@saude.gov.br"
}