{
    "url": "https://www.gov.br/saude/pt-br/assuntos/noticias/2024/maio/ministerio-da-saude-estado-e-municipios-discutem-reconstrucao-da-rede-de-assistencia-do-rs",
    "titulo": "Ministério da Saúde, estado e municípios discutem reconstrução da rede de assistência do RS",
    "descricao": "Até o dia 13 de maio, foram registrados 566 equipamentos de saúde afetados. Ao todo, 160 municípios tiveram informações coletadas até o momento",
    "subtitulo": "RIO GRANDE DO SUL",
    "categoria": "Saúde e Vigilância Sanitária",
    "autora": "Otávio AugustoMinistério da Saúde",
    "tags": [
        "atenção especializada à saúde",
        "atenção primária",
        "reconstrução",
        "rio grande do sul"
    ],
    "data_publi": "16/05/2024",
    "texto": "O secretário deAtenção Especializadado Ministério da Saúde, Adriano Massuda, se reuniu com a secretária Estadual de Saúde, Arita Bergmann, e com o secretário de Saúde e vice-presidente do Conselho das Secretarias Municipais de Saúde do Rio Grande do Sul (Cosems/RS), Fernando Ritter, para discutir a reconstrução da rede de assistência do estado.\n\nMassuda assumiu o comando doCentro de Operações de Emergências (COE)Rio Grande do Sul na tarde desta quarta-feira (15). O secretário reafirmou que não faltarão recursos para a reconstrução e expansão da rede de assistência.\n\nO estado e os municípios ainda contabilizam as perdas devido àsenchentes.Até o dia 13 de maio, foram registrados um total de 566 equipamentos de saúde afetados. Ao todo, 160 municípios tiveram informações coletadas até o momento.\n\nMassuda destacou que o programaMelhor em Casa, indicado para pessoas que apresentam dificuldades temporárias ou definitivas de sair do espaço da casa para chegar até uma unidade de saúde, poderá ser usado na assistência das vítimas das enchentes. O atendimento seria destinado, sobretudo, aos abrigos — já são mais de 830 locais do tipo.\n\nO secretário reforçou a atuação daForça Nacional do Sistema Único de Saúde (SUS) no socorro ao estado. “Criamos a Força em 2011. Quando vejo a atuação dela aqui é impactante. Como se sofisticou o apoio que o SUS consegue dar em momentos como esse”, comentou.\n\nA secretária Arita Bergmann agradeceu o apoio do Ministério da Saúde e ressaltou a importância da atuação de geólogos, meteorológicas e hidrologistas que atuam na Força para conter a crise. “Isso é sinal de qualificação da equipe para enfrentar os eventos adversos”, salientou.\n\nAtendimentos\n\nA Força Nacional do SUS ultrapassou 2,2 mil atendimentos no Rio Grande do Sul. O estado sofre os impactos de severas enchentes desde 3 de maio, quando foi iniciado o socorro no estado.\n\nO volume reflete o investimento do Ministério da Saúde na ampliação das equipes e da rede de assistência. O mais recente reforço foi a abertura do Hospital de Campanha de Porto Alegre, nesta terça-feira (14).\n\nEm menos de 24 horas, o HCamp de POA realizou 108 atendimentos, sendo 60 consultas e 48 reavaliações. A unidade recebeu pacientes para estabilização, aplicação de medicamentos, triagem de casos, entre outros serviços."
}