{
    "url": "https://www.gov.br/saude/pt-br/assuntos/noticias/2024/marco/prazo-para-aderir-ao-programa-de-retomada-de-obras-se-encerra-em-4-dias",
    "titulo": "Prazo para aderir ao programa de retomada de obras se encerra nesta sexta (15)",
    "descricao": "Até a última sexta-feira (8), apenas 30% de um total de mais de 5 mil obras tiveram manifestação de interesse. Adesão deve ser feita por estados e municípios no site InvestSUS até o dia 15 de março",
    "subtitulo": "ÚLTIMOS DIAS",
    "categoria": "Saúde e Vigilância Sanitária",
    "autora": "Rafael SecunhoMinistério da Saúde",
    "tags": [
        "secretaria executiva",
        "retomada de obras",
        "investsus",
        "regularização"
    ],
    "data_publi": "11/03/2024",
    "texto": "Um alerta aos gestores: o prazo para adesão ao programa de retomada de obras na saúde acaba na próxima sexta-feira, dia 15. Segundo levantamento do Ministério da Saúde, 3,9 mil obras em todo o Brasil ainda estão disponíveis para reativação, mas dependem da sinalização do gestor. Para aderir ao programa, é simples: basta acessar o site doInvestSUS, atualizar o status da execução física da obra e se inscrever.\n\nEntre os empreendimentos que podem ser retomados em todo o Brasil estão: 4.207 Unidades Básicas de Saúde (UBSs), 833 academias da saúde, a construção e ampliação de 198 Unidades de Pronto Atendimento (UPAs), 93 Centros de Atenção Psicossocial (Caps), 72 unidades de acolhimento, além de Centros Especializados em Reabilitação (CERs), oficinas ortopédicas e obras de ambiência. Uma iniciativa que beneficiará diretamente a população, que terá mais serviços do SUS à disposição.Mais detalhes\n\nO Ministério da Saúde disponibilizou uma página especial com regras e prazos do programa. Os gestores também podem acessar a cartilha que traz um passo a passo sobre como aderir, o que é a iniciativa e responde as principais dúvidas.\n\nAcesse a cartilha\n\nAcesse o site do programa\n\nCritérios a serem observadosO Pacto Nacional pela Retomada de Obras Inacabadas, sancionado pelo presidente Lula em novembro de 2023, tem como objetivo fornecer aos entes federativos melhores condições para a conclusão das obras paralisadas ou inacabadas. No dia 15 de janeiro, a pasta editou aPortaria 3.084que abriu o período de adesão de estados e municípios. O prazo estipulado para a participação foi de 60 dias.\n\nSerão contempladas pela iniciativa obras ou serviços de engenharia paralisadas, inacabados ou em funcionamento, mas sem o registro de “concluídas” no  Sistema de Monitoramento de Obras (Sismob) por parte do estado ou município beneficiário. Estas últimas poderão ser reativadas, nome dado à regularização da situação de obras que foram concluídas fora do prazo inicialmente pactuado, evitando a devolução de recursos.\n\nPara priorizar as obras nos serviços de saúde, serão observados critérios como percentual de execução; ano de contratação; se a instituição atende comunidades rurais, indígenas ou quilombolas; se o município sofreu desastres naturais nos últimos dez anos, entre outros. As obras devem ser concluídas em 24 meses, prorrogáveis uma vez pelo mesmo período.\n\nNão serão passíveis de repactuação as obras de entes federados que já efetuaram a devolução de recursos à União ou que sejam passíveis de reativação, isto é, aquelas que, apesar de registradas como não concluídas no Sismob, tenham sido finalizadas pelo ente federado."
}