{
    "url": "https://www.gov.br/saude/pt-br/assuntos/noticias/2024/julho/ministra-e-janja-visitam-exposicao-que-celebra-a-trajetoria-de-mulheres-importantes-na-saude",
    "titulo": "Ministra e Janja visitam exposição que celebra a trajetória de mulheres importantes na saúde",
    "descricao": "Espaço Cultural do Ministério da Saúde recebe o nome de dona Ivone Lara, ícone da luta pela humanização do tratamento psiquiátrico",
    "subtitulo": "SAÚDE & CULTURA",
    "categoria": "Saúde e Vigilância Sanitária",
    "autora": "Ministério da Saúde",
    "tags": [
        "secretaria executiva",
        "cultura e saúde",
        "exposição",
        "ivone lara"
    ],
    "data_publi": "11/07/2024",
    "texto": "A primeira-dama do Brasil, Rosângela Lula da Silva, foi recebida, nesta quinta-feira (11), pela ministra da Saúde, Nísia Trindade. Na oportunidade, Janja visitou o Espaço Cultural Dona Ivone Lara do Ministério da Saúde. A exposição, situada no túnel que liga sede e anexo da Pasta, celebra a trajetória de mulheres importantes na saúde, como Zilda Arns, Nise da Silveira e Maria Odilia Teixeira.\n\nSociólogas, Nísia e Janja conversaram sobre a trajetória das mulheres que dão voz e imagem à exposição e debateram fatores sociais que até hoje implicam em obstáculos para o trabalho das mulheres.\n\nO ambiente foi batizado com o nome de Ivone Lara, primeira mulher brasileira a assinar um samba-enredo. Ela era enfermeira por formação e atuou como servidora do Ministério da Saúde durante 37 anos, período em que se especializou como terapeuta ocupacional e, junto a Nise da Silveira, lutou pela humanização do tratamento psiquiátrico.\n\nNo Instituto de Psiquiatria do Engenho de Dentro, no Rio de Janeiro, onde trabalhava desde os seus 25 anos, Ivone Lara foi pioneira ao oferecer a abordagem musical para tratar e acolher seus pacientes. Ivone Lara faleceu em 2018, aos 96 anos.\n\nEstruturada como um desfile de escola de samba, a exposição apresenta as origens e o ambiente familiar da trajetória de Lara na saúde e sua carreira musical, com enfoque nas suas composições, parcerias e participações na agremiação Império Serrano. Neste ano, o presidente da República, Luiz Inácio Lula da Silva, sancionou a lei que cria o Dia Nacional da Mulher Sambista, comemorado em 13 de abril – data do nascimento da artista.\n\nEm seguida à visita na exposição, a ministra da Saúde, Nísia Trindade, se reuniu com Janja para debater novas estratégias e investimentos do governo no campo da saúde da mulher e da gestante.\n\nA mostra, que foi aberta em abril, teve pesquisa, produção, expografia e projeto gráfico do Centro Cultural do Ministério da Saúde (CCMS) e conta com pinturas inéditas do coletivoNegroMuro."
}