{
    "url": "https://www.gov.br/saude/pt-br/assuntos/noticias/2024/setembro/webinario-nesta-quinta-feira-26-vai-discutir-a-eliminacao-do-sarampo-no-brasil",
    "titulo": "Webinário nesta quinta-feira (26) vai discutir a eliminação do sarampo no Brasil",
    "descricao": "O encontro tem o objetivo de mobilizar profissionais do Programa Mais Médicos para discutir a eliminação da doença no país",
    "subtitulo": "SARAMPO",
    "categoria": "Saúde e Vigilância Sanitária",
    "autora": "João MoraesMinistério da Saúde",
    "tags": [
        "vigilância em saúde e ambiente",
        "sarampo",
        "mais médicos",
        "webinário"
    ],
    "data_publi": "25/09/2024",
    "texto": "ASecretaria de Vigilância em Saúde e Ambiente do Ministério da Saúde (SVSA)realizará nesta quinta-feira (26), às 18h, o webinário \"Diálogos Territoriais: Programa Mais Médicos e o Fortalecimento das Ações no Contexto da Eliminação do Sarampo no Brasil\", com o objetivo de mobilizar os profissionais do Programa Mais Médicos para discutir a eliminação dosarampono país. O evento, que será transmitido peloCanal da SVSA, é voltado também para demais interessados e contará com a moderação de Flávia Helena Maia Costa, consultora técnica da Coordenação Geral de Saúde da Família e Comunidade, daSecretaria de Atenção Primária à Saúde (SAPS).\n\nO webinário contará com cinco palestras organizadas em três temas principais. O primeiro tema, \"Caminhos Epidemiológicos para a Recertificação do Sarampo no Brasil\", abordará a vigilância epidemiológica do sarampo,rubéolae síndrome da rubéola congênita, com palestras de Rebeca Porto Rosa, consultora técnica do GT de Doenças Imunopreveníveis da SVSA, e Marilda Siqueira, chefe do Laboratório de Vírus Respiratórios da Fiocruz.\n\nO segundo tema do webinário, \"Caminhos do Cuidado Integral para a Recertificação do Sarampo no Brasil\", contará com a participação de três especialistas. José Eudes Barros Vieira, coordenador geral de Saúde da Família e Comunidade da SAPS, discutirá as abordagens clínicas contra o sarampo nas Atenções Primárias à Saúde (APS). Aline Almeida, consultora técnica da Coordenação Geral de Saúde da Família e Comunidade, apresentará estratégias para o fortalecimento das ações de combate ao sarampo. Edson Hilan Gomes da Silva, coordenador geral de Provimento Profissional, abordará as iniciativas em andamento no Programa Mais Médicos.\n\nAlém disso, o terceiro tema do webinário incluirá discussões e a oportunidade para os participantes esclarecerem dúvidas e debaterem os tópicos apresentados durante o encontro."
}