{
    "url": "https://www.gov.br/saude/pt-br/assuntos/noticias/2024/junho/forca-tarefa-de-financas-e-saude-debate-troca-de-divida-por-investimentos-e-determinantes-sociais-de-saude",
    "titulo": "Força-Tarefa de Finanças e Saúde debate troca de dívida por investimentos e determinantes sociais de saúde",
    "descricao": "Iniciativa conjunta reúne, no Brasil, Ministérios da Saúde, da Educação e o das Relações Exteriores",
    "subtitulo": "G20",
    "categoria": "Saúde e Vigilância Sanitária",
    "autora": "Ministério da Saúde,com informações do Ministério da Fazenda",
    "tags": [
        "assuntos internacionais",
        "g20",
        "acesso à saúde",
        "equidade"
    ],
    "data_publi": "21/06/2024",
    "texto": "A Força-Tarefa Conjunta de Finanças e Saúde realizou, na quarta-feira (19), a segunda reunião do grupo. Na oportunidade, o colegiado avançou nas discussões sobre maior mobilização de recursos financeiros para o setor de saúde em países com dívida crescente e sobre as doenças de determinação social. Também discutiram a preparação prevenção e resposta a pandemias. Os temas são prioritários na condução do grupo.\n\n“A equidade na saúde é uma das prioridades do Grupo de Trabalho de Saúde e um princípio transversal a todas as discussões que promovemos. Da saúde digital à garantia de acesso a produtos de saúde para doenças negligenciadas, das mudanças climáticas e os seus impactos na saúde até à força de trabalho e ao modelo deUma Só Saúde, temos de combater as desigualdades e proteger as populações mais vulneráveis”, disse, na reunião, Rafaela Batista Brunale, chefe da Divisão de Temas Multilaterais da Assessoria Internacional do Ministério da Saúde.\n\nO encontro contou com a presença de representantes dos Ministérios da Fazenda, da Saúde e o das Relações Exteriores. A abertura das discussões foi feita pela embaixadora Tatiana Rosito, coordenadora da Trilha de Finanças do G20 e secretária de Assuntos Internacionais do Ministério da Fazenda.\n\n“É animador ver o progresso que fizemos até agora. Nossos esforços coletivos deram frutos com a organização bem-sucedida de várias entregas, que nos proporcionam perspectivas valiosas. Enquanto celebramos esses marcos, não devemos esquecer que nossa jornada não terminou”, disse a embaixadora.\n\nG20 em Salvador\n\nO impacto dos determinantes sociais no acesso à saúde e o acesso integral e equitativo aos serviços de saúde para as populações mais pobres também foi tema de debates no terceiro encontro do Grupo de Trabalho da Saúde do G20, em Salvador (BA). O encontro ocorreu no início de junho.\n\nFórum de cooperação econômica que reúne as principais potências econômicas do mundo, o Grupo dos 20 (G20) será presidido pelo Brasil até novembro de 2024. Os assuntos prioritários estabelecidos pelo governo brasileiro são: combate à fome, pobreza e desigualdade, as três dimensões do desenvolvimento sustentável (econômica, social e ambiental) e a reforma da governança global."
}