{
    "url": "https://www.gov.br/saude/pt-br/assuntos/noticias/2024/novembro/webinario-atualiza-profissionais-da-saude-sobre-vigilancia-manejo-clinico-e-imunizacao-da-caxumba",
    "titulo": "Webinário atualiza profissionais da saúde sobre vigilância, manejo clínico e imunização da caxumba",
    "descricao": "Evento promovido pelo Ministério da Saúde prepara os trabalhadores para lidar com surtos e aprimorar o controle da doença",
    "subtitulo": "VIGILÂNCIA",
    "categoria": "Saúde e Vigilância Sanitária",
    "autora": "Marcella MotaMinistério da Saúde",
    "tags": [
        "vigilância em saúde e ambiente",
        "caxumba",
        "vacinação",
        "webinário"
    ],
    "data_publi": "22/11/2024",
    "texto": "Nesta quinta-feira (21), o Ministério da Saúde, por meio do Departamento do Programa Nacional de Imunizações (DPNI), realizou o webinário “Aspectos sobre Vigilância e Imunização da Caxumba”. O evento teve como objetivo treinar profissionais de saúde das redes de atenção primária, especializada e indígena, além de especialistas em vigilância epidemiológica, sobre manejo clínico decaxumba, estratégias devacinaçãoe a vigilância da doença no Brasil.\n\nA caxumba, embora apresente baixa letalidade, é uma doença endêmica que pode resultar em surtos epidêmicos recorrentes, especialmente em regiões com baixa cobertura vacinal. Por ser uma doença imunoprevenível, oSistema Único de Saúde (SUS)oferece a vacina como medida de proteção e controle. Durante o evento, foram destacadas as implicações clínicas e epidemiológicas da doença, que pode causar alta morbidade.\n\nDentre as palestras, a infectologista pediátrica, Normeide Pedreira, falou sobre o manejo clínico da caxumba, enquanto Rebeca Porto Rosa, consultora técnica do Ministério da Saúde, falou sobre a vigilância epidemiológica. Fechando o ciclo, a coordenadora- geral de Incorporação Científica e Imunização (CGICI), Ana Catarina de Melo Araújo, tratou das estratégias de vacinação contra a caxumba.\n\nDe acordo com Ana Catarina, o evento destacou a importância do treinamento contínuo para que profissionais de saúde estejam preparados para lidar com surtos e aprimorar o controle da doença. “Essa iniciativa reforça a compreensão e atuação integrada nas áreas de vigilância e imunização, contribuindo para a proteção da população brasileira”, disse.\n\nImunização\n\nA vacinação contra a caxumba no Brasil é realizada por meio da oferta da vacina tríplice viral, que protege contracaxumba,sarampoerubéola, e da vacina tetraviral, que, além dessas doenças, protege também contra a varicela. O imunobiológico é disponibilizado gratuitamente pelo SUS e faz parte doCalendário Nacional de Vacinaçãopara pessoas de 12 meses até 59 anos de idade.\n\nDurante a palestra, Ana Catarina reforçou a importância da vacinação. “A vacina tem sido fundamental na redução dos casos de caxumba no país, especialmente entre crianças. No entanto, surtos esporádicos continuam a ocorrer, principalmente em populações não vacinadas ou com vacinação incompleta, como adolescentes e adultos jovens”. “A tríplice viral tem se mostrado altamente eficaz, mas desafios comofake newse hesitação vacinal têm impactado na adesão em algumas regiões”, completou.\n\nEsquema Vacinal"
}