{
    "url": "https://www.gov.br/saude/pt-br/assuntos/noticias/2024/setembro/falta-de-areas-verdes-aumenta-exposicao-a-metais-pesados-em-recem-nascidos-aponta-pesquisa",
    "titulo": "Falta de áreas verdes aumenta exposição a metais pesados em recém-nascidos, aponta pesquisa",
    "descricao": "Estudo é financiado pelo Ministério da Saúde e tem por objetivo fortalecer o Sistema Nacional de Vigilância em Saúde",
    "subtitulo": "VIGILÂNCIA EM SAÚDE",
    "categoria": "Saúde e Vigilância Sanitária",
    "autora": "Ministério da Saúde",
    "tags": [
        "vigilância em saúde e ambiente",
        "pesquisa",
        "recém-nascidos",
        "vulnerabilidade socioambiental"
    ],
    "data_publi": "30/09/2024",
    "texto": "A exposição a metais pesados, como chumbo, mercúrio e arsênio, em recém-nascidos está diretamente relacionada à falta de áreas verdes urbanas. A conclusão está em um artigo publicado na revista eletrônicaAnnals of Global Health, no qual pesquisadores do Projeto Infância e Poluentes Ambientais, o PIPA/UFRJ, detalham alguns dos resultados do estudo, que está sendo conduzido no Rio de Janeiro.\n\nO estudo é financiado pelo Ministério da Saúde, por meio daSecretaria de Vigilância em Saúde e Ambiente (SVSA), e tem por objetivo fortalecer o Sistema Nacional de Vigilância em Saúde.\n\nApós a análise de amostras de sangue de cordão umbilical de 778 recém-nascidos, constatou-se que bebês cujas mães viviam, durante a gravidez, em áreas com menor cobertura verde, apresentam concentrações mais altas desses metais. Essa exposição pode trazer consequências adversas ao desenvolvimento infantil, incluindo prejuízos cognitivos e comportamentais.\n\nO artigo, intitulado “Urban Green Spaces and Newborns Metal Concentrations in Rio de Janeiro, Brazil”, demonstrou que nas regiões central e norte da cidade, que possuem menor quantidade de áreas verdes por habitante, os níveis de chumbo e mercúrio no sangue dos recém-nascidos foram significativamente maiores. Além disso, quase 60% das mães participantes viviam em áreas de baixa renda, o que agrava ainda mais a vulnerabilidade à exposição a poluentes ambientais.\n\nPoluição ambiental\n\nA pesquisa também discute a importância de políticas públicas que promovam o planejamento urbano sustentável, com a criação de áreas verdes inclusivas como medida de mitigação da poluição ambiental. “A disponibilidade de áreas verdes urbanas deve ser vista como um fator determinante de saúde pública”, aponta o estudo.\n\nOs pesquisadores sugerem que a falta de áreas verdes pode ser um indicador de vulnerabilidade socioambiental, já que essas áreas desempenham um papel fundamental na filtragem de poluentes atmosféricos e na melhoria da qualidade de vida em áreas densamente povoadas."
}