{
    "url": "https://www.gov.br/saude/pt-br/assuntos/noticias/2024/agosto/segundo-seminario-regional-reune-ouvidorias-do-sus-em-sao-paulo",
    "titulo": "Segundo seminário regional reúne ouvidorias do SUS em São Paulo",
    "descricao": "Encontro discutiu ações estratégicas para implementar a rede de ouvidorias descentralizadas do SUS",
    "subtitulo": "PARTICIPAÇÃO SOCIAL",
    "categoria": "Saúde e Vigilância Sanitária",
    "autora": "Ministério da Saúde",
    "tags": [
        "secretaria executiva",
        "ouvidoria",
        "ouvsus",
        "participação social"
    ],
    "data_publi": "06/08/2024",
    "texto": "O Ministério da Saúde, por meio daOuvidoria-Geral do SUS (OuvSUS), realizou, no final de julho, em São Paulo, o2º Seminário Regional de Fortalecimento da Gestão e da Participação e da Participação Social das Ouvidorias do SUS, envolvendo as regiões Sudoeste e Sul, tendo o objetivo de desenvolver ações estratégicas dirigidas à ampliação da rede e implementação de ouvidorias descentralizadas do SUS.\n\nA OuvSUS, em parceria com a Escola Nacional Sérgio Arouca (ENSP/Fiocruz), propiciou debate sobre o fortalecimento da gestão e da participação social noSistema Único de Saúde (SUS), com o objetivo de desenvolver e alinhar ações estratégicas para a implantação e implementação do Sistema de Nacional de Ouvidorias do SUS.\n\nSegundo a representante da OuvSUS no evento, Viviane Martins, o seminário foi importante no alinhamento para a garantia dos direitos de cidadania e da participação social no SUS. “A interação entre ouvidores dos estados e municípios, conselheiros de saúde e representantes do Ministério foi enriquecedor e fundamental para o resgate e fortalecimento do Sistema Nacional de Ouvidorias, o que é um processo benéfico tanto para os usuários, quanto para os gestores e trabalhadores do sistema de saúde”, acrescentou.\n\nA professora Rosa Souza, da ENSP/Fiocruz, coordenadora nacional do projeto se declarou entusiasmada com o resultado do 2º Seminário. Ela destacou que “a efervescência de ideias e a identificação dos desafios enfrentados pelas ouvidorias das regiões Sudeste e Sul abriram caminhos promissores para o desenvolvimento de estratégias pedagógicas para a consolidação do sistema nacional de ouvidorias do SUS e ampliação da participação social por meio das ouvidorias”.\n\nRosa Souza lembrou que as discussões realizadas em São Paulo, somadas aos resultados do primeiro seminário realizado em Belém, “nos forneceram informações valiosas que orientarão os preparativos para o Encontro Nacional e para as próximas etapas do projeto”."
}