{
    "url": "https://www.gov.br/saude/pt-br/assuntos/noticias/2024/setembro/municipios-prioritarios-do-ac-e-am-recebem-visita-tecnica-da-forca-nacional-do-sus",
    "titulo": "Municípios prioritários do AC e AM recebem visita técnica da Força Nacional do SUS",
    "descricao": "Serão recolhidas informações sobre a capacidade de resposta da rede de saúde e o comportamento das doenças respiratórias e diarreicas agudas",
    "subtitulo": "QUEIMADAS",
    "categoria": "Saúde e Vigilância Sanitária",
    "autora": "Otávio AugustoMinistério da Saúde",
    "tags": [
        "vigilância em saúde e ambiente",
        "força nacional do sus",
        "mudanças climáticas",
        "queimadas"
    ],
    "data_publi": "17/09/2024",
    "texto": "AForça Nacional do Sistema Único de Saúde (FN-SUS)inicia nesta terça-feira (17) visitas para análise de situação de 4 municípios prioritários do Acre, que sofrem efeitos dasqueimadase da seca extrema.\n\nAcrelândia, Marechal Thaumaturgo, Cruzeiro do Sul e Tarauacá receberão técnicos para avaliação da necessidade de recursos, insumos e demais carências. Nesses locais, o acesso está prejudicado pela baixa dos rios e pela falta de visibilidade para voos. Além desses municípios, a comunidade de Espalha, em Rio Branco, também contará com a análise.\n\nInicialmente, serão recolhidas informações sobre a capacidade de resposta da rede de saúde e o comportamento das doenças respiratórias e diarreicas agudas. Os maiores pontos de atenção são comunidades isoladas, qualidade da água e segurança alimentar.\n\n“Nosso papel é coletar informações do estado, sobretudo de áreas isoladas, para avaliarmos as necessidades de saúde e traçar uma estratégia de resposta. Essa ação faz parte do trabalho do governo federal para apoiar estados e municípios no enfrentamento da seca extrema e das queimadas”, destaca o médico Ivan Paiva, técnico da Força Nacional do SUS.\n\nNa quarta-feira (18), a equipe da FN-SUS que monitora a situação no Amazonas fará visita técnica ao município de Carauari.\n\nA equipe se reunirá, com a secretária estadual de Saúde do Amazonas, Nayara Maksoud, para apresentação do plano de ação para visitação e discussão das necessidades dos municípios amazonenses.\n\nQueimadas\n\nO Ministério da Saúde tem prestado apoio a estados e municípios afetados pelasqueimadase pela seca extrema. O principal objetivo é monitorar a capacidade de assistência e elaborar planos de resposta em caso de emergência de saúde pública.\n\nOntem (16), no Acre, a equipe do pasta se reuniu com o secretário estadual de Saúde, Pedro Pascoal, representantes da secretaria municipal de Saúde de Rio Branco e com a coordenação doDistrito Sanitário Especial Indígena (Dsei)Alto Rio Purus.\n\nNo Amazonas, os técnicos do Ministério da Saúde se reuniram com representantes da Secretaria Estadual de Saúde e com a Fundação de Vigilância em Saúde , para discutir o plano de contingência e os eixos prioritários para os municípios, como vigilância da água e recursos.\n\nAcesse a página da campanha \"Se tem fumaça, tem que ter cuidado\""
}