{
    "url": "https://www.gov.br/saude/pt-br/assuntos/noticias/2024/novembro/ministerio-da-saude-prepara-linha-de-cuidado-para-as-pessoas-com-albinismo",
    "titulo": "Ministério da Saúde prepara linha de cuidado para as pessoas com albinismo",
    "descricao": "Abordagem integrada e a promoção da equidade são os principais focos do grupo de trabalho nacional criado para organizar projeto para essa população",
    "subtitulo": "SAÚDE INTEGRAL",
    "categoria": "Saúde e Vigilância Sanitária",
    "autora": "Renata NavesMinistério da Saúde",
    "tags": [
        "atenção primária",
        "albinismo",
        "linha de cuidado",
        "grupo de trabalho"
    ],
    "data_publi": "21/11/2024",
    "texto": "O Ministério da Saúde instituiu, nesta quinta-feira (21/11), Grupo de Trabalho Nacional para elaborar o projeto que organizará a linha de cuidado para as pessoas com albinismo. O objetivo é garantir a atenção integral, com ações de prevenção, proteção, diagnóstico, tratamento e reabilitação dessas pessoas, além de iniciativas para redução de danos e cuidados paliativos, conforme as diretrizes da Política Nacional de Saúde Integral da Pessoa com Albinismo.\n\nO grupo foi criado por meio deportariapublicada hoje no Diário Oficinal da União (DOU). A coordenação é do Departamento de Prevenção e Promoção da Saúde, daSecretaria de Atenção Primária à Saúde (SAPS).\n\nO projeto final será encaminhado às instâncias deliberativas doSistema Único de Saúde (SUS). “A partir dessa linha de cuidado, o Ministério da Saúde quer reforçar seu compromisso com a promoção da equidade em saúde, promovendo a participação das pessoas com albinismo e dos setores envolvidos na formulação das políticas públicas”, destaca o secretário de Atenção Primária à Saúde, Felipe Proenço.\n\nAlbinismo\n\nAs pessoas com albinismo possuem características que as tornam mais suscetíveis a condições de saúde específicas, como problemas de visão, sensibilidade à luz solar e maior predisposição aocâncer de pele. Por isso, é crucial desenvolver estratégias de atendimento de saúde que levem em conta essas particularidades, da mesma forma que é importante a orientação familiar ou o aconselhamento genético – em razão da possibilidade de transmissão das características de pais para filhos. A incidência global de albinismo é estimada em uma a cada 20 mil pessoas.\n\nO grupo de trabalho será coordenado de forma adjunta pelo Departamento de Atenção Especializada e Temática daSecretaria de Atenção Especializada à Saúde (Saes). Participam também representantes dos seguintes órgãos e entidades: Sociedade Brasileira de Dermatologia, Sociedade Brasileira de Visão Subnormal; Conselho Nacional das Secretarias Municipais de Saúde; e Coletivo Nacional de Pessoas com Albinismo da Associação das Pessoas com Albinismo na Bahia.\n\nPara a construção da linha de cuidado, o GT deverá considerar a heterogeneidade das experiências no campo da atenção à saúde integral das pessoas com Albinismo, a intersetorialidade, a sustentabilidade orçamentária, o alcance nacional e o protagonismo dos usuários na formulação e na implementação do programa. O grupo terá duração de 90 dias, podendo ser prorrogado por igual período."
}