{
    "url": "https://www.gov.br/saude/pt-br/assuntos/noticias/2024/maio/ministra-se-reune-com-sindicatos-de-servidores-dos-hospitais-federais",
    "titulo": "Ministra se reúne com sindicatos de servidores dos hospitais federais",
    "descricao": "No encontro, Nísia Trindade detalhou ações do Comitê Gestor dos Hospitais Federais para recuperação dos seis hospitais federais do Rio de Janeiro",
    "subtitulo": "INTERLOCUÇÃO",
    "categoria": "Saúde e Vigilância Sanitária",
    "autora": "Ministério da Saúde",
    "tags": [
        "atenção especializada à saúde",
        "hospitais federais",
        "comitê gestor ",
        "servidores dos hospitais"
    ],
    "data_publi": "09/05/2024",
    "texto": "A ministra da Saúde, Nísia Trindade, se reuniu, na quarta-feira (8/5), com líderes do movimento sindical da saúde para tratar da situação dos hospitais federais do Rio de Janeiro. No encontro, na sede do Ministério da Saúde, em Brasília, a ministra explicou as ações empreendidas pelo Comitê Gestor dos Hospitais Federais para recuperação da estrutura física e profissional dos seis hospitais federais no estado.\n\nNísia pediu apoio aos trabalhadores para a recuperação dos hospitais, com unidade em torno de ações que atendam a necessidade da população do Rio, principalmente referentes à atenção em alta complexidade, ao seu bom funcionamento e a integração desses hospitais no SUS do Rio de Janeiro.\n\nParticiparam da reunião dirigentes do Sindicato dos Trabalhadores no Combate às Endemias e na Saúde Preventiva no Estado do Rio de Janeiro (SINTSAUDERJ), Sindicato dos Enfermeiros do Estado do Rio de Janeiro (SINDFENFRJ), Federação Nacional dos Médicos (FENAM), Federação Nacional dos Servidores da Saúde e Previdência e Assistência Social (FENASPS), Associação dos Funcionários do INCA (AFINCA), Associação dos Servidores do Instituto Nacional de Cardiologia (ASSINCA) e o deputado federal Lindbergh Farias (PT/RJ).\n\nA ministra afirmou que o Ministério da Saúde considera o diálogo permanente com os trabalhadores um elemento central desse processo de recuperação. Na visão dela, a audiência com os sindicatos e associações de servidores dos hospitais reforça essa escuta e possibilita entendimento em torno de objetivos comuns.\n\nA ministra pontuou ainda que esse diálogo não pretende substituir todo o processo de negociação em curso, entre as diversas representações das categorias de profissionais da saúde e o governo federal, nas mesas instituídas no âmbito do Ministério Gestão e Inovação em Serviços Públicos (MGI), bem como em outros espaços de interlocução conduzidos nas esferas de gestão do SUS."
}