{
    "url": "https://www.gov.br/saude/pt-br/assuntos/noticias/2024/abril/saude-disponibilizara-tratamento-contra-a-malaria-para-criancas",
    "titulo": "Saúde disponibilizará tratamento contra a malária para crianças",
    "descricao": "Medicamento artesunato + mefloquina, também conhecido como ASMQ, é produzido por Farmanguinhos e será usado inicialmente em crianças Yanomami. Tratamento é mais curto e com menos efeitos colaterais",
    "subtitulo": "INOVAÇÃO",
    "categoria": "Saúde e Vigilância Sanitária",
    "autora": "Ministério da Saúde",
    "tags": [
        "vigilância em saúde e ambiente",
        "malária",
        "saúde indígena",
        "tratamento"
    ],
    "data_publi": "26/04/2024",
    "texto": "O Ministério da Saúde está finalizando as tratativas para disponibilizar tratamento contra a malária causada peloPlasmodium falciparum. A associação artesunato + mefloquina, conhecida como ASMQ, é produzida no Instituto de Tecnologia em Fármacos (Farmanguinhos), uma unidade da Fiocruz. Inicialmente deverão receber a medicação crianças do território indígenaYanomamie, posteriormente, será disponibilizada para o restante do país.\n\nEsta é uma das ações da pasta na semana em que se celebra o Dia Mundial da Luta contra aMalária(25/4).\n\nO AMSQ foi incorporado ao Programa Nacional de Prevenção e Controle da Malária e disponibilizado peloSUSem 2009, mas teve sua fabricação interrompida em 2021. Em 2023, foram fabricados e disponibilizados no SUS, 254,4 mil unidades do medicamento para maiores de 12 anos. Agora em 2024, Farmaguinhos retomou a produção do ASMQ para menores de 12 anos.\n\nO medicamento, cuja formulação foi totalmente desenvolvida nas instalações de Farmanguinhos, é considerado eficaz no combate à malária causada pelo parasita Plasmodium falciparum. Ele associa as substâncias cloridrato de mefloquina e artesunato, antes administradas separadamente contra a doença.\n\nA combinação resulta em baixos índices de efeitos colaterais, maior adesão dos pacientes e utilização de menores doses de comprimidos, possibilitando uma cura mais rápida.\n\nAvanço estratégico\n\nO ASMQ é usado uma vez ao dia durante 3 dias, diferentemente do artemeter + lumefantrina disponível, utilizado duas vezes ao dia durante 3 dias. Ele, portanto, melhora a adesão medicamentosa.\n\nO diretor de Farmanguinhos, Jorge Mendonça, explica que a facilidade do uso é um avanço estratégico para o controle da doença. “O tratamento é simples, com utilização de menor quantidade de comprimidos e com menos efeitos colaterais. No primeiro dia, o paciente já sente melhora acentuada. Na minha avaliação, nos últimos 15 anos, esse é o maior avanço no tratamento da malária, pela facilidade da adesão e, em especial, a velocidade da recuperação”, comenta.\n\nJorge salienta que a regulamentação do tratamento no Brasil ocorreu após esforço do Ministério da Saúde. O tratamento surgiu em 2008 em um consórcio internacional e acumula grande sucesso em países africanos.\n\nTafenoquina\n\nAinda no enfrentamento da malária, a pasta aprimorou a capacidade de atendimento no Distrito Sanitário Especial Indígena (Dsei) Yanomami e na Casa de Apoio à Saúde Indígena (Casai) em Boa Vista.\n\nA ação, realizada de 19 de março a 19 de abril, incluiu capacitação sobre o tratamento com foco na implementação da tafenoquina, que teve a incorporação no SUS anunciada em junho de 2023. Foram capacitados 215 profissionais de saúde. Em março último, ela foi implementada no DSEI Yanomami.\n\nA tafenoquina é um tratamento de dose única (dois comprimidos) para a malária causada pelo Plasmodium vivax, a mais frequente no país. A medicação deve ser administrada conjuntamente com cloroquina. A tafenoquina só pode ser administrada após realização de teste para identificar a atividade da enzima glicose-6-fosfato-desidrogease (G6PD). E, no momento, só deve ser usada por pacientes maiores de 16 anos de idade, acima de 35kg, não grávidas, não lactantes, com mais de 70% de atividade da enzima G6PD e em um caso considerado novo.\n\nA malária\n\nA pasta classifica os adoecimentos por malária como situação de emergência em saúde pública. De janeiro a março deste ano, já foram notificados 33.688 casos da doença em território nacional."
}