{
    "url": "https://www.gov.br/saude/pt-br/assuntos/noticias/2024/maio/lancado-edital-para-capacitacao-em-gestao-de-programas-de-residencias-em-saude",
    "titulo": "Lançado edital para Capacitação em Gestão de Programas de Residências em Saúde",
    "descricao": "Objetivo é qualificar e fortalecer as residências em saúde no País. Inscrições ficam abertas até 20 de junho",
    "subtitulo": "QUALIFICAÇÃO",
    "categoria": "Saúde e Vigilância Sanitária",
    "autora": "Ministério da Saúde",
    "tags": [
        "trabalho e educação em saúde",
        "residência em saúde",
        "proadi-sus"
    ],
    "data_publi": "29/05/2024",
    "texto": "Estão abertas as inscrições para o processo seletivo do Curso de Capacitação em Gestão de Programas de Residências em Saúde, do projeto Processos Formativos e Qualificação das Residências em Saúde.\n\nO edital, publicado nessa terça-feira (28), disponibiliza 400 vagas, sendo 200 vagas para a 1ª Edição (2024) e 200 vagas para a 2ª Edição (2025) do curso, que será ofertado na modalidade EaD com tutoria. As inscrições ficam abertas até o dia 20 de junho e podem ser realizadaspor meio desta página.\n\nAcesse o edital\n\nCom o objetivo de qualificar e fortalecer as residências em saúde no País, o Ministério da Saúde publicou o edital para a seleção de coordenadores de Comissões de Residência (COREME ou COREMU) e coordenadores de programas de residência médica, em áreas profissionais da saúde ou multiprofissionais.\n\nO curso promove a ampliação das capacidades para o exercício qualificado da coordenação das instâncias colegiadas das residências em saúde e dos programas de residências em saúde, orientado pela formação de profissionais de saúde especializados para o Sistema Único de Saúde (SUS).\n\nEsta iniciativa faz parte do Projeto Processos Formativos e Qualificação das Residências em Saúde, realizado pelo Hcor, em parceria com o Ministério da Saúde, por meio doPrograma de Apoio ao Desenvolvimento Institucional do Sistema Único de Saúde (PROADI-SUS)."
}