{
    "url": "https://www.gov.br/saude/pt-br/assuntos/noticias/2024/outubro/ministerio-da-saude-reune-bahia-e-espirito-santo-para-reforcar-medidas-de-controle-da-dengue",
    "titulo": "Ministério da Saúde reúne Bahia e Espírito Santo para reforçar medidas de controle da dengue",
    "descricao": "Objetivo do encontro online é focar no controle vetorial e na preparação da rede de assistência médica durante a baixa temporada de casos",
    "subtitulo": "ARBOVIROSES",
    "categoria": "Saúde e Vigilância Sanitária",
    "autora": "Ministério da Saúde",
    "tags": [
        "vigilância em saúde e ambiente",
        "arboviroses",
        "dengue",
        "prevenção"
    ],
    "data_publi": "23/10/2024",
    "texto": "O Ministério da Saúde realizou mais uma reunião virtual, nesta quarta-feira (23), com gestores e técnicos da Bahia e do Espírito Santo, para apresentar oPlano de Ação para Redução da Dengue e outras Arbovirosese organizar um esforço coletivo contra as infecções transmitidas peloAedes aegypti. Na segunda (21) e terça (22), a reunião foi com técnicos do Rio de Janeiro e Minas Gerais.\n\nA reunião faz parte da estratégia do governo federal de aproveitar o período de baixa transmissão dasarbovirosespara intensificar e variar as ações de controle vetorial, além de aumentar a capacidade de assistência médica à população, para que os casos suspeitos não evoluam para dengue grave e óbito, sobretudo durante a alta temporada.\n\nEm sua fala, o secretário adjunto deVigilância em Saúde e Ambiente (SVSA), Rivaldo Cunha, destacou que o plano trabalha com ações a curto, médio e longo prazo.“Estamos disponibilizando tecnologias de controle vetorial, com resultados científicos comprovados, que se adaptam às diversas realidades brasileiras. Também estamos fazendo parcerias com hospitais universitários e rede privada, para aumentar a capacidade de atendimento à população”, explicou.\n\nO plano de ação é dividido em seis eixos principais: prevenção, vigilância, controle vetorial, organização da rede assistencial, preparação para emergências e comunicação com participação da comunidade.\n\nDurante o mês de outubro, a pasta organizou uma ampla agenda de reuniões virtuais, convocando, nesse primeiro momento, estados e municípios com mais de 100 mil habitantes.\n\nConscientização\n\nRivaldo Cunha destacou ainda que a participação da sociedade é fundamental no controle da dengue. A campanha\"Tem 10 minutinhos? A hora de prevenir é agora\"tem como objetivo mobilizar a população para eliminar os criadouros do mosquito em suas residências.“Além disso, o trabalho dos agentes comunitários de saúde será intensificado para aumentar a conscientização sobre a prevenção da doença”, concluiu."
}