{
    "url": "https://www.gov.br/saude/pt-br/assuntos/noticias/2024/outubro/brasil-e-franca-promovem-workshop-cientifico-para-fortalecer-resposta-global-aos-arbovirus",
    "titulo": "Brasil e França promovem workshop científico para fortalecer resposta global aos arbovírus",
    "descricao": "Ministério da Saúde e instituições parceiras realizam evento para ampliar a cooperação cientifica e preparar estratégias de combate a doenças emergentes",
    "subtitulo": "COOPERAÇÃO INTERNACIONAL",
    "categoria": "Saúde e Vigilância Sanitária",
    "autora": "Francisco SouzaMinistério da Saúde",
    "tags": [
        "vigilância em saúde e ambiente",
        "arboviroses",
        "epidemias",
        "cooperação internacional"
    ],
    "data_publi": "31/10/2024",
    "texto": "Nos dias 30 e 31 de outubro, o Ministério da Saúde – por meio do Instituto Evandro Chagas (IEC), vinculado àSecretaria de Vigilância em Saúde e Ambiente (SVSA)– e aANRS Maladies infectieuses émergentes (ANRS MIE), com o apoio da Embaixada da França no Brasil e em parceria com a redeArboFrance, promovem oWorkshop Científico Brasil-França sobre Arbovírus. O encontro tem como tema“Enhancing Global Arboviruses Preparedness and Response Through Research Collaboration”[Melhorando a preparação e a resposta global aos arbovírus por meio da colaboração em pesquisas].\n\nO workshop reúne 60 pesquisadores brasileiros e franceses especializados em arboviroses, com o objetivo de discutir os desafios globais impostos por essas doenças e explorar como a colaboração científica pode aprimorar o preparo e a resposta a epidemias emergentes. As atividades ocorrem no Auditório do Centro Nacional de Primatas, no município de Ananindeua, no Pará.\n\nA chefe da Seção de Arbovirologia e Febres Hemorrágicas do IEC, Lívia Casseb, destacou a importância do evento para o avanço científico e a cooperação internacional: “O workshop é uma vitrine para apresentar os resultados de nossas pesquisas mais recentes, além de servir como um fórum para discutir novas descobertas e desafios na área da arbovirologia, e a interação com outros pesquisadores e instituições pode gerar novas oportunidades de colaboração, tanto na esfera nacional quanto internacional, abrindo caminho para projetos futuros e para o desenvolvimento de redes de pesquisa mais robustas”.\n\nJá o diretor do Departamento de Estratégias e Parcerias da ARNS MIE – responsável pela resposta às epidemias no âmbito internacional –, Éric D´Ortenzio, ressaltou a urgência da cooperação global diante do aumento de surtos. “Fatores como as mudanças climáticas e a urbanização estão contribuindo para o aumento e propagação dessas doenças, por isso é vital não apenas atuar frente às epidemias de hoje, mas também prevenir futuros surtos e estar melhor preparados para lidar com eles\", declarou.\n\nProgramação e mesas temáticas\n\nA abertura do evento contou com a presença da diretora do IEC, Lívia Caricio; do diretor Éric D´Ortenzio, e de Sophie Jacquel, conselheira-adjunta de Cooperação e Ação Cultural da Embaixada da França no Brasil. Durante as falas iniciais, foi destacada a importância da cooperação em estudos e projetos conjuntos entre os dois países na área dearboviroses.\n\nMesas-Redondas (30 de outubro)\n\nMesas-Redondas (31 de outubro)\n\nÀ tarde, os participantes serão divididos em quatro grupos de trabalho com o objetivo de estimular a elaboração de planos e propostas em comum para o desenvolvimento de projetos de pesquisa em parceria na temática de arboviroses entre as instituições brasileiras e francesas.\n\nVisita técnica\n\nO workshop será encerrado com uma visita técnica ao laboratório NB3 do IEC. A Seção de Arbovirologia do IEC é um Centro Colaborador da Organização Pan-Americana da Saúde (Opas/OMS) para Arboviroses Emergentes e Reemergentes e outros vírus zoonóticos desde a década de 1980 e iniciou os estudos na área há 70 anos, em 1954. A instituição é referência na pesquisa de arboviroses emergentes e reemergentes, contribuindo significativamente para o avanço do conhecimento e das respostas a essas doenças."
}