{
    "url": "https://www.gov.br/saude/pt-br/assuntos/noticias/2024/dezembro/confira-8-dicas-para-prevenir-os-focos-do-mosquito-com-apenas-10-minutos-por-semana",
    "titulo": "Confira 8 dicas para prevenir os focos do mosquito com apenas 10 minutos por semana",
    "descricao": "Pequenas ações podem fazer uma grande diferença na prevenção da dengue e proteção coletiva",
    "subtitulo": "CONTRA A DENGUE",
    "categoria": "Saúde e Vigilância Sanitária",
    "autora": "Edjalma BorgesMinistério da Saúde",
    "tags": [
        "vigilância em saúde e ambiente",
        "arboviroses",
        "dengue"
    ],
    "data_publi": "13/12/2024",
    "texto": "OAedes aegypti,mosquito transmissor dadengue,zikaechikungunya, encontra nas residências o ambiente ideal para se proliferar. Estima-se que 75% dos focos do mosquito estejam dentro ou ao redor das casas. Nesse cenário, é fundamental que cada cidadão adote medidas simples para conter a proliferação. Com apenas 10 minutos por semana, é possível proteger toda uma comunidade.\n\nSegundo a ministra Nísia Trindade, ao longo deste ano a população experimentou um aumento explosivo de casos, o que reforça a importância do cuidado. “Temos a fase que estamos agora de uma forte prevenção, controle dos focos. Mas sabemos que haverá casos de dengue. Para isso, temos de estar organizados. É a organização doSistema Único de Saúde (SUS), a organização da assistência, do papel dos estados, dos governadores nesse processo. Por isso estamos fazendo esse Dia D”, destaca a ministra, reforçandoo Dia D de mobilização nacional contra a dengue, a ser realizado neste sábado (14), em todo o país.\n\nAções importantes no dia a dia:\n\nMedidas adicionais de prevenção:\n\nA prevenção da dengue depende da eliminação dos criadouros do mosquito e da proteção contra suas picadas. Ao adotar essas práticas simples, a população contribui significativamente para a redução dos casos de dengue em sua comunidade. Lembre-se: a luta contra oAedes aegyptié uma responsabilidade de todos. Em caso de sintomas como dor no corpo, febre, dor atrás dos olhos, é fundamental procurar a unidade de saúde para os devidos cuidados."
}