{
    "url": "https://www.gov.br/saude/pt-br/assuntos/noticias/2024/junho/ministerio-da-saude-e-forcas-armadas-distribuem-alimentos-e-remedios-para-aldeias-no-estado",
    "titulo": "Ministério da Saúde e Forças Armadas distribuem alimentos e remédios para aldeias no estado",
    "descricao": "Secretaria de Saúde indígena e Cruz Vermelha se reuniram para acompanhar a assistência médica e pactuar novos planejamentos​",
    "subtitulo": "RIO GRANDE DO SUL",
    "categoria": "Saúde e Vigilância Sanitária",
    "autora": "O Rio Grande do Sul sofre com o efeito das severas enchentes que atingem o estado desde o início de maio. Ao todo, 97% do território gaúcho foi atingido.",
    "tags": [
        "saúde indígena",
        "força nacional do sus",
        "rio grande do sul"
    ],
    "data_publi": "08/06/2024",
    "texto": "O Ministério da Saúde tem realizado visitas técnicas em aldeias afetadas pelasenchentesno Rio Grande do Sul. Além do diagnóstico da situação atual, equipes daSecretaria de Saúde Indígena (Sesai)também estão realizando atendimentos médicos.\n\nNesta sexta-feira (7), integrantes da Sesai se reuniram com a Cruz Vermelha, entidade parceira desde o início da tragédia, para acompanhar a assistência de saúde e pactuar novos planejamentos de atendimentos.\n\nDurante a conversa, em Caxias do Sul, foi discutida a situação  do saneamento básico das aldeias. Ficou acordada uma  parceria para a instalação de filtros de água nas comunidades indígenas que foram atingidas indiretamente pelas chuvas intensas de maio.\n\n“Em visitas no decorrer do mês de maio, foi possível identificar algumas necessidades, essa, por sua vez, houve mobilização de órgãos e entidades com intuito de responder positivamente a essa demanda”, explica o ponto focal do Centro de Informações Estratégicas de Vigilância em Saúde para a saúde indígena no Rio Grande do Sul, Yago Matos.\n\nNa aldeia Por Fi Ga, no município de São Leopoldo, foram distribuídos medicamentos, alimentos, kits de higiene, colchões, roupas e equipamentos de proteção individual. No local, vivem 80 famílias da etnia Kaikang. A ação foi articulada pelo Ministério da Saúde e Forças Armadas.\n\nDesde o início da tragédia, aForça Nacional do Sistema Único de Saúde (SUS)realizou mais de 280 atendimentos de saúde indígena no Polo Base Porto Alegre e mais de 190, no Polo Base Barra do Ribeiro. Além disso, mais de 180 filtros de água já foram distribuídos para diversas aldeias. Duas equipes de saúde indígena realizam a assistência."
}