{
    "url": "https://www.gov.br/saude/pt-br/assuntos/noticias/2024/setembro/forca-nacional-do-sus-visita-indigenas-em-rondonia",
    "titulo": "Força Nacional do SUS visita indígenas em Rondônia",
    "descricao": "Em Nova Mamoré, 714 indígenas estão sem água potável",
    "subtitulo": "SECA EXTREMA",
    "categoria": "Saúde e Vigilância Sanitária",
    "autora": "João Vitor MouraMinistério da Saúde",
    "tags": [
        "atenção especializada à saúde",
        "força nacional do sus",
        "queimadas",
        "mudanças climáticas"
    ],
    "data_publi": "25/09/2024",
    "texto": "A 280 quilômetros da capital rondoniense está localizada a cidade de Nova Mamoré (RO), onde 6 das 13 aldeias indígenas estão desabastecidas de água potável: Limão, com 159 indígenas; Limão 02 (61); Castanhal (59), Ribeirão (338), Manain Tocwe (28) e Hilem (69). Nesta terça-feira (24), a equipe do Ministério da Saúde, juntamente com as secretarias de Saúde municipal e estadual, esteve na aldeia Limão a fim de entender a necessidade dos indígenas. A principal causa da falta de água é a seca extrema que acomete o estado.\n\nDe acordo com aSecretaria de Saúde Indígena (Sesai), 714 indígenas não possuem água para beber, tomar banho e cozinhar. Além da estiagem, os povos indígenas também vêm sofrendo com a fumaça dasqueimadas. \"Água mesmo, está faltando muito, o poço secou. E estamos sofrendo com as fumaças que estão vindo de outras localidades\", lamentou o cacique Alberto Oro Waram.\n\nA coordenadora daFN-SUSna missão, a enfermeira Juliana Lima, destacou a importância da visita da equipe no local. \"Novamente, repito que não estamos aqui para fiscalizar e nem para apontar erros. A gente só quer entender um pouco como o município está enfrentando esse cenário e quais estratégias já estão sendo pensadas para que nós, do governo federal, possamos apoiar os municípios e o estado, principalmente em relação às comunidades indígenas, que estão mais afetadas\", afirmou.\n\nAs queimadas, a seca e escassez de água vêm sendo monitoradas, desde julho, pelaSecretaria de Vigilância em Saúde e Ambientedo Ministério da Saúde, por meio daSala de Situação Nacional de Emergências Climáticas em Saúde, que elabora ações para enfrentar, com rapidez e eficiência, os desafios impostos por eventos climáticos extremos.\n\nEm Rondônia, as únicas aldeias que estão isoladas estão localizadas no município de Guajará-Mirim, que faz fronteira com a Bolívia. Nesta quarta-feira (25), a equipe do Ministério da Saúde vai visitar Guajará-Mirim para fazer o diagnóstico situacional, já que o município também sofre com as mudanças climáticas e as queimadas.\n\nAcesse a página da campanha \"Se tem fumaça, tem que ter cuidado\""
}