{
    "url": "https://www.gov.br/saude/pt-br/assuntos/noticias/2024/dezembro/ministerio-da-saude-reabre-100-dos-servicos-de-atendimento-no-territorio-yanomami",
    "titulo": "Ministério da Saúde reabre 100% dos serviços de atendimento no território Yanomami",
    "descricao": "Mais de 5 mil indígenas foram beneficiados pela reabertura de sete polos base, que totalizam 37 serviços de saúde, contribuindo para a redução da mortalidade na região",
    "subtitulo": "SAÚDE INDÍGENA",
    "categoria": "Saúde e Vigilância Sanitária",
    "autora": "Todos esses esforços do Governo Federal para melhorar a saúde no território Yanomami resultaram na redução do número de mortes de indígenas. Dados preliminares apontam que os óbitos caíram 27% se comparados os primeiros seis meses de 2024 e 2023. As mortes reduziram de 213 para 155. Houve quedas significativas nas mortes por infecções respiratórias agudas (53%), desnutrição (68%) e malária (35%).",
    "tags": [
        "saúde indígena",
        "yanomami",
        "assistência",
        "vacinação"
    ],
    "data_publi": "11/12/2024",
    "texto": "O Ministério da Saúde entregou 7 novos Polos Base nas aldeias de Kayanaú, Homoxi, Hakoma, Ajaraní, Haxiú, Xitei e Palimiu, reabrindo 100% dos polos no territórioYanomami. Com isso, 5,2 mil indígenas passaram a ser atendidos na região, reduzindo significativamente o vazio assistencial. No início de 2023, os serviços no Distrito Sanitário Especial Indígena (Dsei) Yanomami e Yekuana estavam comprometidos pelo garimpo ilegal e pela destruição das estruturas de saúde na região. Com a reabertura, as equipes de saúde puderam retornar a essas localidades, garantindo assistência e vigilância contínua.\n\nEssas informações constam em relatório atualizado do ministério - oInforme 6 do Centro de Operação de Emergências (COE) Yanomami, publicado nesta quarta-feira (11). O documento apresenta uma análise comparativa dos seis primeiros meses de 2023 e 2024.\n\nO relatório também aponta que a pasta construiu 6 novas Unidades Básicas de Saúde Indígena (UBSIs) entre abril e junho de 2024, totalizando 40 UBSIs em funcionamento no território indígena. Essas unidades viabilizam a execução direta dos serviços de atenção à saúde e saneamento. As aldeias também passaram a contar com 1.759 profissionais, quase o triplo do que havia no início de 2023, quando foi declarada emergência na terra indígena. Entre os profissionais, estão cirurgiões-dentistas, médicos, enfermeiros, fisioterapeutas, nutricionistas eagentes de combate às endemias (ACEs).\n\nA ampliação da rede de saúde resultou no aumento da cobertura devigilância alimentar e nutricionalem crianças menores de 5 anos, que passou de 5.997 para 6.084. Isso permitiu maior captação de crianças com déficit nutricional, possibilitando diagnósticos qualificados e tratamentos oportunos, prevenindo o agravamento da desnutrição. De janeiro a junho de 2023, 90 pessoas foram recuperadas de déficit nutricional nos estabelecimentos de saúde; no mesmo período de 2024, esse número mais que dobrou - subiu para 196.\n\nAs melhorias também refletiram navacinação: o número de doses aplicadas cresceu 58%, passando de 16.845 no primeiro semestre do ano passado para 26.741 no mesmo período deste ano.\n\nAumento do diagnóstico\n\nO combate àmaláriatambém foi intensificado. A doença, de fácil diagnóstico, é um desafio para a população indígena, que antes não tinha acesso regular a serviços de saúde. Com a reabertura dos polos, o número de exames realizados no primeiro semestre de 2024 (136.282) aumentou 73% em comparação ao mesmo período de 2023 (78.777). Assim, os casos notificados subiram de 14.450 para 18.310 em 2024.\n\nA ampliação da presença de profissionais de saúde no território indígena também permitiu intensificar a busca ativa, monitorar casos e ampliar atendimentos a pacientes com infecção respiratória aguda (IRA). No primeiro semestre de 2024, os atendimentos cresceram 268% em relação a 2023, passando de 3.113 para 11.484. Esse aumento também se deve ao surto de infecção respiratória registrado no Amazonas e em Roraima no início deste ano. A taxa de letalidade por síndromes respiratórias caiu de 1,3% no primeiro semestre de 2023 para 0,2% no mesmo período de 2024.\n\nÁgua potável, logística e internet\n\nA dificuldade de acesso à água potável, que compromete ações de saúde e aumenta o risco dedoenças diarreicas, também está sendo enfrentada. Entre 2023 e 2024, o Ministério da Saúde construiu ou reformou 23 sistemas de reservatórios elevados, reativou ou manteve 25 sistemas existentes e implantou 28 sistemas de abastecimento de água no território.\n\nNo mesmo período, a conectividade no território Yanomami também avançou, com um aumento de 66% nos links de internet, passando de 24 para 40. O suporte logístico quase dobrou o número de transportes de pacientes indígenas para unidades de saúde de referência, de 1.083 no primeiro semestre de 2023 para 2.042 no mesmo período de 2024. Os deslocamentos foram realizados por via aérea, terrestre e fluvial.\n\nQualificação permanente\n\nEntre 2023 e 2024, 88 qualificações foram realizadas para profissionais de saúde. Inicialmente voltadas ao manejo de situações emergenciais, este ano os treinamentos passaram a incluir iniciativas estruturantes, com a criação do Núcleo de Educação Permanente. Isso permitiu aprimorar a assistência e o manejo clínico, respeitando as especificidades culturais da população local."
}