{
    "url": "https://www.gov.br/saude/pt-br/assuntos/noticias/2024/setembro/profissionais-da-atencao-primaria-fazem-mestrado-profissional-em-gestao-de-sistemas-e-servicos-de-saude",
    "titulo": "Profissionais da atenção primária fazem mestrado profissional em Gestão de Sistemas e Serviços de Saúde",
    "descricao": "Secretário de Atenção Primária ressalta a importância desse tipo de formação para o avanço no combate à desigualdade na Saúde e o fortalecimento do SUS",
    "subtitulo": "EDUCAÇÃO EM SAÚDE",
    "categoria": "Saúde e Vigilância Sanitária",
    "autora": "Luciano MarquesMinistério da Saúde",
    "tags": [
        "atenção primária",
        "mestrado profissional",
        "qualificação",
        "saúde da família"
    ],
    "data_publi": "11/09/2024",
    "texto": "A primeira turma de mestrado profissional em Gestão de Sistemas e Serviços de Saúde, direcionado a profissionais daSecretaria de Atenção Primária à Saúde (Saps), iniciou os trabalhos nesta terça-feira (10), na Fundação Oswaldo Cruz (Fiocruz), em Brasília. A pós-graduação é uma parceria entre o Ministério da Saúde e a Escola Nacional de Saúde Pública Sergio Arouca (ENSP) e tem como objetivo fortalecer a capacidade de análise estratégica, formulação de políticas e gestão de sistemas e serviços de saúde no país.\n\nNa mesa de abertura, o secretário de Atenção Primária à Saúde, Felipe Preço ressaltou a importância de mestrados profissionais na saúde, principalmente em gestão, que é uma questão estratégica. Segundo o secretário, a possibilidade de gerar produtos e tecnologias que reflitam e proponham mudanças é essencial para auxiliar futuras gestões a darem continuidade ao trabalho que vem sendo feito agora, cujo um dos focos é o combate às iniquidades.“Esse pontapé inicial é uma enorme contribuição ao Ministério da Saúde, com dois anos pela frente de muita dedicação e pesquisa, de muita inovação, criatividade, e que tudo isso possa representar avanços para gestões futuras, para a Secretaria de Atenção Primária Saúde e, claro, avanços no combate à desigualdade na Saúde”, destacou Proenço. “A grande meta de quem está na gestão da Saúde é melhorar esse país, combater as grandes iniquidades que ainda estão presentes e que se aprofundaram entre 2016 e 2022, mas que agora já começam a ter respostas importantes.”\n\nO secretário da Saps lembrou que a atenção primária vive um novo momento, com um novo modelo que prioriza aEstratégia Saúde da Família, com diversas iniciativas direcionadas à saúde bucal, ao movimento de transformação das equipes da atenção primária em equipes de Saúde da Família, além de tratar uma série de questões relativas à primeira infância, à atenção com a pessoa idosa, à promoção à saúde, dentre outras.“O mestrado é importante porque teremos profissionais capacitados pensando as políticas públicas, pensando oSistema Único de Saúde, pensando na evolução do que a Saps vem desenvolvendo, para que a secretaria possa melhorar ainda mais nesse sentido”, finalizou.\n\nSobre o mestrado\n\nConsiderando o papel central da atenção primária para o Sistema Único de Saúde, frente às múltiplas crises e profundas transformações em curso, a pós-graduação conduzida pela ENSP tem, entre seus objetivos, dotar os alunos do mestrado de bases teórico-conceituais necessárias para a análise de sistemas e serviços de saúde, incluindo sua governança, condições de saúde, arranjos tecnoassistenciais e novos desafios em curso nos sistemas de saúde no Brasil. Além disso, a ideia é ajudá-los a desenvolver competências específicas no âmbito da gestão de sistemas e serviços de saúde e fomentar o enfrentamento de problemas e desafios atuais nas redes de atenção loco-regionais do SUS.\n\nO curso tem carga horária total estimada em 1.440 horas, sendo 1.080 horas em disciplinas acadêmicas e 360 horas em atividades dedicadas à elaboração de trabalho de conclusão final."
}