{
    "url": "https://www.gov.br/saude/pt-br/assuntos/noticias/2024/setembro/governo-federal-entrega-obras-de-ampliacao-na-universidade-federal-de-uberlandia-ufu",
    "titulo": "Governo Federal entrega obras de ampliação na Universidade Federal de Uberlândia (UFU)",
    "descricao": "Novo bloco hospitalar da universidade foi ampliado, terá 249 leitos e capacidade para atender cerca de 2 milhões de pessoas. Nova estrutura também será utilizada para ensino, pesquisa e extensão",
    "subtitulo": "ATENÇÃO ESPECIALIZADA",
    "categoria": "Saúde e Vigilância Sanitária",
    "autora": "Nadja Alves dos ReisMinistério da Saúde",
    "tags": [
        "atenção especializada à saúde",
        "hospital universitário",
        "novo pac",
        "minas gerais"
    ],
    "data_publi": "05/09/2024",
    "texto": "Nesta quinta-feira (5), a ministra da Saúde, Nísia Trindade, e o presidente Luiz Inácio Lula da Silva, participaram da inauguração do novo bloco hospitalar da Universidade Federal de Uberlândia (UFU), em Minas Gerais. O projeto, que tem custo total de R$ 224 milhões, foi iniciado em 2012 por meio do Programa de Aceleração do Crescimento (PAC), e conta com investimento de R$ 20,6 milhões do Ministério da Saúde e R$ 44 milhões do Ministério da Educação.\n\n\"Tenho viajado para inaugurar obras hospitalares, UPAS, UBSs e hospitais universitários que ficaram paradas desde 2012 e 2013. Queria pedir para o meu governo, pelo amor de Deus, não vamos deixar o hospital de lado, vamos fazê-lo funcionar totalmente. Queremos que o SUS seja referência mundial\", afirmou o presidente Lula no evento.\n\n\"Esta é mais uma ação conjunta de educação e saúde. Temos feito muito pelo Brasil com a liderança do presidente Lula. Já são 45 hospitais universitários, que vem sendo fundamentais para programas como o deRedução de Filase oMais Acesso a Especialistas\", destacou a ministra da Saúde, Nísia Trindade.\n\nCom atendimento de urgência e emergência em trauma, saúde cardiovascular e neurologia, a nova estrutura terá capacidade para atender cerca de 2 milhões de cidadãos do Triângulo Mineiro. O prédio também será utilizado em atividades de ensino, pesquisa e extensão.\n\nAlém de oferecer ambientes projetados e serviços de saúde de alta tecnologia para a população mineira, a unidade será um local de ensino, pesquisa e extensão para residentes, com a promoção de novas oportunidades de pesquisa clínica, o que pode expandir as possibilidades de inovação em tratamentos para todos os brasileiros.\n\nO novo prédio conta com ambientes amplos e adequados ao atendimento humanizado, com equipamentos de imagem e diagnóstico, tais como ressonância magnética, tomógrafo, hemodinâmica, ultrassom, raio X. A estrutura contempla um total de 249 leitos - sendo 146 leitos de internação, 30 leitos de UTI, 8 para tratamento de queimaduras, 65 de pronto-socorro, além de um setor de Urgência e Emergência com capacidade para 70 leitos. Além disso, serão 22 salas cirúrgicas.\n\nOs hospitais universitários desempenham papel fundamental no setor público de saúde. Além de ampliar a capacidade de atendimento doSistema Único de Saúde (SUS), são espaços importantes para a formação de profissionais e para o fomento ao desenvolvimento científico que resulta em inovação. Em todo o Brasil, a rede de hospitais universitários federais conta com um total de 9,1 mil leitos disponibilizados para o SUS.\n\nPara ampliar essas iniciativas, nesta gestão, oPACfoi expandido e inovou ao incluir, pela primeira vez, a rede da Empresa Brasileira de Serviços Hospitalares (EBSERH), composta por 45 hospitais universitários federais. Até 2026, está previsto um investimento na Saúde de R$ 1,38 bilhão, sendo R$ 311 milhões previstos para 2024.\n\nAssista à transmissão\n\n"
}