{
    "url": "https://www.gov.br/saude/pt-br/assuntos/noticias/2024/julho/apos-encontro-brasil-entrega-recomendacoes-para-enfrentamento-ao-racismo-nas-americas",
    "titulo": "Após encontro, Brasil entrega recomendações para enfrentamento ao racismo nas Américas",
    "descricao": "Evento na Organização Pan-Americana da Saúde (Opas) contou com ministérios da saúde de vários países, especialistas e lideranças negras e indígenas para diálogo sobre equidade étnico racial",
    "subtitulo": "CONTRA A DESIGUALDADE",
    "categoria": "Saúde e Vigilância Sanitária",
    "autora": "Nadja Alves dos ReisMinistério da Saúde",
    "tags": [
        "secretaria executiva",
        "racismo",
        "estratégia antirracista",
        "opas"
    ],
    "data_publi": "11/07/2024",
    "texto": "O Brasil sediou em julho um evento internacional para o diálogo sobre enfrentamento ao racismo na saúde, com participação de 22 países membros da Organização Pan-Americana da Saúde (Opas). O “Encontro Regional: Abordando as desigualdades étnico-raciais em saúde” contou com abertura da ministra Nísia Trindade e encaminhamentos que vão promover a implementação da Estratégia e Plano de Ação sobre Etnicidade e Saúde na América Latina. Leia a seguir os principais destaques do encontro e as deliberações tomadas pelo Brasil.\n\nMedidas para equidade étnico-racial nas Américas\n\nAo longo da programação, delegações do Brasil, México, Panamá, Colômbia, Argentina, Equador, Peru, Chile, Venezuela, Canadá, Costa Rica, Guatemala e Nicarágua apresentaram suas ações, avanços e oportunidades relativas à Estratégia e Plano de Ação sobre Etnicidade e Saúde 2019-2025.\n\nNa delegação brasileira, esse diálogo foi promovido pelas secretarias do Ministério da Saúde, além de seis movimentos sociais, escolhidos no seminário “Saúde Sem Racismo: Dialogando com os Movimentos”. Realizado no mês de junho, o evento reuniu mais de 170 representantes de movimentos sociais, setor acadêmico e gestão pública.\n\nAs instituições escolhidas por voto para representar a sociedade civil foram o Fórum Nacional de Travestis e Transexuais Negras e Negros (Fonatrans), a Construção Nacional do Hip Hop, a Coordenação Nacional de Articulação de Quilombos (Conaq), a Rede Nacional de Religiões Afro-Brasileiras e Saúde (Renafro), o Movimento Nacional da População de Rua e a Articulação dos Povos Indígenas do Brasil (Apib).\n\nUma das participantes foi a representante do Fonatrans Bruna Ravena, que evidenciou a necessidade do combate às discriminações cometidas contra pessoas negras e transgêneras ou travestis. “Eu acho essa iniciativa muito importante porque, na centralidade do debate, estavam os corpos trans, travestis, negros e negras. [...] Além de trocar as experiências e escutar como são tratadas as demandas por raça e gênero dentro desses países, pudemos dialogar sobre a promoção de políticas globalizadas nas Américas”, contou.\n\nProposta e encaminhamentos apresentados pelo Brasil\n\nCom base nas experiências em curso no Brasil, o Ministério da Saúde recomendou à Opas:\n\nCompromisso com o enfrentamento ao racismo\n\nNa oportunidade, a ministra Nísia Trindade reconheceu a diversidade étnica e cultural das américas, sem deixar de reconhecer os indicadores que apontam as desigualdades na saúde no continente, relembrando que, segundo o último censo do Instituto Brasileiro de Geografia e Estatistica (IBGE), a expectativa de vida no Brasil é, em média, quatro anos menor para negros e indígenas em comparação com pessoas brancas.\n\n“A luta não se resume apenas na atenção aos usuários e aos trabalhadores da saúde, mas no combate aos determinantes sociais que essa discriminação se faz sentir, como as condições de moradia, de pagamento básico, acesso, à educação e condições dignas de trabalho”, reiterou.\n\nOutro ponto importante foi a contribuição da diretora do Departamento de Determinantes Sociais e Ambientais para a Equidade em Saúde da Opas, Gerry Eijkemans, que destacou a desigualdade nas Américas, mas elogiou a postura do Brasil e as últimas iniciativas com foco na justiça social. “Espero poder criar propostas incríveis que possamos compartilhar com governos, chefes de estado e autoridades da Opas para criar uma realidade com menos racismo e maior justiça social”, observou"
}