{
    "url": "https://www.gov.br/saude/pt-br/assuntos/noticias/2024/novembro/politica-nacional-de-alimentacao-e-nutricao-celebra-25-anos-de-compromisso-do-sus-com-os-brasileiros",
    "titulo": "Política Nacional de Alimentação e Nutrição celebra 25 anos de compromisso do SUS com os brasileiros",
    "descricao": "Seminário em comemoração à data, destacou o aumento do incentivo financeiro para ações de alimentação e nutrição na Atenção Primária à Saúde",
    "subtitulo": "PNAN",
    "categoria": "Saúde e Vigilância Sanitária",
    "autora": "Ministério da Saúde",
    "tags": [
        "atenção primária",
        "alimentação",
        "nutrição",
        "seminário"
    ],
    "data_publi": "29/11/2024",
    "texto": "APolítica Nacional de Alimentação e Nutrição (PNAN)completou 25 anos, consolidando seu papel na promoção da saúde por meio da alimentação adequada e saudável. Simultaneamente, oGuia Alimentar para a População Brasileiracomemorou 10 anos de impacto positivo. Esses marcos reforçaram os serviços de alimentação e nutrição no Brasil.\n\nPara a ministra da Saúde, Nísia Trindade, a segurança alimentar e nutricional é uma prioridade do governo  e exige esforços de todos. Celebramos 25 anos de uma política que transformou realidades e, mesmo diante de retrocessos recentes, permanece essencial para melhorar as condições de vida e saúde dos brasileiros”, afirma.\n\nO secretário deAtenção Primária à Saúde do Ministério da Saúde, Felipe Proenço, diz que os avanços da PNAN também são resultado do esforço dos trabalhadores e gestores do SUS. “Queremos mais 25 anos dessa política pública. Obrigado a todos que estão construindo essa política no cotidiano. Vida longa à PNAN”.\n\nSeminário celebra avanços e compromissos\n\nNesta semana, ocorreu o seminário “Política Nacional de Alimentação e Nutrição: 25 anos de compromisso do SUS com a saúde e nutrição dos brasileiros”, que reafirmou a alimentação como um direito fundamental e um determinante crucial para a saúde. Durante o evento, foram destacados:\n\nPlano Brasil Sem Fome e novas iniciativas\n\nComo parte do esforço para retirar o Brasil do Mapa da Fome, o Ministério da Saúde contribui com Plano Brasil Sem Fome a partir do fomento à expansão e qualificação da Atenção Primária à Saúde, incluindo a implementação da Triagem para o Risco da Insegurança Alimentar (TRIA)\n\nO objetivo é monitorar o risco de insegurança alimentar nos domicílios para promover ações articuladas do SUS junto aos serviços do Sistema Único de Assistência Social (SUAS) e do Sistema de Segurança Alimentar e Nutricional (SISAN).\n\nEntre novembro de 2023 e agosto de 2024, mais de 20 milhões de pessoas de 8 milhões de domicílios responderam à TRIA. 582.949 de domicílios identificados em risco de insegurança alimentar.\n\nOutras ações do Ministério da Saúde"
}