{
    "url": "https://www.gov.br/saude/pt-br/assuntos/noticias/2024/agosto/saude-participa-de-evento-no-para-voltado-para-populacao-lgbtqiapn",
    "titulo": "Saúde participa de evento no Pará voltado para população LGBTQIAPN+",
    "descricao": "Atividades de educação e promoção à saúde foram realizadas, no último fim de semana, no Festival Aceita",
    "subtitulo": "DIVERSIDADE",
    "categoria": "Saúde e Vigilância Sanitária",
    "autora": "O Festival Aceita é um evento dedicado a celebrar a diversidade e promover a visibilidade da comunidade LGBTQIAPN+ amazônica. O festival abrange diversas áreas, incluindo música, artes visuais, tecnologia, audiovisual, empreendedorismo, sustentabilidade, direitos humanos e moda.O festival foi acolhido pela Secretaria-Geral da Presidência da República e contou, além da Saúde, com a presença dos ministérios do Turismo, dos Povos Indígenas, do Empreendedorismo, da Microempresa e da Empresa de Pequeno Porte, dos Direitos Humanos e da Cidadania e, ainda, da Secretaria de Comunicação Social.Francisco SoaresMinistério da Saúde",
    "tags": [
        "vigilância em saúde e ambiente",
        "atenção primária",
        "lgbtqiapn+",
        "diversidade"
    ],
    "data_publi": "26/08/2024",
    "texto": "A cidade de Belém foi palco, entre os dias 23 e 25/8, da celebração da cultura LGBTQIAPN+ na região amazônica, com o Festival Cultural Aceita, e o Ministério da Saúde esteve presente com um estande de 60 metros quadrados. No espaço, foram realizadas atividades de educação e promoção à saúde com a participação secretarias deVigilância em Saúde e Ambiente (SVSA), deAtenção Primária à Saúde (Saps), deSaúde Indígena (Sesai), deGestão do Trabalho e da Educação em Saúde (SGTES)e deInformação e Saúde Digital (Seidigi), além da Assessoria de Participação Social de Diversidade (APSD).A diretora de programa daSecretaria de Atenção Especializada à Saúde (Saes), Flávia do Bonsucesso Teixeira, destacou a importância participação da pasta no evento.“Historicamente, a garantia de direitos humanos para a população LGBTQIAPN+ iniciou e foi assegurada por meio da área da saúde. E o Ministério da Saúde sempre foi, para este público, a referência de cuidado numa perspectiva mais ampla de entender o ser humano em todas as suas dimensões. Então, é muito importante que, em um momento de celebração, o ministério esteja presente dizendo às pessoas o quanto elas são parte desse SUS que é equânime”, afirmou.\n\nAlém da distribuição de materiais de educação e promoção à saúde, a saúde promoveu oficinas sobre diversos temas, tais como “Participação social e o direito à saúde”; “Saúde da População LGBTQIAPN+, para onde vamos?”; “Meu SUS Digital”, entre outros. As atividades fazem parte do Ecossistema de Direitos Humanos, do Festival Aceita.\n\nFestival Aceita"
}