{
    "url": "https://www.gov.br/saude/pt-br/assuntos/noticias/2024/abril/ministerio-da-saude-coordena-reuniao-sobre-carreiras-no-sus",
    "titulo": "Ministério da Saúde coordena reunião sobre carreiras no SUS",
    "descricao": "Iniciativa articula ministérios e instituições da saúde e do trabalho",
    "subtitulo": "VALORIZAÇÃO DO TRABALHO",
    "categoria": "Saúde e Vigilância Sanitária",
    "autora": "Ministério da Saúde",
    "tags": [
        "trabalho e educação na saúde",
        "carreiras do sus",
        "políticas públicas"
    ],
    "data_publi": "17/04/2024",
    "texto": "O Ministério da Saúde realiza, nesta quarta-feira (17),  por meio da Secretaria de Gestão do Trabalho e da Educação na Saúde (SGTES), a 2ª Reunião da Comissão para a Discussão e Elaboração de Proposta de Carreiras no âmbito doSistema Único de Saúde(CDEPCA/SUS), em Brasília. Durante o encontro, serão discutidos temas sobre carreiras no SUS, entre os quais estão: o atual cenário, as diretrizes para gestão no âmbito executivo federal e os pontos fundamentais para a estruturação.\n\nRepresentantes de diferentes instituições, como os ministérios da Gestão e da Inovação em Serviços Públicos (MGI),  do Trabalho e Emprego (MTE), Conselho Nacional de Secretários de Saúde (Conass), Conselho Nacional de Secretarias Municipais de Saúde (Conasems) e a Comissão Intersetorial de Recursos Humanos e Relações de Trabalho do Conselho Nacional de Saúde (CIRHRT/CNS) participam do encontro.\n\nFique por dentroA Comissão para Discussão e Elaboração de Proposta de Carreiras no Âmbito do Sistema foi instituída pela Portaria GM/SM nº 3.100, de 18 de janeiro de 2024. A CDEPCA busca fomentar a realização de debates, estudos, pesquisas e diagnósticos voltados ao aprimoramento das carreiras no âmbito do SUS. A formulação e adequação de políticas públicas relacionadas ao desenvolvimento de carreiras no âmbito do SUS serão apoiadas por municípios, estados e Distrito Federal, considerando suas respectivas esferas de atuação e competências."
}