{
    "url": "https://www.gov.br/saude/pt-br/assuntos/noticias/2024/junho/forca-nacional-do-sus-realiza-atendimento-em-areas-remotas-do-rio-grande-do-sul",
    "titulo": "Força Nacional do SUS realiza atendimento em áreas remotas do Rio Grande do Sul",
    "descricao": "Ação é parte dos esforços continuados de auxílio à população atingida pelas enchentes na região",
    "subtitulo": "RIO GRANDE DO SUL",
    "categoria": "Saúde e Vigilância Sanitária",
    "autora": "João MoraesMinistério da Saúde",
    "tags": [
        "vigilância em saúde e ambiente",
        "força nacional do sus",
        "assistência medica",
        "rio grande do sul"
    ],
    "data_publi": "22/06/2024",
    "texto": "AForça Nacional do Sistema Único de Saúde (FN-SUS), em parceria com a Marinha do Brasil, realizou uma operação na Ilha dos Marinheiros, região norte de Porto Alegre (RS), como parte dos esforços contínuos para auxiliar a população afetada pelas enchentes no Rio Grande do Sul. A missão enfrentou diversos desafios devido ao difícil acesso e à devastação extrema na área.\n\nAs equipes conseguiram realizar 100% dos atendimentos previstos, incluindo ações de vacinação, distribuição de medicamentos, renovação de receitas e acolhimento da população vulnerável. Foram identificados casos suspeitos deleptospirosee administrados antibióticos para tratamento imediato. Além disso, orientações sobre o uso de equipamentos de proteção individual (EPIs) foram fornecidas para mitigar riscos sanitários.\n\n\"Nos deparamos com uma população extremamente carente e amedrontada com o risco de novasenchentes. Conseguimos realizar todas as atividades, desde o acolhimento até a distribuição de medicações, o que foi essencial para atender às necessidades locais\", explicou Juliana Lima de Araújo, consultora técnica da Força Nacional do SUS.\n\nA operação também destacou a importância da colaboração entre diferentes esferas de governo e instituições. A Marinha do Brasil desempenhou um papel fundamental na logística, facilitando a distribuição de mantimentos e água potável e trabalhando em conjunto para garantir uma resposta rápida e eficaz.\n\n\"Essa ação reforça a necessidade e a importância da unificação da resposta emergencial. Com um comando único, conseguimos otimizar tempo e explorar os melhores recursos disponíveis\", acrescentou Juliana Lima.\n\nDesde o inicio de sua atuação na região do Rio Grande do Sul, o Ministério da Saúde enviou kits emergenciais em assistência à população gaúcha. Cada kit contém medicamentos e insumos, como luvas, seringas e ataduras, que podem atender 150 mil pessoas por 30 dias.\n\nAlém disso, foram entregues oito milhões de itens de medicamentos, incluindo insulina NPH e regular, produtos para a saúde da mulher, 138 tipos de medicamentos de alto custo e estratégicos, e 86,3 mil ampolas para intubação orotraqueal, totalizando R$ 46 milhões.\n\nTambém foram distribuídas 600 doses de imunoglobulina e 1.140 frascos de diversos soros, como antielapídico, antibotrópico, anticrotálico, antiveneno lonomia, antirrábico humano e antitetânico.\n\nNos abrigos, 21,2 mil pessoas foram vacinadas contrainfluenza, e foram entregues cinco mil doses deHepatite Apediátrica e 1,5 mil doses de Hepatite A."
}