{
    "url": "https://www.gov.br/saude/pt-br/assuntos/noticias/2024/agosto/ministerio-da-saude-orienta-farmacias-sobre-execucao-de-testes-contra-hiv-hepatites-virais-e-outras-ists",
    "titulo": "Ministério da Saúde orienta farmácias sobre execução de testes contra HIV, hepatites virais e outras ISTs",
    "descricao": "Orientação visa ampliar e facilitar o acesso à testagem no país. Testes servem como triagem e depois devem ser confirmados a nível laboratorial",
    "subtitulo": "TESTAGEM",
    "categoria": "Saúde e Vigilância Sanitária",
    "autora": "Acesse anota técnica",
    "tags": [
        "vigilância em saúde e ambiente",
        "aids",
        "hepatites virais",
        "testagem"
    ],
    "data_publi": "09/08/2024",
    "texto": "O Ministério da Saúde publicou umanota técnicaorientando farmácias autorizadas sobre a realização de testes rápidos para triagem e encaminhamento para o diagnóstico deHIV,sífilis,hepatitesvirais eoutras infecções sexualmente transmissíveis (ISTs).\n\nA nota é baseada em uma recomendação  da Agência Nacional de Vigilância Sanitária (Anvisa) -RDC 786/2023-  que define a inclusão de farmácias no grupo de Serviços Tipo 1.\n\nA nota explica que somente as farmácias habilitadas poderão realizar os testes. Diferentemente dos estabelecimentos comuns, tais farmácias devem estar integradas à rede de diagnóstico, assistência à saúde e vigilância.\n\nAinda de acordo com o documento, o profissional responsável pela testagem deve orientar o usuário sobre possíveis resultados e o que eles representam. As dúvidas das pessoas devem ser acolhidas e respondidas.\n\nA testagem rápida para o HIV, por exemplo, já é realizada pelo Ministério da Saúde desde 2005 e, atualmente, a pasta conta ainda com autotestes. O tratamento da infecção e a dispensação de medicamentos no Brasil são feitos, exclusivamente, por meio do Sistema Único de Saúde (SUS).\n\n“Não se elimina infecção ou doença alguma, se você não as conhece. Então é preciso ampliar a testagem para o HIV, as hepatites virais e outras ISTs em nosso país”, observa o diretor do Departamento de HIV, Aids, Tuberculose, Hepatites Virais e Infecções Sexualmente Transmissíveis (Dathi), Draurio Barreira. “Os testes realizados na farmácia são confiáveis, pois antes de serem disponibilizados, eles precisam ser aprovados pela Anvisa”, acrescenta o diretor.\n\nIdade para a testagem\n\nDe acordo com a normativa da Anvisa, em crianças de até 12 anos incompletos, a testagem e a entrega dos resultados dos exames devem ser realizadas com a presença dos pais ou responsáveis.\n\nJá para adolescentes de 12 a 18 anos, após uma avaliação das condições de discernimento, o teste será realizado segundo a vontade do usuário, assim como a entrega do resultado a outras pessoas. Se desejar, e se for constatado que está em condições físicas, psíquicas e emocionais de receber o resultado da triagem, a testagem poderá ser realizada mesmo sem a presença dos responsáveis.\n\nOpção para o usuário\n\nRealizada anteriormente somente em laboratórios, a ampliação da testagem em farmácias também vai ao encontro dos esforços para a eliminação de infecções e doenças determinadas socialmente como problemas de saúde pública até 2030. Esse é o objetivo do programa Brasil Saudável, lançado pelo presidente Lula em fevereiro último.\n\n“É uma opção para pessoas que, por motivos diversos, não buscam ou não têm acesso aos serviços de saúde do SUS para a realização de testagens rotineiras”, finaliza Draurio."
}