{
    "url": "https://www.gov.br/saude/pt-br/assuntos/noticias/2024/dezembro/novos-conselheiros-do-cns-sao-empossados-em-brasilia",
    "titulo": "Novos conselheiros do CNS são empossados em Brasília",
    "descricao": "Ministra da Saúde, Nísia Trindade, esteve presente na cerimônia de posse dos novos conselheiros para o triênio 2024-2027.  Na ocasião, foram eleitos o novo presidente e os 7 membros da Mesa Diretora",
    "subtitulo": "POSSE DA NOVA DIRETORIA",
    "categoria": "Saúde e Vigilância Sanitária",
    "autora": "Ana FreireMinistério da Saúde",
    "tags": [
        "secretaria executiva",
        "conselho nacional de saúde",
        "colegiado",
        "gestão"
    ],
    "data_publi": "19/12/2024",
    "texto": "O Conselho Nacional de Saúde (CNS) elegeu em novembro novos 144 conselheiros e conselheiras para o mandato de 2024-2027. Nesta quinta-feira (19), os 48 titulares e suplentes foram empossados durante cerimônia realizada em Brasília, com a presença da ministra da Saúde, Nísia Trindade. Na ocasião, também aconteceu a eleição do novo presidente e dos sete membros da Mesa Diretora do órgão, responsável pela condução das reuniões do pleno, além de articulações políticas e institucionais.\n\nAntes de assinar o termo de posse, Nísia celebrou o momento e reforçou a importância da participação social na construção doSistema Único de Saúde (SUS): “É uma tarde muito especial de fortalecimento, controle social no SUS e de reafirmação da democracia”, disse. “Hoje, para a saúde global, a participação social tem que estar presente. Trazer a população é um desafio que temos cada vez maior, seja na representação do segmento dos usuários ou no diálogo permanente, que é algo que o Ministério da Saúde quer intensificar”, completou a ministra.\n\nO atual presidente do CNS, Fernando Pigatto, também comemorou os resultados e encaminhamentos da gestão. “Estamos muito felizes porque estamos conseguindo vislumbrar a continuidade dessa caminhada linda do SUS e do controle social brasileiro. Independente de quem esteja na posição da presidência, vamos continuar trilhando da mesma forma que fizemos todos os dias”, declarou.\n\nA distribuição das vagas no CNS é paritária: 50% de usuários do SUS; 25% de trabalhadores do SUS; e os outros 25% de prestadores de serviços e gestores do SUS. Os representantes das instituições do governo federal, do Conselho Nacional de Secretários de Saúde (Conass) e do Conselho Nacional de Secretários Municipais de Saúde (Conasems) são indicados pelos seus titulares e presidentes.\n\nFoto: Rafael Nascimento/MS\n\nPara a eleição do presidente e da Mesa Diretora, os 48 titulares registraram seus votos, de forma secreta, e depositaram em uma urna apurada pela Comissão Eleitoral, que também é composta de forma paritária, com dois usuários, um trabalhador e um prestador de serviços do SUS.\n\nA composição do conselho muda a cada três anos, para garantir ampla participação social nos debates sobre a saúde pública brasileira. Além disso, por meio da Conferência Nacional de Saúde, organizada pelo conselho e Ministério da Saúde, são aprovadas diretrizes que compõem o Plano Nacional de Saúde (PNS) e o Plano Plurianual (PPA), incluindo a Lei de Diretrizes Orçamentárias (LDO).\n\nEntidades representadas\n\nConsiderado o pleito com o maior número de entidades distintas na história do CNS, as 24 vagas de usuários do SUS foram ocupadas pelos seguintes representantes:\n\nOutras 12 entidades do segmento de profissionais da saúde, incluindo a Comunidade Científica da Área de Saúde, tomaram posse nesta quinta-feira. Confira:\n\nPor fim, na plenária dos prestadores de serviço de saúde, quatro entidades assumiram suas vagas:"
}