{
    "url": "https://www.gov.br/saude/pt-br/assuntos/noticias/2024/agosto/indigenas-wajapi-recebem-acao-de-saude-bucal-inedita",
    "titulo": "Indígenas Wajãpi recebem ação de saúde bucal inédita",
    "descricao": "Ação beneficiou cerca de 900 indígenas durante os três dias, no Dsei Amapá e Norte do Pará",
    "subtitulo": "SAÚDE INDÍGENA",
    "categoria": "Saúde e Vigilância Sanitária",
    "autora": "Sílvia AlvesMinistério da Saúde",
    "tags": [
        "saúde indígena",
        "saúde bucal",
        "povos indígenas",
        "território wajãpi"
    ],
    "data_publi": "28/08/2024",
    "texto": "ODistrito Sanitário Especial Indígena (Dsei)Amapá e Norte do Pará realizou uma ação de saúde bucal inédita para indígenas em território Wajãpi. Com o nome “Operação Opuka”, que significa “Operação Sorriso”, na língua wajãpi, a ação aconteceu em agosto, na Aldeia Aramirã, do Polo Base Aramirã, e ofertou uma variedade de serviços de odontologia, desde ações educacionais, como escovação coletiva assistida, até a confecção de próteses dentárias. Os participantes das ações também receberam kits de higiene bucal com escova, creme e fio dental.\n\n“Para nós é uma satisfação imensa realizar uma ação deste porte, que traz desde educação com a saúde bucal até os tratamentos necessários para esta população. Nós abrangemos todas as faixas etárias. Além disso, poder contar com os parceiros que reforçaram atendimentos de outras áreas sociais e até de saúde animal foi especialmente gratificante”, afirmou a coordenadora do Dsei, Simone Karipuna, se referindo a instituições como Universidade Estadual do Amapá (UEAP), Tribunal de Justiça do Amapá e Secretaria do Bem-Estar Animal.\n\nCerca de 900 indígenas de diversas aldeias do território Wajãpi foram atendidos. Ao total, 165 colaboradores participaram da ação, sendo 58 profissionais do Dsei, entre médicos, enfermeiros, técnicos de enfermagem, odontólogos, técnicos em saúde bucal, agentes de combate a endemias, biomédica e profissionais daSecretaria de Saúde Indígena (Sesai), além da equipe de apoio e logística.\n\nDurante a ação houve, pela primeira vez no território, ações voltadas para os cães domésticos como: vacinação antirrábica, vermifugação e aplicação de antiparasitários, além de distribuição de ração, proporcionada através das instituições parceiras. Serviços muito procurados e aproveitados pela população.\n\nOutros serviços extremamente importantes e que enriqueceram a ação foram as imunizações, a dispensação de medicações e distribuição de filtros de água para as famílias, proporcionando um cuidado essencial, que é o da qualidade da água potável.\n\nRodas de conversa sobre políticas sociais e de assistência estudantil para os povos originários e sobre educação e cultura dos povos originários foram alguns dos serviços ofertados pela UEAP, que trouxe socióloga, assistente social e pedagogo em sua equipe. O Tribunal de Justiça do Amapá realizou sessões de conciliação, mediações, consultas e orientações relacionados a demandas pré e processuais."
}