{
    "url": "https://www.gov.br/saude/pt-br/assuntos/noticias/2024/setembro/cgu-publica-relatorio-de-auditoria-sobre-contas-do-ministerio-da-saude-em-2023",
    "titulo": "CGU publica relatório de auditoria sobre contas do Ministério da Saúde em 2023",
    "descricao": "O documento faz parte de um conjunto de seis relatórios encaminhados ao TCU",
    "subtitulo": "AUDITORIA",
    "categoria": "Saúde e Vigilância Sanitária",
    "autora": "Ministério da Saúde",
    "tags": [
        "auditoria anual de contas",
        "cgu",
        "tcu",
        "transparência"
    ],
    "data_publi": "19/09/2024",
    "texto": "A Controladoria-Geral da União (CGU) publicou nesta quinta-feira, 19, o relatório da Auditoria Anual de Contas do Ministério da Saúde (MS) referente ao exercício de 2023. O documento faz parte do conjunto de seis relatórios que foram encaminhados ao Tribunal de Contas da União (TCU). A CGU auditou as contas de 2023 dos seguintes ministérios: Ministério da Saúde (MS), Ministério da Educação (MEC), Ministério da Gestão e da Inovação (MGI), Ministério da Educação e do Desenvolvimento Regional (MIDR), Ministério do Desenvolvimento e Assistência Social, Família e Combate à Fome (MDS) e Ministério dos Povos Indígenas (MPI).\n\nEm relação ao relatório do Ministério da Saúde de 2023, foram detectadas distorções contábeis que não caracterizam dano ao erário. Após o recebimento do relatório preliminar da CGU, o Ministério da Saúde providenciou ajustes operacionais ao longo de 2024.\n\nPara todos os ministérios auditados, as recomendações do relatório foram no sentido de adoção de providências de correção das demonstrações contábeis a fim de aperfeiçoar questões operacionais, e contribuir para o alinhamento dos procedimentos entre as unidades responsáveis pela execução das políticas públicas e a efetivação dos respectivos registros.\n\nAs publicações dos Relatórios da CGU, bem como as ações dele decorrentes são voltadas para o fortalecimento da prestação de contas dos ministérios, e envolvem a implementação de novas ferramentas e a revisão de práticas existentes, com o objetivo de garantir transparência e a gestão mais eficiente."
}