{
    "url": "https://www.gov.br/saude/pt-br/assuntos/noticias/2024/novembro/nos-na-rede-inscricoes-para-vagas-de-apoiadores-educacionais-vao-ate-o-dia-26",
    "titulo": "Nós na Rede: inscrições para vagas de apoiadores educacionais vão até o dia 26",
    "descricao": "São 50 oportunidades distribuídas pelo país e a bolsa é de R$ 4 mil mensais",
    "subtitulo": "SAÚDE MENTAL",
    "categoria": "Saúde e Vigilância Sanitária",
    "autora": "Victor AlmeidaMinistério da Saúde",
    "tags": [
        "trabalho e educação na saúde",
        "educação permanente",
        "atenção psicossocial",
        "saúde mental"
    ],
    "data_publi": "13/11/2024",
    "texto": "Está aberto oprocesso seletivode apoiadores educacionais (bolsistas de extensão) para participar do projetoNós na Rede. Candidatos e candidatas têm até 26 de novembro para enviar o currículo e concluir o cadastro. São 50 vagas com bolsa de R$ 4 mil, com vigência de seis meses, que pode ser prorrogada de acordo com necessidades, disponibilidade de recursos e vigência do projeto. Os selecionados irão atuar na unidade federativa correspondente à vaga ofertada.\n\nInscreva-se a partir do formulário disponível na página da Fiotec\n\nPara concorrer às vagas é preciso preencher alguns requisitos, entre eles: possuir diploma de conclusão de curso superior, devidamente reconhecido pelo Ministério da Educação (MEC) nas áreas de educação ou saúde; ter dois anos de experiência em projetos na área desaúde mental(preferencialmente na Rede de Atenção Psicossocial - RAPS); ou título de mestre na área de Políticas Públicas de Saúde, Saúde, Educação ou Saúde Mental; ou dois anos do título de especialização na área de Políticas Públicas, Educação ou Saúde Mental.\n\nAs pessoas selecionadas irão colaborar com o desenvolvimento das atividades educativas no âmbito estadual, em parceria com a equipe local; acompanhar o desenvolvimento das estratégias pedagógicas, na perspectiva da educação permanente em saúde e da atenção psicossocial, identificando possíveis desafios e oportunidades de melhoria; participar de reuniões e encontros promovidos pela equipe local e equipe nacional do projeto; entre outras atividades.\n\nSobre o Nós na Rede\n\nO projeto Nós na Rede é uma estratégia deEducação Permanente em Saúdepara qualificar 42 mil trabalhadores da rede de atenção doSistema Único de Saúde (SUS)a partir do curso de atualização voltado ao cuidado às pessoas em sofrimento mental. A oferta educacional, com duração de 120 horas, busca valorizar estratégias já desenvolvidas nos territórios e fortalecer a RAPS para redução de danos e melhoria do cuidado em liberdade.\n\nA iniciativa do Ministério da Saúde é desenvolvida por meio daSecretaria de Gestão do Trabalho e da Educação na Saúde (SGTES), em parceria com aSecretaria de Atenção Especializada à Saúde (Saes)e aSecretaria de Atenção Primária à Saúde (Saps), e executada pelo Núcleo de Saúde Mental Álcool e Drogas da Fiocruz."
}