{
    "url": "https://www.gov.br/saude/pt-br/assuntos/noticias/2024/outubro/congresso-discute-perspectivas-e-desafios-da-rede-brasileira-de-avaliacao-de-tecnologia-em-saude",
    "titulo": "Congresso discute perspectivas e desafios da Rede Brasileira de Avaliação de Tecnologia em Saúde",
    "descricao": "Com início nesta terça-feira (29), o evento reúne especialistas, pesquisadores, gestores e interessados no tema para discutir as últimas inovações e metodologias relacionadas à avaliação de tecnologias em saúde",
    "subtitulo": "V CONGRESSO DA REBRATS",
    "categoria": "Saúde e Vigilância Sanitária",
    "autora": "Ministério da Saúde",
    "tags": [
        "ciência e tecnologia em saúde",
        "avaliação de tecnologia em saúde",
        "inovação"
    ],
    "data_publi": "30/10/2024",
    "texto": "O Ministério da Saúde realiza mais uma edição do Congresso da Rede Brasileira de Avaliação de Tecnologia em Saúde (Rebrats), entre 29 de outubro e 1º de novembro, no Royal Tulip Alvorada, em Brasília (DF). Voltado para especialistas em saúde, pesquisadores, gestores e demais interessados, o tema central do encontro deste ano é \"Novos horizontes na ATS: da inovação à incorporação\", abordando os desafios e as oportunidades na Avaliação de Tecnologias em Saúde (ATS) em um cenário em constante transformação.\n\n\"Este é um evento que nos ajuda a repensar uma nova agenda de país, que fortaleça o uso da ciência nas decisões em saúde\", avalia o secretário deCiência, Tecnologia e Inovação e do Complexo Econômico-Industrial da Saúde (Sectics), Carlos Gadelha, que, na sexta-feira (1º), às 10 horas, participará da mesa-redonda \"ATS em defesa do SUS e da população brasileira”.\n\nPara a diretora doDepartamento de Gestão e Incorporação de Tecnologias em Saúde, Luciene Bonan, \"a avaliação de tecnologias em saúde é essencial para garantir que inovações cheguem de forma segura e eficaz à população brasileira. O congresso traz temas muito atuais para a área, por exemplo, como os métodos da ATS podem ser implementados desde a etapa da inovação, da criação de uma tecnologia, o que poderia incentivar o desenvolvimento de tecnologias para atendimento das necessidades do SUS\".\n\nA Rebrats alcançou a marca de mais de mil profissionais cadastrados e 120 Núcleos de Avaliação de Tecnologias em Saúde (Nats), localizados em todas as regiões do país. Isso representa um aumento no alcance da Rede e na capacidade dos profissionais e da ATS que auxiliam, em todo o território, a tomada de decisões e a implementação de inovações em saúde.\n\nProgramação confirmada\n\nNa programação do evento estão cursos pré-congresso, mesas-redondas, Café com Inovação, Encontro Nacional dos Nats, além de novas atrações, como Democratizando a ATS, um espaço onde o tema pode ser abordado de forma objetiva e simplificada.\n\nNesta quarta-feira (30), após a abertura oficial do congresso com a presença do secretário-adjunto da Sectics, Leandro Safatle, a partir das 9 horas, ocorrerá a mesa-redonda sobre “Inovação centrada no paciente”, com moderação da diretora doDepartamento do Complexo Econômico-Industrial da Saúde e de Inovação para o SUS (Deceiis), Gabriela Maretto.\n\nEntre os palestrantes com presença confirmada estão os professores da University of Strathclyde, em Glasgow, Reino Unido, Marion Bennie e Amanj Kurdi; a diretora-técnica em Desenvolvimento de Ecossistemas de Pesquisa e Produção de Tecnologias em Saúde no Departamento de Inovação, Acesso a Medicamentos e Tecnologias em Saúde da Organização Pan-Americana da Saúde da Organização Mundial da Saúde (Opas/OMS) em Washington, Vania Canuto; o diretor do Departamento de Prevenção, Controle e Eliminação de Doenças Transmissíveis da Opas, Sylvain Aldighieri; a professora do Institute of Health Policy, Management and Evaluation na Dalla Lana School of Public Health da University of Toronto, Canadá, Fiona Miller; e a consultora da HEOR (Health Economics and Outcomes Search) no Clinigen Group e professora/pesquisadora convidada no Instituto Nacional de Cardiologia (INC), Andréa Libório Monteiro.\n\nO congresso conta com transmissão ao vivo e tradução simultânea em português, inglês e espanhol. Não é necessário realizar inscrição para acompanhar o evento na modalidade remota. Basta acessara página oficialdo congresso.\n\nA programação completa pode ser consultada no site oficial do evento"
}