{
    "url": "https://www.gov.br/saude/pt-br/assuntos/noticias/2024/outubro/ministerio-da-saude-realiza-simulado-de-preparacao-vigilancia-e-resposta-as-emergencias-em-saude-publica-no-acre",
    "titulo": "Ministério da Saúde realiza simulado de preparação, vigilância e resposta às emergências em saúde pública no Acre",
    "descricao": "Exercício simulado testa a eficácia do plano local para chuvas intensas e prepara profissionais para atuação em situações de risco",
    "subtitulo": "EMERGÊNCIAS",
    "categoria": "Saúde e Vigilância Sanitária",
    "autora": "Gabriel GalliMinistério da Saúde",
    "tags": [
        "vigilância em saúde e ambiente",
        "emergência",
        "mudanças climáticas",
        "oficina"
    ],
    "data_publi": "17/10/2024",
    "texto": "O Departamento de Emergências em Saúde Pública (DEMSP) do Ministério da Saúde realizou oSimulado de Preparação, Vigilância e Resposta às Emergências em Saúde Públicaentre esta segunda (14) e quarta-feira (16), em Rio Branco, no Acre. Durante a atividade, profissionais do estado e dos municípios realizaram uma avaliação do plano multirrisco local para desastres com foco em chuvas intensas, e participaram de um exercício simulado de mesa com a mesma temática.\n\n“Os simulados são importantes para capacitar os trabalhadores do SUS a agirem de forma coordenada durante uma emergência em saúde pública. As oficinas fazem parte de uma estratégia daSecretaria de Vigilância em Saúde e Ambiente (SVSA), iniciada em 2023, para capacitar as estruturas locais do setor saúde e integrar os diferentes segmentos”, explica Raquel Proença, assessora técnica do DEMSP.\n\nA abertura do evento contou com a presença de representantes do Governo do Acre, dos conselhos de saúde e da Organização Pan-Americana da Saúde (Opas).\n\nAtividades desenvolvidas\n\nNo primeiro dia, foram realizadas apresentações detalhadas sobre a gestão de emergências em saúde, abordando aspectos de preparação, vigilância e resposta, elaboração de planos de contingência, estágios operacionais e estratégias de manejo durante uma emergência. Em seguida, os participantes foram divididos em grupos para analisar o plano de contingência definido pelo estado.\n\nCom o aprimoramento do plano, o segundo dia marcou a aplicação do simulado de mesa com a temática das chuvas intensas. A iniciativa testou a eficácia do plano e preparou os profissionais de saúde para agirem de forma rápida e coordenada em uma emergência em saúde pública.\n\nJá no terceiro dia de atividades, o Ministério da Saúde realizou uma oficina de elaboração de planos de contingência para desastres por inundações, enchentes e alagamentos com foco na esfera municipal. A atividade resultou na criação de planos de contingência para 95% dos municípios.\n\nOficinas desde 2023\n\nDesde agosto de 2023, mais de 50 técnicos do Ministério da Saúde facilitaram oficinas em 26 estados e no Distrito Federal. Parte das atividades foi acompanhada pela Opas e contou com a presença de gestores estaduais e municipais, além de trabalhadores que atuam nas redes de vigilância em saúde e ambiente, e conselhos de controle social. No segundo semestre de 2024, Pará e Bahia receberam as primeiras edições dos simulados de emergências, que marcam o segundo ciclo de oficinas."
}