{
    "url": "https://www.gov.br/saude/pt-br/assuntos/noticias/2024/dezembro/nisia-trindade-fala-das-novas-estrategias-de-controle-do-mosquito-da-dengue-e-diz-que-as-medidas-serao-ampliadas-para-todo-o-pais",
    "titulo": "Nísia Trindade fala das novas estratégias de controle do mosquito da dengue e diz que as medidas serão ampliadas para todo o país",
    "descricao": "A afirmação foi feita durante ação do Dia D de mobilização contra a doença no Rio de Janeiro; Ministério da Saúde fez chamamento nacional para ações nas cinco regiões do Brasil",
    "subtitulo": "DIA D CONTRA A DENGUE",
    "categoria": "Saúde e Vigilância Sanitária",
    "autora": "Conheça a campanha",
    "tags": [
        "vigilância em saúde e ambiente",
        "arboviroses",
        "dengue",
        "dia d"
    ],
    "data_publi": "14/12/2024",
    "texto": "A ministra da Saúde, Nísia Trindade, participou neste sábado (14) do Dia D de Mobilização contra a Dengue em São Cristóvão, no Rio de Janeiro, quando falou das formas de controle do mosquitoAedes aegyptique vem sendo utilizadas em vários estados do país. Entre eles, destacou ométodo Wolbachiaque impede o desenvolvimento dos vírus dadengue,zika,chikungunyaefebre amarela, ajudando a reduzir a transmissão dessas doenças. Segundo a ministra, a pasta pretende dar uma escala nacional a essas medidas. “Novas estratégias de controle do mosquito estão sendo implementadas nos estados, e iremos ampliá-las para todo o país”, afirmou. Nísia Trindade reforçou também a importância da participação ativa da sociedade para o sucesso das ações e para a proteção da saúde pública."
}