{
    "url": "https://www.gov.br/saude/pt-br/assuntos/noticias/2024/maio/grupo-hospitalar-conceicao-auxilia-a-forca-nacional-do-sus-no-atendimento-ao-povo-gaucho",
    "titulo": "Grupo Hospitalar Conceição auxilia a Força Nacional do SUS no atendimento ao povo gaúcho",
    "descricao": "Profissionais do grupo hospitalar, vinculado ao Ministério da Saúde, atuam nas equipes de apoio, resgate e acolhimento da população",
    "subtitulo": "RIO GRANDE DO SUL",
    "categoria": "Saúde e Vigilância Sanitária",
    "autora": "Otávio AugustoMinistério da Saúde",
    "tags": [
        "atenção especializada à saúde",
        "atenção primária",
        "grupo hospitalar conceição",
        "rio grande do sul"
    ],
    "data_publi": "13/05/2024",
    "texto": "O Grupo Hospitalar Conceição (GHC), vinculado à pasta da Saúde, cedeu 139 funcionários para colaborarem com aForça Nacional do Sistema Único de Saúde (SUS)no apoio, resgate e acolhimento da população do Rio Grande do Sul. O reforço foi divulgado, nesta segunda-feira (13), em Porto Alegre.\n\nSão 79 profissionais dos hospitais Conceição, Fêmina, Criança e Cristo Redentor. Outros 60 profissionais atuam na Gerência da Atenção Primária e estão dando assistência aos abrigos - 12 no total -, além de abordagens de rua e atendimento às pessoas atingidas.\n\nAo todo, a área de assistência conta com 23 enfermeiros, 23 técnicos de enfermagem, 9 médicos contratados, 13 médicos residentes, 3 farmacêuticos, 3 auxiliares de farmácia, 1 fisioterapeuta, 1 administrador, 1 auxiliar de administração e 2 eletricistas.\n\nJá na área daAtenção Primária à Saúde (APS), trabalham psicólogos, assistentes sociais, enfermeiros, médicos e terapeutas ocupacionais. A estrutura conta com 1,8 mil leitos, incluindo UTI's e emergência, que apresentam internação média de 5,3 mil pessoas por mês. Todo ostaffestá sendo usado no socorro ao povo gaúcho.\n\nNúmero de atendimentos\n\nA Força Nacional do SUS realizou em uma semana 1.629 atendimentos às vítimas das enchentes no Rio Grande do Sul. As consultas aconteceram entre os dias 5 e 12 de maio, com 1.034 registros apenas no Hospital de Campanha montado em Canoas. O aumento no número de atendimentos se deve à chegada de mais profissionais e maior estrutura com o apoio do Ministério da Saúde em todo o estado.\n\nDe acordo com o último balanço, foram realizados 22 atendimentos psicossociais, 25 remoções aéreas, 548 consultas volantes e 57 encaminhamentos para outras unidades de saúde."
}