{
    "url": "https://www.gov.br/saude/pt-br/assuntos/noticias/2024/junho/saude-promove-live-para-sanar-duvidas-sobre-o-censo-nacional-das-ubs",
    "titulo": "Saúde promove live para sanar dúvidas sobre o Censo Nacional das UBS",
    "descricao": "Transmissão será nesta quinta (27), às 17 horas, no canal da Associação Brasileira de Saúde Coletiva no Youtube",
    "subtitulo": "CENSO",
    "categoria": "Saúde e Vigilância Sanitária",
    "autora": "Vanessa RodriguesMinistério da Saúde",
    "tags": [
        "atenção primária",
        "censo nacional das ubs",
        "pesquisa em saúde"
    ],
    "data_publi": "26/06/2024",
    "texto": "Nesta quinta-feira (27), gestores estaduais e municipais poderão interagir e tirar dúvidas sobre o censo das Unidades Básicas de Saúde (UBSs). Com o tema “Tudo o que gestor precisa saber sobre o Censo Nacional das UBS: perguntas e respostas”, aliveserá promovida pelo Ministério da Saúde com o apoio da rede de pesquisa em atenção primária de saúde da Associação Brasileira de Saúde Coletiva (Abrasco). Alivecomeça às 17hs, e será transmitida pela TV Abrasco, noYoutube.\n\nSobre o censo\n\nO Censo Nacional das Unidades Básicas de Saúde tem como objetivo principal aprimorar a Política Nacional de Atenção Básica (PNAB) e fortalecer os programas de investimento daatenção primária, garantindo que as necessidades dos usuários sejam plenamente atendidas.\n\nO censo visa identificar as demandas e desafios enfrentados pelas trabalhadoras e trabalhadores das UBSs e gestores locais, e orientar soluções para os principais gargalos que impedem o acesso, a qualidade e a integralidade dos serviços prestados na APS.\n\nA proposta é coletar dados referentes à composição das equipes, às condições de infraestrutura, à saúde digital, ao acesso a métodos diagnósticos e medicamentos e à promoção da saúde por meio de ações intersetoriais e comunitárias. E para auxiliar os gestores de todo o país, aSecretaria de Atenção Primária à Saúde (Saps)produziu recentemente umFAQpara responder às principais dúvidas sobre o censo.\n\nRetomada\n\nO último censo das UBS foi realizado ainda em 2012 por meio do Programa de Melhoria do Acesso e da Qualidade da Atenção Básica (PMAQ-AB).  Após 12 anos, o Ministério da Saúde, em parceria com os conselhos Nacional de Secretários de Saúde (Conass) e de Secretarias Municipais de Saúde (Conasems), a Abrasco, o Conselho Nacional de Saúde (CNS), a Organização Pan-Americana da Saúde (Opas), o Instituto de Pesquisa Econômica Aplicada (Ipea), a Rede de Pesquisa em Atenção Primária à Saúde (Rede APS) e representantes da comunidade acadêmica, volta a fazer uma avaliação nacional de 100% das unidades de saúde.\n\nA análise será baseada no diagnóstico de infraestrutura, equipamentos, tecnologia e oferta de ações e serviços nas UBSs. Uma pesquisa como essa retoma internamente a cultura de avaliação, integrando as áreas da Secretaria de Atenção Primária à Saúde (Saps) e do ministério como um todo. Serão considerados aspectos que envolvem a atenção especializada, a saúde indígena, a área de vigilância e a saúde digital.\n\nAcesse o FAQ do Censo Nacional das UBS"
}