{
    "url": "https://www.gov.br/saude/pt-br/assuntos/noticias/2024/outubro/mais-de-250-profissionais-de-sao-paulo-e-minas-gerais-participam-de-formacao-contra-febre-amarela",
    "titulo": "Mais de 250 profissionais de São Paulo e Minas Gerais participam de formação contra febre amarela",
    "descricao": "Oficina visa reforçar estratégias de vigilância e vacinação para enfrentar o risco de novos casos da doença, em meio ao cenário epidemiológico nos dois estados",
    "subtitulo": "QUALIFICAÇÃO",
    "categoria": "Saúde e Vigilância Sanitária",
    "autora": "Marcella MotaMinistério da Saúde",
    "tags": [
        "vigilância em saúde e ambiente",
        "febre amarela",
        "arboviroses",
        "epidemiologia"
    ],
    "data_publi": "14/10/2024",
    "texto": "De hoje (14) até sexta-feira (18) está sendo realizada, em Serra Negra, uma oficina de formação para mais de 250 profissionais de saúde de São Paulo e Minas Gerais. OPrograma Nacional de Imunizações (PNI)e a Coordenação-Geral de Vigilância de Arboviroses (CGARB) estão à frente do treinamento, que tem como objetivo qualificar as equipes de imunização e de vigilância em estratégias de microplanejamento e vigilância epidemiológica dafebre amarela, cujo cenário epidemiológico tem preocupado as autoridades de saúde.\n\nA iniciativa também engloba ações de intensificação da vigilância evacinaçãocontra a febre amarela como preparação para o período sazonal da doença, que ocorre entre dezembro e maio. O treinamento tem como foco formar multiplicadores capazes de aplicar a metodologia de microplanejamento para garantir a vacinação de alta qualidade (AVAQ) nos dois estados, além de fortalecer a vigilância da febre amarela (vigilâncias epidemiológica, entomológica e de primatas não-humanos), incluindo a implementação do uso da plataforma SISS-Geo, voltada ao monitoramento de primatas não-humanos.\n\nGestores e técnicos estaduais e municipais de imunizações, vigilância e atenção primária, representantes dos Distritos Sanitários Especiais Indígenas (Dsei), bem como profissionais do Ministério da Saúde e setores ligados à saúde pública e vigilância dasarbovirosesparticiparão do curso na modalidade híbrida. O evento acontece em um contexto de risco de ocorrência da doença na região extra-amazônica do país, com casos recentes em São Paulo e Minas Gerais. O aumento da cobertura vacinal é uma prioridade do Ministério da Saúde, que busca prevenir novos surtos e óbitos pela doença.\n\nFebre Amarela\n\nA febre amarela é uma doença infecciosa febril aguda, imunoprevenível, de evolução abrupta e gravidade variável, com elevada letalidade nas suas formas graves. A doença é causada por um vírus transmitido por mosquitos, e possui dois ciclos de transmissão (urbano e silvestre).  No ciclo urbano, que não é documentado no Brasil desde 1942, a transmissão ocorre a partir de vetores urbanos (Aedes aegypti) infectados. No ciclo silvestre, os transmissores são mosquitos com hábitos predominantemente silvestres, sendo os gênerosHaemagoguseSabethesos mais importantes.\n\nNo ciclo silvestre, os primatas não humanos (PNHs) são considerados os principais hospedeiros, amplificadores do vírus, e são vítimas da doença assim como o ser humano, que, nesse ciclo, apresenta-se como hospedeiro acidental.\n\nÉ uma doença de notificação compulsória imediata, ou seja, todo evento suspeito (morte de primata não-humanoe caso humano com sintomatologia compatível) deve ser prontamente comunicado/notificado em até 24 horas após a suspeita inicial às autoridades locais competentes pela via mais rápida (telefone, e-mail, etc). Às autoridades estaduais de saúde cabe notificar os eventos de febre amarela suspeitos ao Ministério da Saúde."
}