{
    "url": "https://www.gov.br/saude/pt-br/assuntos/noticias/2024/abril/economia-da-saude-e-ferramentas-para-gestao-do-sus-sao-explicadas-em-video",
    "titulo": "Economia da Saúde e ferramentas para gestão do SUS são explicadas em vídeo",
    "descricao": "Material produzido pela Secretaria de Tecnologia e Inovação traz informações sobre a economia no campo da saúde e ferramentas para apoiar profissionais junto ao SUS",
    "subtitulo": "DE FORMA SIMPLES",
    "categoria": "Saúde e Vigilância Sanitária",
    "autora": "Ministério da Saúde",
    "tags": [
        "vigilância em saúde e ambiente",
        "economia da saúde",
        "gestão do sus",
        "desenvolvimento"
    ],
    "data_publi": "19/04/2024",
    "texto": "O Ministério da Saúde lançou esta semana umvídeo animadosobre o funcionamento de um dos setores estratégicos da Secretaria de Ciência, Tecnologia e Inovação e do Complexo Econômico-Industrial da Saúde (Sectics). Trata-se do Departamento de Economia e Desenvolvimento em Saúde (Desid), que é o responsável por análises econômicas em saúde e ferramentas importantes para o planejamento dos profissionais que fazem agestão do SUS. Entre as ferramentas, estão oSistema de Informações de Orçamentos Públicos em Saúde (SIOPS), oBanco de Preços em Saúde (BPS), oCatálogo de Materiais (CATMAT)e oPrograma Nacional de Gestão de Custos (PNGC), que abarca oSistema Sistema de Apuração e Gestão de Custos do SUS (ApuraSUS).\n\nEm formato de animação, o vídeo é todo ilustrado e tem pouco mais de dois minutos. Ele está disponível no canal doYoutube do ministério. Entre alguns assuntos, o material explica de maneira didática o que é a Economia da Saúde e fala sobre a conjuntura macroeconômica e seus impactos para oSUS.\n\nCapacitações e ampliação dos núcleos de economia da saúde\n\nO Desid também incorporou recentemente ao seu rol de atividades a Economia Política da Saúde. Esta área é a responsável por estudos de conjuntura e seus impactos na saúde da população, além de levantamentos sobre a participação da saúde no Produto Interno Bruto (PIB) brasileiro e sobre os benefícios da oferta de assistência para a economia do país.\n\nEm 2023, mais de 14 mil pessoas participaram das mais de 75 capacitações promovidas pelo departamento com objetivo de apoiar estados e municípios na tomada de decisões quanto ao gasto público em saúde. Mais de 1500 pessoas participaram, também, dos 11 treinamentos voltados para gestores de saúde, técnicos da área de planejamento, contadores responsáveis pelo preenchimento do Siops e pelo DigiSUS-GESTOR.\n\nO planejamento do Desid inclui diversas entregas para 2024. Entre elas, a meta de 800 estabelecimentos de saúde gerando informações de custos no sistema ApuraSUS e novo ciclode capacitações sobre o Siops em todas as regiões do Brasil.\n\nA área tem como objetivo tambémampliar o número de Núcleos de Economia da Saúde (NES) nos municípios. Com estas estruturas organizacionais presentes nas secretarias de Saúde de estados e municípios, é possível subsidiar gestores de saúde para o melhor uso dos recursos disponíveis, a partir da aplicação do conhecimento e de ferramentas da economia da saúde.\n\n\n\nFaça um tour virtual pelos 20 anos da Economia da Saúde no SUS"
}