{
    "url": "https://www.gov.br/saude/pt-br/assuntos/noticias/2024/maio/ministerio-da-saude-lanca-nova-campanha-de-vacinacao-contra-covid-19",
    "titulo": "Ministério da Saúde lança nova campanha de vacinação contra Covid- 19",
    "descricao": "9,5 milhões de doses estão sendo distribuídas aos estados que podem começar a aplicação imediatamente",
    "subtitulo": "VACINAÇÃO",
    "categoria": "Saúde e Vigilância Sanitária",
    "autora": "Vanessa RodriguesMinistério da Saúde",
    "tags": [
        "vigilância em saúde e ambiente",
        "movimento nacional pela vacinação",
        "covid-19",
        "vacinas"
    ],
    "data_publi": "24/05/2024",
    "texto": "Com o intuito de conscientizar e alertar sobre a importância da vacinação contra aCovid-19, o Ministério da Saúde lançou uma nova etapa doMovimento Nacional pela Vacinação. O objetivo é vacinar ao menos 70 milhões de pessoas.\n\nNa primeira quinzena de maio, o Brasil recebeu 9,5 milhões de doses, representando a primeira remessa da aquisição da vacina Covid-19 atualizada com a variante XBB.1.5, as quais estão em processo de distribuição aos estados, de acordo com o agendamento junto a operadora logística. Muitos estados já começaram a aplicar as vacinas monovalentes XBB. O primeiro lote começou a ser entregue no dia 09 de maio aos estados, que têm autonomia para começar a aplicação imediatamente.\n\nO quantitativo de doses da aquisição emergencial será suficiente para abastecer os estados e municípios até que as próximas aquisições sejam concluídas. As primeiras doses possuem data de validade para os meses de junho e julho 2024, inscrita nos frascos, mas estendida pela Anvisa para setembro e outubro de 2024, conforme recomendado por órgãos de avalição internacional.\n\nSaiba mais sobre a campanha\n\nVacina XBB 1.5\n\nO perfil de segurança da vacina Covid-19 monovalente XBB é conhecido devido ao amplo uso em outros países, sendo semelhante ao das versões bivalentes, com a vantagem adicional de ser adaptada para a variante XBB.1.5.\n\nAs vacinas ofertadas peloPrograma Nacional de Imunizações (PNI)são eficazes, efetivas, seguras e passam por um rigoroso processo de controle de qualidade antes de chegarem aos braços da população.\n\nAs vacinas COVID-19 tiveram grande impacto na redução da morbimortalidade da doença, tendo evitado muitos óbitos e internações no Brasil desde a sua introdução.\n\nConfira o esquema vacinal que foi recomendado a partir de 2024:"
}