{
    "url": "https://www.gov.br/saude/pt-br/assuntos/noticias/2024/julho/projecao-no-congresso-nacional-homenageia-mulheres-negras",
    "titulo": "Projeção no Congresso Nacional homenageia mulheres negras",
    "descricao": "Iniciativa do Ministério da Saúde celebra o Dia Internacional da Mulher Negra, Latino-Americana e Caribenha",
    "subtitulo": "RECONHECIMENTO",
    "categoria": "Saúde e Vigilância Sanitária",
    "autora": "Para desenvolver esse serviço digital, o Ministério da Saúde ouviu trabalhadoras e usuárias do SUS, representantes de comunidades, profissionais de tecnologia e gestoras da saúde para garantir que o aplicativo atenda às necessidades reais do público-alvo.Nadja Alves dos ReisMinistério da Saúde",
    "tags": [
        "secretaria executiva",
        "saúde da mulher",
        "trabalhadores do sus",
        "equidade"
    ],
    "data_publi": "25/07/2024",
    "texto": "Nesta quinta-feira (25), é comemorado o Dia Internacional da Mulher Negra, Latino-Americana e Caribenha. Para celebrar a data, o Ministério da Saúde fará uma projeção no edifício do Congresso Nacional, a partir das 18 horas, em reconhecimento à contribuição das mulheres negras para o avanço da saúde no Brasil.\n\nNo Brasil, as negras representam 60,9% das usuárias doSistema Único de Saúde (SUS), de acordo com Pesquisa Nacional de Saúde 2020, do IBGE. Apesar de compor a maioria, esse grupo populacional enfrenta desafios únicos diante de fatores raciais e de gênero. Por isso, um dos focos da ação é dar visibilidade e ampliar a discussão acerca da promoção da saúde da mulher negra – uma das prioridades para a pasta.\n\nEntre os profissionais do SUS, 67% são mulheres\n\nDados daSecretaria de Gestão do Trabalho e da Educação na Saúde (SGTES)apontam que as mulheres representam a maioria (67%) entre os trabalhadores do SUS. Somente na rede pública, são mais de 2,1 milhões de mulheres. Por isso, além de reconhecer a sua contribuição, a pasta tem trabalhado na superação das desigualdades em saúde. Um dos exemplos é oPrograma Nacional de Equidade de Gênero, Raça, Etnia e Valorização das Trabalhadoras no SUS.\n\nPolíticas de equidade\n\nO programa, que conta com parceria com o Hospital Alemão Oswaldo Cruz (HAOC), faz parte do compromisso assumido pelo governo federal de enfrentamento às desigualdades de gênero, raça e etnia no âmbito do trabalho no SUS. Ele prevê políticas de equidade, com ações de saúde mental e gênero, acolhimento no processo de maternagem, enfrentamento a violências relacionadas ao trabalho, formação e educação permanente.\n\nA estimativa é que as ações previstas impactem, direta ou indiretamente, 2,1 milhões de mulheres trabalhadoras da saúde em exercício no Brasil, bem como nos processos formativos de estudantes de todos os cursos da saúde. Uma das ferramentas do programa é o aplicativoSUS Digital, que conta com a funcionalidadeEquidade SUSpara auxiliar trabalhadores no combate a episódios de violência, preconceito e discriminação no SUS."
}