{
    "url": "https://www.gov.br/saude/pt-br/assuntos/noticias/2024/novembro/estande-da-saude-na-21a-snct-traz-atracoes-focadas-na-promocao-do-desenvolvimento-cientifico-para-o-sus",
    "titulo": "Estande da Saúde na 21ª SNCT traz atrações focadas na promoção do desenvolvimento científico para o SUS",
    "descricao": "Evento gratuito e aberto ao público ocorre até 10 de novembro",
    "subtitulo": "21ª SNCT",
    "categoria": "Saúde e Vigilância Sanitária",
    "autora": "Vicente RamosMinistério da Saúde",
    "tags": [
        "ciência e tecnologia em saúde",
        "biomas do brasil",
        "inovação",
        "semana nacional de ciência e tecnologia"
    ],
    "data_publi": "07/11/2024",
    "texto": "O Ministério da Saúde marca presença na21ª Semana Nacional de Ciência e Tecnologia (SNCT), o maior evento de popularização da ciência no país, promovido pelo Ministério da Ciência, Tecnologia e Inovações (MCTI). Realizado na área externa do Museu Nacional da República, em Brasília/DF, próximo à Rodoviária do Plano Piloto, a atividade segue até o dia 10 de novembro, com entrada franca e atividades para todas as idades.\n\nLogo no primeiro dia, milhares de visitantes participaram de atrações que exploram o tema “Biomas do Brasil: diversidade, saberes e tecnologias sociais”, incentivando a valorização e preservação da biodiversidade dos biomas brasileiros e dos conhecimentos das comunidades que ali vivem. A semana também conta com projetos inovadores e a divulgação científica para mobilizar a população, em especial crianças e jovens, em torno de temas e atividades de ciência e tecnologia e saúde.\n\nNo estande do Ministério da Saúde, os visitantes recebem umaecobagcom a frase “Ciência é vida!”, contendo a cartilhaSaúde e Biomas do Brasil – Ciência pela Vida!, distribuída gratuitamente. A cartilha traz informações sobre o papel da pasta da Saúde na promoção do desenvolvimento científico para oSistema Único de Saúde (SUS), conteúdos sobre saúde ambiental, mudanças climáticas, arboviroses, doenças determinadas socialmente (DDS),método Wolbachiade controle da dengue e vacinas, entre outros temas, com atividades para reforçar o conteúdo.\n\nO espaço do Ministério da Saúde conta ainda com totens interativos, jogos de tabuleiro e de memória, inspirados nos temas da cartilha, e vídeos com campanhas do Ministério da Saúde. Uma das principais atrações foi o personagemZé Gotinha, que animou crianças e adultos e reforçou a importância da vacinação.\n\nVisite a 21ª SNCT\n\nA Semana Nacional de Ciência e Tecnologia ocorre até domingo (10), oferecendo palestras, debates, gincanas científicas, uma feira de estudantes do Distrito Federal e apresentações culturais. Os visitantes também podem explorar o estande do Ministério da Saúde, o programa Pop Ciência, o GeoParque dos Dinossauros Brasileiros e diversas atrações. O evento conta ainda com uma praça de alimentação e serviços científicos.\n\nConfira a programação completa da 21ª Semana Nacional de Ciência e Tecnologia\n\nServiço:\n\n21ª Semana Nacional de Ciência e TecnologiaData:até 10 de novembro, das 8h30 às 17hLocal:Área externa do Museu Nacional da República, em Brasília/DF"
}