{
    "url": "https://www.gov.br/saude/pt-br/assuntos/noticias/2024/maio/saude-firma-parceria-com-organizacoes-da-sociedade-civil-oscs-para-fortalecer-atencao-as-pessoas-com-cancer",
    "titulo": "Saúde firma parceria com Organizações da Sociedade Civil (OSCs) para fortalecer atenção às pessoas com câncer",
    "descricao": "Cerca de R$ 16 milhões serão investidos via Programa de Apoio à Atenção à Saúde Oncológica (Pronon)",
    "subtitulo": "PRONON",
    "categoria": "Saúde e Vigilância Sanitária",
    "autora": "Ministério da Saúde",
    "tags": [
        "secretaria executiva",
        "pronon",
        "câncer",
        "oncologia"
    ],
    "data_publi": "13/05/2024",
    "texto": "O Ministério da Saúde firmou parcerias com o Instituto do Câncer do Ceará, a Fundação Doutor Amaral Carvalho e a Sociedade Hospitalar São José para o desenvolvimento de três projetos no campo da oncologia. Cerca de R$ 16 milhões serão investidos em pesquisa e prestação de serviços médico-hospitalares para pessoas com câncer de pênis, esôfago, intestino e leucemia. O termo de compromisso com as Organizações da Sociedade Civil (OSCs) foi celebrado no dia 30 de abril, com a publicação no Diário Oficial da União (DOU).\n\nAs OSCs integram o Programa de Apoio à Atenção à Saúde Oncológica (Pronon), iniciativa da pasta voltada para apoiar a captação e canalização de recursos por entidades privadas e sem fins lucrativos para a realização de projetos voltados para a prevenção, o tratamento e o combate ao câncer.\n\nAo todo, 48 projetos estão previstos para desenvolverem ações no âmbito do Pronon nos próximos anos, envolvendo recursos de doações de pessoas físicas e jurídicas na ordem de R$ 185,5 milhões.\n\nConheça os três projetos com termo de compromisso firmados:\n\nEstudo sobre câncer de pênis no estado do Ceará\n\nDesenvolvido pelo Instituto do Câncer do Ceará, em Fortaleza, o projeto propõe um estudo randomizando e comparativo com pacientes em tratamento de câncer de pênis atendidos pelo Sistema Único de Saúde do estado, para avaliar a eficácia e custo-efetividade de duas técnicas cirúrgicas: Linfadenectomia Inguinal Laparoscópica Robô Assistida em relação à Linfadenectomia Inguinal Aberta.\n\nA amostragem do estudo compreende 90 pacientes que serão operados e acompanhados por especialistas na área de Uro-Oncologia e terão seus dados demográficos, clínicos pré-operatórios, intra-operatórios e pós-operatórios, patológicos, bem como tempos de sobrevida registrados em fichas de seguimento específicas.\n\nDiagnóstico precoce do câncer de esôfago e intestino no estado do Rio Grande do Sul\n\nO projeto pretende atuar na área de diagnóstico de câncer de esôfago e intestino com o objetivo de qualificar o atendimento e a prestação de serviços médico-assistenciais voltados à atenção e ao cuidado da pessoa com câncer realizados no Hospital São José, em Antônio Prado (RS), por meio da aquisição de equipamentos para exames de colonoscopia e endoscopia.\n\nCom o projeto, serão ofertadas consultas com gastroenterologista, para diagnóstico de câncer de esôfago e intestino, bem como ampliadas a realização de exames de colonoscopia e endoscopia oferecidos à população, de forma a reduzir filas de espera para o diagnóstico do câncer.\n\nPrestação de serviços médico-assistenciais a pessoas com leucemia no estado de São Paulo\n\nO projeto tem por objetivo ofertar serviços médico-assistenciais pela Fundação Doutor Amaral Carvalho, Jaú (SP) a pacientes com suspeitas ou portadores de Leucemia Mieloide Aguda (LMA), que estão em início de diagnóstico e tratamento, por meio da implantação da citometria espectral.\n\nCom a iniciativa, serão adquiridos equipamentos de alta precisão diagnóstica com tecnologia adequada aos procedimentos que serão ofertados aos pacientes onco-hematológicos da instituição.\n\nSobre o Pronon\n\nO Pronon foi concebido para incentivar a realização de projetos de atenção oncológica, bem como apoiar e fortalecer a Política Nacional de Atenção Oncológica.\n\nOs projetos são desenvolvidos por instituições de direito privado, associações ou fundações, sem fins lucrativos, que atuam na prevenção e combate ao câncer, por meio da ampliação da oferta de serviços e da prestação de serviços médico-assistenciais; do apoio à formação, ao treinamento e aperfeiçoamento de recursos humanos em todos os níveis de atenção; bem como da realização de pesquisas clínicas, epidemiológicas, experimentais e socioantropológicas.\n\nSaiba mais sobre o programa"
}