{
    "url": "https://www.gov.br/saude/pt-br/assuntos/noticias/2024/outubro/forca-nacional-do-sus-realizou-1-469-atendimentos-aos-repatriados-do-libano",
    "titulo": "Força Nacional do SUS realizou 1.469 atendimentos aos repatriados do Líbano",
    "descricao": "Desde o dia 6 de outubro, a equipe médica prestou 1.224 acompanhamentos psicossociais e 245 apoios assistenciais",
    "subtitulo": "RAÍZES DO CEDRO",
    "categoria": "Saúde e Vigilância Sanitária",
    "autora": "Vanessa RodriguesMinistério da Saúde",
    "tags": [
        "atenção especializada à saúde",
        "força nacional do sus",
        "raízes do cedro",
        "líbano"
    ],
    "data_publi": "25/10/2024",
    "texto": "Nesta sexta-feira (25), aForça Nacional do SUS (FN-SUS)atuou no oitavo voo daOperação Raízes do Cedro, que trouxe ao Brasil mais 239 repatriados oriundos do Líbano. Desde o primeiro voo que chegou a São Paulo no início do mês, a FN-SUS soma 1.469 atendimentos a brasileiros e seus parentes, sendo 245 assistenciais e 1.224 psicossociais. Até o momento, a operação do governo federal já resgatou um total de 1.638 pessoas e 19 animais de estimação, por meio de voos da Força Aérea Brasileira (FAB).\n\nNo Aeroporto de Guarulhos (SP), a equipe da FN-SUS conta com um espaço de atendimento em tenda, com áreas específicas para: apoio psicossocial, acolhimento, cuidados médicos, brinquedoteca e um local de oração direcionado para Meca, respeitando aspectos culturais e religiosos. O objetivo é construir uma resposta humanizada e proporcionar bem-estar aos repatriados. Uma brinquedoteca e um consultório médico foram instalados para atendimento assistencial e psicossocial no hotel de trânsito onde os repatriados estão hospedados temporariamente.\n\nInsumos\n\nAlém de resgatar brasileiros e familiares, o deslocamento das aeronaves até o Líbano é usado para o envio de insumos estratégicos em saúde para o país. As escalas da operação já entregaram mais de 47 toneladas de donativos, entre insumos hospitalares, cestas de alimentos e outros.\n\nO governo brasileiro já enviou ao Líbano 5 cargas de medicamentos, seringas descartáveis e envelopes para reidratação oriundos dos estoques públicos do SUS administrados pelo Ministério da Saúde, além de medicamentos e cestas básicas arrecadados pela Embaixada do Líbano em Brasília, por meio da Associação Unidos pelo Líbano (UpL), e pelo Consulado-Geral do Líbano no Rio de Janeiro."
}