{
    "url": "https://www.gov.br/saude/pt-br/assuntos/noticias/2024/maio/forca-nacional-do-sus-realiza-mais-de-1-6-mil-atendimentos-em-uma-semana",
    "titulo": "Força Nacional do SUS realiza mais de 1,6 mil atendimentos em uma semana",
    "descricao": "Entre os dias 5 e 12 de maio, somente o Hospital de Campanha fez 1.034 atendimentos, além dos suportes psicossociais, remoções aéreas, encaminhamentos e consultas volantes",
    "subtitulo": "RIO GRANDE DO SUL",
    "categoria": "Saúde e Vigilância Sanitária",
    "autora": "Ana FreireMinistério da Saúde",
    "tags": [
        "atenção primária",
        "vigilância em saúde e ambiente",
        "força nacional do sus",
        "rio grande do sul"
    ],
    "data_publi": "13/05/2024",
    "texto": "AForça Nacional do Sistema Único de Saúde (SUS)realizou, em uma semana, 1.629 atendimentos às vítimas dasenchentesno Rio Grande do Sul. As consultas aconteceram entre os dias 5 e 12 de maio, com 1.034 registros apenas no Hospital de Campanha montado em Canoas. O aumento no número de atendimentos se deve à chegada de mais profissionais e maior estrutura com o apoio do Ministério da Saúde em todo o estado.\n\nAlém do HCamp, de acordo com o último balanço, foram realizados 22 atendimentos psicossociais, 25 remoções aéreas, 548 consultas volantes e 57 encaminhamentos para outras unidades de saúde.\n\nCom mais de 81 mil pessoas desabrigadas, o Rio Grande do Sul sofre com o alto volume da água em consequência das fortes chuvas. Atualmente, 134 profissionais estão em atividade na região, divididos em equipes volantes, aeromédicas, psicossociais, de gestão, além de equipes multiprofissionais.\n\nTrês novos hospitais de campanha serão montados. Neste domingo (12), foram recebidos os módulos para a montagem da unidade de Porto Alegre. Outra estrutura será montada em São Leopoldo, distante 40 quilômetros da capital. Também será disponibilizado um terceiro hospital no estado. A área técnica faz levantamentos e análises para definir qual município necessita da estrutura com mais urgência.\n\nMais assistênciaO Ministério da Saúde enviou 100 kits emergenciais para o Rio Grande do Sul. Cada um é composto por 32 tipos de medicamentos e 16 insumos, como luvas, seringas, ataduras e outros itens.\n\nAlém disso, a Pasta também distribuiu, por meio doPrograma Nacional de Imunizações (PNI), 200 mil doses das vacinas contra tétano, difteria, hepatites A e B, coqueluche, meningite, rotavírus, sarampo, caxumba, rubéola, raiva e picadas de animais. Também foram entregues 30 mil frascos de insulina, 287 mil canetas e 1,8 milhão de agulhas de aplicação.\n\nNesta semana, está previsto o recebimento de mais 105 mil doses emergenciais de vacinas, além das 926 mil que já estavam no cronograma de rotina para o estado. Outros 43 mil frascos de insulina, 330 mil canetas e 1 milhão de agulhas também chegarão em Porto Alegre.\n\nRecursosO Ministério da Saúde liberou mais R$861 milhões para apoio e assistência à população do Rio Grande do Sul. O recurso servirá para reposição dos medicamentos perdidos nas enchentes, garantia do atendimento nos postos de saúde e hospitais e para as atividades de saúde digital.\n\nAo todo, o crédito extraordinário do Governo Federal soma R$ 12,1 bilhões para que diversos órgãos da União possam executar ações necessárias no atendimento aos municípios gaúchos. Com esse crédito, já são mais de R$ 60 bilhões disponibilizados."
}