{
    "url": "https://www.gov.br/saude/pt-br/assuntos/noticias/2024/maio/nova-metodologia-de-auditoria-do-sus-e-testada-em-quatro-estados",
    "titulo": "Nova metodologia de auditoria do SUS é testada em quatro estados",
    "descricao": "Iniciativa liderada pelo DenaSUS visa garantir eficiência na gestão pública da saúde",
    "subtitulo": "CONTROLE SOCIAL",
    "categoria": "Saúde e Vigilância Sanitária",
    "autora": "Tania MelloMinistério da Saúde",
    "tags": [
        "secretaria executiva",
        "auditoria interna",
        "serviços de saúde"
    ],
    "data_publi": "17/05/2024",
    "texto": "No próximo mês, uma nova fase se inicia para oSistema Único de Saúde (SUS), marcada pelo lançamento do piloto do Projeto de Monitoramento das Recomendações Elegíveis de Auditoria, liderado peloDepartamento Nacional de Auditoria do SUS (DenaSUS). Com o objetivo de fortalecer os serviços de saúde por meio de recomendações pactuadas com os auditados, a iniciativa será testada primeiramente nos estados do Paraná, Minas Gerais, Paraíba e Rondônia.\n\nO marco inicial será dado com a fasein loco, cujo propósito é garantir a implementação das medidas corretivas e melhorias sugeridas pela auditoria. Essa abordagem visa manter o processo como uma continuidade integrada, evitando que seja percebido como algo separado ou independente.\n\nRecomendações elegíveis\n\nAs recomendações elegíveis dentro do contexto da auditoria referem-se àquelas que são consideradas fundamentais ou estruturantes para as políticas ou programas do SUS. Elas têm o potencial de impactar positivamente a execução das melhores práticas nos estabelecimentos de saúde e nas condições de vida da população, bem como nas linhas de atenção à saúde, investimento na saúde, gestão de saúde e na educação em saúde.\n\nEssas recomendações são identificadas durante o processo de auditoria, que visa avaliar a conformidade, a eficiência dos serviços de saúde. São consideradas elegíveis aquelas que, se implementadas, podem contribuir para melhorar a qualidade dos serviços de saúde, bem como aprimorar a gestão e governança no âmbito do SUS.\n\nDe acordo com o diretor do DenaSUS, Alexandre Rodrigues, essas recomendações podem incluir desde a implementação de novos protocolos de atendimento para reduzir tempos de espera até alocação de recursos em hospitais regionais. \"Tais recomendações são priorizadas pela sua capacidade de gerar impacto direto na qualidade dos serviços prestados à população”, elucida.\n\nMonitoramento e relatório de auditoria\n\nA Coordenação-Geral de Auditoria (CGAUD), vinculada ao DenaSUS, assumirá o papel de conduzir o monitoramento após a conclusão das auditorias. “O ciclo de auditoria é delineado como um processo contínuo, abrangendo diversas etapas, desde o planejamento até o monitoramento. Essa abordagem estruturada visa garantir a integridade nos processos de auditoria, contribuindo para aprimorar a gestão pública e combater irregularidades”, explicou o coordenador-geral de Auditoria, Jomilton Costa.\n\nO relatório de auditoria é uma peça fundamental nesse processo. Nele são apresentados resultados, conclusões e recomendações que contribuem para a melhoria da gestão do SUS e o fortalecimento da governança e controle interno."
}