{
    "url": "https://www.gov.br/saude/pt-br/assuntos/noticias/2024/maio/ministerio-da-saude-reforca-vacinacao-contra-cinco-doencas-comuns-apos-desastres-veja-quais",
    "titulo": "Ministério da Saúde reforça vacinação contra cinco doenças comuns após desastres; veja quais",
    "descricao": "Neste momento, a maior preocupação é em relação ao aumento de doenças respiratórias na região",
    "subtitulo": "RIO GRANDE DO SUL",
    "categoria": "Saúde e Vigilância Sanitária",
    "autora": "Otávio AugustoMinistério da Saúde",
    "tags": [
        "vigilância em saúde e ambiente",
        "desastres",
        "vacinação",
        "rio grande do sul"
    ],
    "data_publi": "18/05/2024",
    "texto": "O Ministério da Saúde reforça a necessidade de a população gaúcha se vacinar contra as doenças mais comuns após desastres, como o que afeta o estado, que enfrenta severasenchentesem 90% do seu território.\n\nPor isso, a pasta recomenda o reforço navacinaçãocontrainfluenzaeCovid-19, além detétano,hepatite Ae raiva. O governo também monitora casos deleptospirosee outras doenças que podem surgir em decorrência da contaminação da água, mas diz que situações como a dadengueestão sob controle.\n\nO secretário de Atenção Especializada do Ministério da Saúde, Adriano Massuda, que está no comando doCentro de Operações de Emergência em Saúde (COE) do Rio Grande do Sul, frisa que a prevenção é essencial para evitar a superlotação da rede de assistência.\n\n“Em função das enchentes, há um aumento de incidência de doenças gastrointestinais, afecções de pele, entre outras. Estamos fazendo o monitoramento de casos de leptospirose, e não há nenhum aumento extraordinário que gere uma preocupação além do necessário. Então, estamos acompanhando. Há notificações de casos de dengue, mas de maneira controlada”, detalha Massuda.\n\nO diretor do Departamento de Emergências em Saúde Pública do Ministério da Saúde, Márcio Garcia, é enfático: é preciso que a população adote os cuidados e se vacine. “Nosso foco, neste momento, são as doenças respiratórias”, completa.\n\nDiante da necessidade de proteger a população contra as doenças imunopreveníveis por vacinação, o Ministério da Saúde recomenda, neste momento, a vacinação contra a influenza, Covid-19, tétano [por meio da administração das vacinas dupla adulto (dT),Penta (DTP/Hib/HB),DTPedTpa], hepatite A e raiva.\n\nVeja recomendações por vacina:\n\nConforme calendário vacinal e excepcionalmente, estão incluídos como grupos prioritários aqueles que se encontram em abrigamentos e socorristas profissionais e voluntários.\n\nÉ recomendado o bloqueio vacinal em caso de surto para maiores de 10 anos (2 casos confirmados laboratorialmente no mesmo abrigo).\n\nBloqueio vacinal em caso de surto para maiores de 10 anos (2 casos confirmados laboratorialmente no mesmo abrigo)."
}