{
    "url": "https://www.gov.br/saude/pt-br/assuntos/noticias/2024/maio/forca-nacional-do-sus-atinge-mais-de-mil-atendimentos-no-rs",
    "titulo": "Força Nacional do SUS atinge mais de mil atendimentos no RS",
    "descricao": "A unidade de emergência conta com 134 profissionais da saúde. Ministério vai instalar mais 3 módulos",
    "subtitulo": "RIO GRANDE DO SUL",
    "categoria": "Saúde e Vigilância Sanitária",
    "autora": "Otávio AugustoMinistério da Saúde",
    "tags": [
        "atenção primária",
        "vigilância em saúde e ambiente",
        "força nacional do sus",
        "rio grande do sul"
    ],
    "data_publi": "11/05/2024",
    "texto": "O Ministério da Saúde registrou mais de mil atendimentos no Rio Grande do Sul. As unidades de assistência foram montadas para o socorro emergencial das pessoas atingidos pelas severasenchentesdos últimos dias. Segundo o balanço mais recente daForça Nacional do Sistema Único de Saúde (SUS)foram 786 atendimentos na unidade médica; 293 atendimentos volantes; e 21 atendimentos aeromédicos. No total, são 1,1 mil atendimentos.\n\nO balanço é o registro do acumulado entre 5 de maio, início das operações, e sábado (11). A estrutura do Ministério da Saúde conta com 134 profissionais da saúde, como médicos, enfermeiros, equipes aeromédicas e psicólogos, entre outros.\n\nAlém do atendimento do Hospital de Campanha, a Força Nacional do SUS realiza diariamente atendimentos em abrigos. A mais recente missão, neste sábado (10), no município de São Leopoldo, distante 40 quilômetros da capital gaúcha, conta com dois médicos e dois enfermeiros. Os atendimentos ocorrem a partir das solicitações das secretarias.\n\nO coordenador da Força Nacional do SUS, Fausto Soriano Estrela Neto, explica que os atendimentos estão sendo ampliados diariamente. Outra frente de atuação é a recuperação das estruturas que foram atingidas pelas chuvas, mas que têm a possibilidade de voltarem a atender.\n\nA chegada de módulos para a montagem de novos três hospitais de campanha é um reforço no atendimento no estado. A montagem das novas estruturas começa a ser feita a partir deste sábado (11).\n\n“Estamos disponibilizando as condições logísticas para garantir segurança aos profissionais e qualidade de atendimento das pessoas. Estamos, também, fazendo missões nos municípios”, comenta.\n\nO secretário deAtenção Primáriado Ministério da Saúde, Felipe Proenço, explica que o ministério, nos próximos dias, irá desenvolver  uma série de ações para fortalecer o atendimento no Rio Grande do Sul.\n\n“Sabemos o quanto dessas pessoas estão em abrigos e a população que não teve casa atingida, mas que precisam de suporte. Estamos avaliando as melhores localizações e quais serviços foram afetados para instalar novas estruturas”, adianta."
}