{
    "url": "https://www.gov.br/saude/pt-br/assuntos/noticias/2024/maio/saude-fortalece-acoes-para-proteger-36-mil-indigenas-no-rs",
    "titulo": "Saúde fortalece ações para proteger 36 mil indígenas no RS",
    "descricao": "Segundo levantamento da Sesai, todos os sete Polos Base no estado relataram impactos por conta das chuvas",
    "subtitulo": "RIO GRANDE DO SUL",
    "categoria": "Saúde e Vigilância Sanitária",
    "autora": "Otávio AugustoMinistério da Saúde",
    "tags": [
        "vigilância em saúde e ambiente",
        "saúde indígena",
        "enchentes",
        "rio grande do sul"
    ],
    "data_publi": "14/05/2024",
    "texto": "O Ministério da Saúde está investindo recursos para ações de promoção, proteção e recuperação da saúde indígena no Rio Grande do Sul. O orçamento, oriundo da Medida Provisória 1.218 do governo federal, soma R$ 21,4 milhões e vai impactar diretamente 36 mil indígenas do estado.\n\nDesde 3 de maio, aSecretaria de Saúde Indígena (Sesai)do Ministério da Saúde executou uma série de ações para proteger essa população. A pasta articulou, por exemplo, apoio com a Defesa Civil dos municípios para evacuação de indígenas residentes nas áreas de risco.\n\nSegundo levantamento da Sesai, todos os sete Polos Base no estado relataram impactos por conta das chuvas. Ao todo, 80 aldeias estão parcialmente ou totalmente isoladas, o que afeta mais de 15 mil indígenas distribuídos em 40 municípios.\n\nCom relação às aldeias com comunicação parcial ou sem comunicação, são 31 aldeias onde vivem 2.250 indígenas, em 17 municípios."
}