{
    "url": "https://www.gov.br/saude/pt-br/assuntos/noticias/2024/agosto/workshop-em-brasilia-discute-epidemias-na-america-latina",
    "titulo": "Workshop em Brasília discute epidemias na América Latina",
    "descricao": "Evento reúne, até sexta (9), pesquisadores de mais de 30 países especializados em vigilância genômica epidemiológica",
    "subtitulo": "INTERCÂMBIO",
    "categoria": "Saúde e Vigilância Sanitária",
    "autora": "Carolina SampaioMinistério da Saúde",
    "tags": [
        "vigilância em saúde e ambiente",
        "genômica epidemiológica",
        "bioinformática",
        "workshop"
    ],
    "data_publi": "09/08/2024",
    "texto": "Temas críticos como a vacinação contra adengueno Mato Grosso do Sul, ooropoucheno Brasil e o surto decólerano Haiti, foram abordados na conferência magna do28º Workshop Internacional de Bioinformática em Evolução e Epidemiologia Molecular Viral (VEME-2024). A apresentação, realizada na última quarta-feira (7) na Fiocruz Brasília, contou com a participação de cerca de 120 pesquisadores de mais de 30 países.\n\nDurante a semana de 4 a 9 de agosto, pesquisadores internacionais especializados em vigilância genômica epidemiológica estiveram no VEME-2024 e participaram de aulas teóricas e práticas destinadas a aprimorar a análise de dados na bioinformática. As atividades estão organizadas em quatro módulos: Inferência Filogenética, Testes de Hipóteses Evolutivas, Análises de Sequenciamento de Última Geração (NGS) e Vigilância Genômica para Saúde Pública.\n\nPara Marta Giovanetti, pesquisadora da Universidade de Roma e visitante na Fiocruz Minas Gerais, o evento representa uma grande oportunidade para prever e controlar possíveis pandemias. “O objetivo principal é treinar pesquisadores para a vigilância em saúde pública, especialmente na análise de dados genômicos, permitindo não apenas acompanhar a evolução de patógenos, mas também identificar emergências potenciais que possam impactar a saúde pública”, afirma a conferencista e professora-coordenadora do primeiro módulo.\n\nAlém de Marta Giovanetti, participaram da palestra magna o pesquisador da Fiocruz Júlio Croda, que apresentou a pesquisa sobre a vacinação em massa contra a dengue que ocorreu em Dourados, no Mato Grosso do Sul, e a pesquisadora da Universidade da Flórida Carla Mavian, que discutiu o surto de cólera no Haiti.\n\nO evento é promovido pela Fiocruz Minas Gerais com o apoio da Fiocruz Brasília e da Coordenação Geral de Arboviroses, daSecretaria de Vigilância em Saúde e Ambiente do Ministério da Saúde (SVSA).\n\nBioinformática: um Panorama Internacional\n\nMais de 600 inscrições foram recebidas de laboratórios ao redor do mundo para participar do workshop, que passou por um rigoroso processo seletivo baseado em conhecimentos prévios de bioinformática e análise de pesquisas realizadas nos países de origem. Como parte da tradição do evento, os selecionados apresentam seus trabalhos por meio de pôsteres em uma exposição, e duas pesquisas de cada módulo são certificadas pela equipe avaliadora ao final do curso.\n\nLuiz Alcântara, pesquisador da Fiocruz Minas Gerais e coordenador local do evento, destaca a importância do intercâmbio promovido pelo workshop. “Recebemos pesquisadores de mais de 30 países, e a adesão dos Laboratórios Centrais de Saúde Pública de todo o Brasil, além de participantes do Ministério da Saúde, Fiocruz e Universidades Federais, é particularmente significativa. Acreditamos que a ciência brasileira se beneficia imensamente com esta interação”, conclui Luiz Alcântara."
}