{
    "url": "https://www.gov.br/saude/pt-br/assuntos/noticias/2024/dezembro/secretaria-de-vigilancia-reforca-importancia-do-engajamento-da-populacao-para-controle-da-dengue",
    "titulo": "Secretária de Vigilância reforça importância do engajamento da população para controle da dengue",
    "descricao": "Em reunião da Comissão Intergestores Tripartite (CIT), com representantes de estados e municípios, Ethel Maciel falou da intensifica ações sobre as arboviroses",
    "subtitulo": "ARBOVIROSES",
    "categoria": "Saúde e Vigilância Sanitária",
    "autora": "Edjalma BorgesMinistério da Saúde",
    "tags": [
        "vigilância em saúde e ambiente",
        "arboviroses",
        "dengue",
        "dia d"
    ],
    "data_publi": "19/12/2024",
    "texto": "Durante a 12ª reunião daComissão Intergestores Tripartite (CIT), realizada em Brasília, a secretária deVigilância em Saúde e Ambiente (SVSA),Ethel Maciel, apresentou um panorama dasarbovirosesno Brasil, ressaltando a importância do engajamento da população e dos gestores locais.\n\nA secretária pontuou os resultados das mobilizações realizadas pelos estados e municípios, especialmente o “Dia D” de controle aoAedes aegypti, promovido no último fim de semana. Segundo a secretária, as ações de controle realizadas no final de novembro e início de dezembro já começam a mostrar resultados positivos.\n\n“Comparando com o mesmo período de 2023, houve uma redução no número de casos. Ainda assim, é essencial continuar monitorando as próximas semanas para compreender o comportamento da doença”, afirmou Ethel.\n\nDengue em números\n\nEm 2024, o Brasil registrou 620,9 mil casos prováveis dedengue, com uma taxa de letalidade de 0,09%. Até agora, foram confirmados 5,9 mil óbitos. O padrão epidemiológico da doença tem mudado, influenciado pelas alterações climáticas observadas nas últimas décadas. Este ano, o aumento dos casos começou mais cedo, nas semanas epidemiológicas 51 e 52, diferente do padrão usual de pico em março.\n\nVacinação e ações preventivas\n\nAté o momento, 1.921 municípios receberam vacinas contra a dengue, mas apenas 54% das doses foram registradas como aplicadas. Para 2025, o Ministério da Saúde anunciou a vacinação em 521 municípios, priorizando crianças e adolescentes de 10 a 14 anos, grupo mais vulnerável à hospitalização pela doença.\n\nO foco, no entanto, dada a ainda baixa oferta de doses por parte da empresa fabricante, ainda está na prevenção com o descarte dos focos do mosquito transmissor.\n\nOutras arboviroses em foco\n\nAlém da dengue, o padrão dechikungunyaeZikatambém apresentou mudanças. Apesar do aumento de casos nas mesmas semanas que a dengue, as mobilizações municipais têm mostrado efetividade, com números menores em relação a 2023.\n\nEspírito Santo: modelo de vigilância rigorosa\n\nO Espírito Santo concentrou 80% dos casos dearbovirosesnas últimas semanas. O estado implementou vigilância rigorosa, testando 100% das amostras negativas para dengue, Zika e chikungunya, permitindo diagnósticos mais precisos. “Cerca de 40% dos casos prováveis no Brasil testam negativo para essas doenças, indicando a possível presença de outros patógenos”, explicou Ethel em seu informe na CIT, citando, também, a vigilância para casos de Oropouche."
}