{
    "url": "https://www.gov.br/saude/pt-br/assuntos/noticias/2024/maio/ministerio-da-saude-entrega-proposta-sobre-judicializacao-em-saude-ao-stf",
    "titulo": "Ministério da Saúde entrega proposta sobre judicialização em saúde ao STF",
    "descricao": "Trabalho feito em conjunto com Conass e Conasems tem o objetivo de reduzir os impactos ao Sistema Único de Saúde (SUS)",
    "subtitulo": "JUDICIALIZAÇÃO",
    "categoria": "Saúde e Vigilância Sanitária",
    "autora": "Ministério da Saúde",
    "tags": [
        "secretaria executiva",
        "judicialização",
        "conass",
        "conasems"
    ],
    "data_publi": "24/05/2024",
    "texto": "Para reduzir os impactos aoSistema Único de Saúde, a ministra da Saúde, Nísia Trindade, entregou ao ministro do Supremo Tribunal Federal (STF), Gilmar Mendes, uma proposta sobre judicialização em saúde. O documento foi feito em conjunto com o Conselho Nacional de Secretários de Saúde (Conass) e o Conselho Nacional de Secretarias Municipais de Saúde (Conasems).\n\nO acordo se baseia na preservação dos princípios da saúde coletiva, da incorporação tecnológica por meio da Comissão Nacional de Incorporação de Tecnologias no Sistema Único de Saúde (Conitec) e define, principalmente, percentuais relativos ao ressarcimento pela União em demandas judiciais.\n\nA proposta havia sido solicitada pelo ministro Gilmar Mendes e, contou com o trabalho conjunto tripartite, em defesa do SUS. “É a partir dessa compreensão que a judicialização deve ser a exceção e, trabalhando com esse espírito tripartite que forma o SUS, que nós conseguimos esse avanço”, afirmou Nísia.\n\n“Isso exige trabalho, debates e estudos sobre o impacto da judicialização nos últimos anos em relação ao tratamento das pessoas, a resultados de saúde e como podemos aperfeiçoar o próprio processo de incorporação e, por outro lado, como podemos avançar na nossa pauta de produção local no Brasil e de inovação tecnológica”, destacou a ministra durante a reunião daComissão Intergestores Tripartite (CIT).\n\nO secretário executivo do Ministério da Saúde, Swedenberger Barbosa, destacou que a pactuação foi resultado de um trabalho árduo que obteve aprovação unânime. “Não tenho a menor dúvida do peso que tem essa nossa decisão enquanto CIT para poder levar essa questão ao ministro Gilmar Mendes. Parabéns ao SUS, à CIT, ao Conass e ao Conasems”.\n\nOs Entes Federativos, em governança colaborativa com o Poder Judiciário, vão implementar uma plataforma nacional que centralize todas as informações relativas às demandas administrativas e judiciais de acesso a fármaco, de fácil consulta e informação ao cidadão. A plataforma utilizará os dados daRede Nacional de Dados em Saúde (RNDS)."
}