{
    "url": "https://www.gov.br/saude/pt-br/assuntos/noticias/2024/junho/ministerio-da-saude-capacita-territorios-para-a-analise-de-dados-epidemiologicos",
    "titulo": "Ministério da Saúde capacita territórios para a análise de dados epidemiológicos",
    "descricao": "Primeira parte do treinamento acontece em Brasília até sexta-feira (21), com representantes de 20 municípios de oito estados e Distrito Federal",
    "subtitulo": "HANSENÍASE",
    "categoria": "Saúde e Vigilância Sanitária",
    "autora": "Swelen BotaroMinistério da Saúde",
    "tags": [
        "vigilância em saúde e ambiente",
        "hanseníase",
        "oficina",
        "brasil saudável"
    ],
    "data_publi": "18/06/2024",
    "texto": "O Ministério da Saúde promove, entre os dias 18 e 21 de junho, a Oficina de Geoprocessamento de Indicadores de Hanseníase. Com a participação de representantes de 20 municípios de oito estados e Distrito Federal, a atividade faz parte do programa de educação permanente continuada em vigilância epidemiológica daSecretaria de Vigilância em Saúde e Ambiente (SVSA).\n\nA capacitação acontece em dois momentos: o primeiro de forma presencial, em Brasília, com aulas práticas sobre análise de dados epidemiológicos. Em seguida, em julho, haverá um encontro virtual, no qual os participantes irão apresentar a análise dos indicadores de seus municípios, realizada a partir dos ensinamentos da oficina.\n\nO objetivo do evento é capacitar os profissionais para o manuseio da base de dados doSistema de Informação de Agravos de Notificação (Sinan)para a criação de mapas desde o nível nacional até o local. “Com análise dos dados e criação de mapas de calor e de áreas com os padrões locais, é possível identificar, por exemplo, as áreas de maior concentração de casos dentro do território e, assim, fortalecer a vigilância e, consequentemente, oferecer diagnóstico e tratamento oportunos”, afirma a secretária da SVSA, Ethel Maciel.\n\nO Brasil registra hoje, o segundo maior número de casos dehanseníaseno mundo. São cerca de 21 mil novos casos por ano no país. Tanto o diagnóstico quanto o tratamento da doença são oferecidos peloSistema Único de Saúde (SUS).\n\nAções inéditas\n\nEm 2023, o atual governo instituiu indenização em formato de pensão vitalícia aos filhos daqueles que ficaram isolados em colônias de pessoas acometidas pela hanseníase no século passado e foram separados de seus pais.\n\nEm 2024, o Ministério da Saúde repassou mais de R$ 50 milhões para estados e municípios enfrentamento à hanseníase.\n\nAlém disso, a hanseníase faz parte doBrasil Saudável, programa interministerial que atua para eliminar doenças determinadas socialmente no país até 2030."
}