{
    "url": "https://www.gov.br/saude/pt-br/assuntos/noticias/2024/maio/saude-envia-ao-rs-quatro-unidades-moveis-de-purificadores-de-agua-para-consumo-humano",
    "titulo": "Saúde envia ao RS quatro unidades móveis de purificadores de água para consumo humano",
    "descricao": "Cada unidade pode produzir 5 mil litros ao dia para atender a até 250 pessoas. Purificadores são fornecidos pela Fundação Nacional de Saúde (Funasa)",
    "subtitulo": "ASSISTÊNCIA",
    "categoria": "Saúde e Vigilância Sanitária",
    "autora": "Ministério da Saúde",
    "tags": [
        "vigilância em saúde e ambiente",
        "qualidade da água",
        "purificadores",
        "rio grande do sul"
    ],
    "data_publi": "15/05/2024",
    "texto": "O Ministério da Saúde vai destinar quatro unidades móveis para promoção da qualidade da água para consumo humano para o Rio Grande do Sul. O serviço é mais uma estratégia da pasta em apoio à população gaúcha que vem sendo castigada com asenchentescausadas pelas fortes chuvas dos últimos dias.\n\nCada uma das unidades dos purificadores fornecidos pela Fundação Nacional de Saúde (Funasa) tem capacidade para produzir 5 mil litros por dia, atendendo a cerca de 250 pessoas diariamente. A Funasa é uma das áreas do ministério que compõe oCentro de Operações de Emergência (COE)para chuvas intensas e inundações na Região Sul. A logística para envio dos purificadores foi debatida em reunião do Centro nesta quarta-feira (15).\n\nO envio dos purificadores é fundamental para minimizar os impactos das cheias no estado e promover o acesso à água potável. De acordo com a Companhia Riograndense de Saneamento, que atende pouco mais da metade da população do estado, ao menos 171 mil imóveis ainda estão sem água - uma consequência dos danos deixados pelas fortes chuvas.\n\nMedidas emergenciaisDesde o início do estado de calamidade no Rio Grande do Sul, a pasta já enviou recursos para 246 unidades de assistência, e destinou mais de R$ 1,5 bilhão para o cuidado em saúde. O total de recursos já repassado aos municípios e ao estado soma R$ 95 milhões, aos quais se somam os recursos da Medida Provisória (MP) editada pelo presidente da República, com R$ 816 milhões para a saúde, mais R$ 115 milhões para o Grupo Hospitalar Conceição (GHC) e mais R$ 540 milhões em emendas parlamentares que tiveram seus pagamentos antecipados."
}