{
    "url": "https://www.gov.br/saude/pt-br/assuntos/noticias/2024/outubro/ministerio-da-saude-lanca-guia-de-prevencao-ao-hiv-para-pessoas-trans-travestis-e-nao-binarias",
    "titulo": "Ministério da Saúde lança guia de prevenção ao HIV para pessoas trans, travestis e não binárias",
    "descricao": "Publicação reúne recomendações com foco no uso da PrEP e da PEP, além de conceitos sobre gênero e sexualidade",
    "subtitulo": "BRASIL SAUDÁVEL",
    "categoria": "Saúde e Vigilância Sanitária",
    "autora": "Junio SilvaMinistério da Saúde",
    "tags": [
        "vigilância em saúde e ambiente",
        "hiv",
        "prep",
        "pep"
    ],
    "data_publi": "31/10/2024",
    "texto": "O Departamento de HIV, Aids, Tuberculose, Hepatites Virais e Infecções Sexualmente Transmissíveis (Dathi) lançou, na última semana, a versão oficial doGuia para Oferta de Prevenção Combinada ao HIV,com foco em PrEP e PEP, para pessoas trans, travestis e não binárias.\n\nO documento busca subsidiar trabalhadores e gestores de saúde na disponibilização de estratégias de prevenção combinada a essas populações, principalmente com a oferta das profilaxias pré e pós-exposição de risco aoHIV(PrEP e PEP, respectivamente).\n\nArtur Kalichman, coordenador-geral de Vigilância do HIV e da Aids (CGHA), aponta que o foco na comunidade trans é justificado pelo alto índice de vulnerabilidade das travestis e mulheres trans à infecção pelo HIV. “Há estudos que mostram que a prevalência de HIV é de 19,9% nessa população. Isso representa uma chance 66 vezes maior de infecção quando as comparamos com outras pessoas”, afirma. “É preciso apresentar uma resposta que atenda às vulnerabilidades encontradas por essas pessoas no acesso aos serviços de saúde”.\n\nO guia, voltado para profissionais da saúde, apresenta conceitos sobre gênero e sexualidade, noções de prevenção combinada e recomendações sobre como deve ser feita a oferta de profilaxias para o HIV. “Essa iniciativa se soma às nossas múltiplas ações e estratégias de eliminação do HIV e da aids como problemas de saúde pública no Brasil, como o próprio programaBrasil Saudável, que visa agir diretamente na mitigação de determinantes sociais que vulnerabilizam comunidades inteiras”, conclui Artur.\n\nAcesse o Guiapara Oferta de Prevenção Combinada ao HIV"
}