{
    "url": "https://www.gov.br/saude/pt-br/assuntos/noticias/2024/junho/em-agenda-no-estado-nisia-defende-a-atuacao-das-santas-casas-no-sus",
    "titulo": "Em agenda no estado, Nísia defende a atuação das Santas Casas no SUS",
    "descricao": "Ministra da Saúde se reuniu com a Federação das Santas Casas e Hospitais Beneficentes, Religiosos e Filantrópicos do RS",
    "subtitulo": "RIO GRANDE DO SUL",
    "categoria": "Saúde e Vigilância Sanitária",
    "autora": "Otávio AugustoMinistério da Saúde",
    "tags": [
        "atenção especializada à saúde",
        "santa casas",
        "samu",
        "rio grande do sul"
    ],
    "data_publi": "14/06/2024",
    "texto": "A ministra da Saúde, Nísia Trindade, se reuniu, nesta sexta-feira (14), com a Federação das Santas Casas e Hospitais Beneficentes, Religiosos e Filantrópicos do Rio Grande do Sul. No encontro, ela defendeu a importância das unidades para oSistema Único de Saúde (SUS).\n\n“O SUS tem a visão da participação da sociedade. Vamos trabalhar para dar sustentabilidade para estas instituições, que são tão importantes para o sistema de saúde”, comentou.\n\nEntregas\n\nNísia passou a sexta-feira em agenda no Rio Grande do Sul. No início da manhã, a ministra visitou o Centro de Tradições Gaúchas (CTG). No local, ela reafirmou o compromisso de reconstruir o SUS no estado.\n\nDepois, a ministra entregou 30 ambulâncias aoServiço de Atendimento Móvel de Urgência (SAMU)local. A cerimônia ocorreu no Grupo Hospitalar Conceição (GHC), em Porto Alegre . Esta é a sexta visita da ministra ao RS, desde o início das graves enchentes.\n\nLogo após o almoço, a titular da pasta da Saúde aproveitou a ida ao GHC para doar sangue, em alusão ao Dia Mundial do Doador de Sangue. Na ocasião, ela ressaltou que o ato é fundamental para salvar vidas e convocou todos os brasileiros a doarem também."
}