{
    "url": "https://www.gov.br/saude/pt-br/assuntos/noticias/2024/dezembro/censo-demografico-auxilia-na-elaboracao-de-politicas-publicas-como-o-brasil-saudavel",
    "titulo": "Censo Demográfico auxilia na elaboração de políticas públicas como o Brasil Saudável",
    "descricao": "Presente em evento sobre o censo, Secretária de Vigilância do Ministério da Saúde lembra  que recorte raça/cor é fundamental para direcionar ações para populações mais vulnerabilizadas",
    "subtitulo": "EQUIDADE",
    "categoria": "Saúde e Vigilância Sanitária",
    "autora": "João Vitor MouraMinistério da Saúde",
    "tags": [
        "vigilância em saúde e ambiente",
        "censo demográfico",
        "brasil saudável",
        "população negra"
    ],
    "data_publi": "13/12/2024",
    "texto": "Na quinta-feira (12) a secretária deVigilância em Saúde e Ambiente do Ministério da Saúde (SVSA), Ethel Maciel, esteve presente na divulgação dos resultados doCenso Demográfico 2022: Características dos Domicílios, resultados preliminares da amostra, realizado peloInstituto Brasileiro de Geografia e Estatística (IBGE), em Vitória.\n\nO censo demográfico é a principal de informações sobre a população brasileira e suas condições de vida, desempenhando um papel estratégico para a formulação e acompanhamento de políticas públicas em diversas áreas, inclusive na saúde.\n\nUm dos recortes utilizados na pesquisa foi sobre cor ou raça da pessoa entrevistada. Para Maciel, esse recorte é fundamental para as políticas públicas desenvolvidas pelo Ministério da Saúde, como por exemplo o programaBrasil Saudável, que tem como o objetivo de eliminar doenças que afetam pessoas em áreas de maior vulnerabilidade social. Esses recortes direcionam as ações, promovendo justiça social e equidade.\n\nA condição de ocupação do domicílio, material das paredes externas e número de cômodos e dormitórios também foram alguns dos pontos investigados pelo censo que podem agravar desigualdades no acesso aos serviços doSistema Único de Saúde (SUS). Os dados sobre condições habitacionais ajudam a identificar fatores de risco para doenças, subsidiando ações preventivas e corretivas na área da saúde.\n\n“Esses dados são muito importantes para a incorporação de políticas públicas e para a compreensão das diferenças regionais. E, principalmente, das diferenças de raça/cor para pensarmos em ações para um Brasil mais justo, como estamos fazendo desde 2023 em um governo que combate à pobreza e a desigualdade social demonstrados aqui nessa pesquisa”, destaca Maciel.\n\nNo ano passado, a pasta publicou o boletim epidemiológico “Saúde da População Negra” que revelou que os índices de saúde no Brasil são piores entre pessoas prestas. Em 2021, mais de 60% das mortes por Aids foram de pessoas pretas e pardas. Além disso, 67% das gestantes diagnosticadas com HIV eram negras e 70% das crianças com sífilis congênita eram filhas de mães negras.\n\nConfira os boletins\n\nAssista à divulgação dos resultados do Censo Demográfico 2022: Características dos Domicílios\n\n"
}