{
    "url": "https://www.gov.br/saude/pt-br/assuntos/noticias/2024/dezembro/ministerio-da-saude-monitora-chuvas-em-santa-catarina",
    "titulo": "Ministério da Saúde monitora chuvas em Santa Catarina",
    "descricao": "Rede de saúde não foi afetada até o momento e a pasta auxiliou o estado na criação de um Plano de Ação para emergências em saúde pública",
    "subtitulo": "VIGILÂNCIA",
    "categoria": "Saúde e Vigilância Sanitária",
    "autora": "Ministério da Saúde",
    "tags": [
        "vigilância em saúde e ambiente",
        "vigidesastres",
        "enchentes",
        "santa catarina"
    ],
    "data_publi": "08/12/2024",
    "texto": "O Ministério da Saúde segue monitorando a situação das chuvas no Sul do país, com atenção especial a Santa Catarina e Paraná. Conforme informações doPrograma Vigidesastres, daSecretaria de Vigilância em Saúde e Ambiente (SVSA), até o momento, nenhuma Unidade Básica de Saúde (UBS), farmácia pública ou outro serviço de saúde foi afetado nos estados.\n\nO Programa Vigidesastres mantém pontos focais em todas as capitais e estados brasileiros, acompanhando alertas emitidos pelo Centro Nacional de Gerenciamento de Riscos e Desastres (Cenad), Instituto Nacional de Meteorologia (Inmet), Centro Nacional de Monitoramento e Alertas de Desastres Naturais (Cemaden), além do nível das bacias hidrográficas por meio do Sistema de Alerta de Eventos Críticos (Sace), do Serviço Geológico do Brasil.\n\nEm julho de 2024, o Ministério da Saúde apoiou Santa Catarina na criação de um Plano de Ação para Preparação, Vigilância e Resposta às Emergências em Saúde Pública. O documento foi desenvolvido durante uma oficina realizada entre os dias 9 e 10 de julho, envolvendo profissionais que atuam em emergências. O objetivo foi identificar pontos fortes e críticos em diferentes cenários e orientar a formulação de planos em todas as unidades federativas.\n\nCuidados em situações de inundação\n\nInundações podem trazer muitos riscos para a saúde. O contato com a água contaminada e a lama pode resultar em doenças graves. Por isso, fique atento aos sintomas e siga as orientações de segurança.\n\nA população deve ficar atenta a sintomas como: diarreia, febre, dor de cabeça, náuseas ou vômitos, cólicas abdominais, dores abdominais, sangue ou muco nas fezes.\n\nSe tiver algum desses sintomas e três ou mais episódios de diarreia em 24 horas, o Ministério da Saúde recomenda a procura de um médico.\n\nTambém é preciso ter cuidado na hora de higienizar, preparar e guardar alimentos. Alimentos manipulados e armazenados de forma inadequada podem transmitir doenças, como leptospirose, tétano, hepatite A, cólera, febre tifoide, hepatite A, e outros. Não consumo qualquer alimento que tenha entrado em contato com a água da inundação ou lama ou alimentos conservados em embalagem que não seja à prova d’água ou não estejam vedados, como potes, garrafas, cascos de vidro, caixas longa vida, ensacados, abertos ou fechados.\n\nÁgua"
}