{
    "url": "https://www.gov.br/saude/pt-br/assuntos/noticias/2024/abril/piso-da-enfermagem-publicada-portaria-sobre-o-repasse-da-parcela-de-abril-de-2024",
    "titulo": "Piso da Enfermagem: publicada portaria sobre o repasse da parcela de abril de 2024",
    "descricao": "Valores transferidos para estados e municípios está disponível no Diário Oficial da União",
    "subtitulo": "ATENÇÃO, GESTOR!",
    "categoria": "Saúde e Vigilância Sanitária",
    "autora": "Ministério da Saúde",
    "tags": [
        "trabalho e educação na saúde",
        "piso da enfermagem",
        "assistência financeira complementar"
    ],
    "data_publi": "29/04/2024",
    "texto": "O Ministério da Saúde publicou, nesta segunda-feira (29), no Diário Oficial da União (DOU) a Portaria GM/MS 3.622, de 25 de abril, que detalha os valores referentes à parcela do mês de abril de 2024 do repasse daAssistência Financeira Complementar (AFC)da União para o cumprimento doPiso Nacional da Enfermagema estados e municípios.\n\nA AFC da União é operacionalizada pelo ministério que, por intermédio de portarias, tem estabelecido os critérios e procedimentos necessários para que estados, municípios e o DF, bem como entidades filantrópicas e prestadores de serviços com contrato em vigor que atendam, no mínimo, 60% de seus pacientes peloSistema Único de Saúde (SUS), cumpram o piso da enfermagem.\n\nMais informações sobre o piso da categoria estão disponíveis na página daSecretaria de Gestão do Trabalho e da Educação na Saúde.\n\nAcesse a Portaria GM/MS 3.622, de 25 de abril."
}