{
    "url": "https://www.gov.br/saude/pt-br/assuntos/noticias/2024/marco/ministra-anuncia-182-equipamentos-de-saude-para-o-rio-grande-do-sul",
    "titulo": "Ministra anuncia 182 equipamentos de saúde para o Rio Grande do Sul",
    "descricao": "Nísia Trindade participou de agenda com o presidente Lula. Estado vai receber R$ 629 milhões em investimentos do novo Programa Aceleração do Crescimento (PAC Saúde)",
    "subtitulo": "NOVO PAC",
    "categoria": "Saúde e Vigilância Sanitária",
    "autora": "Ministério da Saúde",
    "tags": [
        "vigilância em saúde e ambiente",
        "novo pac",
        "investimentos"
    ],
    "data_publi": "15/03/2024",
    "texto": "A ministra da Saúde, Nísia Trindade, esteve em Porto Alegre (RS), nesta sexta-feira (15), para apresentar investimentos ao estado junto a comitiva de ministros do presidente da República, Luiz Inácio Lula da Silva.\n\nNa oportunidade, o chefe do Executivo detalhou investimentos do Governo Federal ao estado gaúcho viaNovo PAC, que devem somar R$ 21 bilhões. Além disso, há outros R$ 8,5 bilhões em recursos que beneficiam a região como um todo. \"Nós estamos devolvendo ao povo do Rio Grande do Sul um pouco daquilo que a gente arrecada no trabalho do povo daqui\", disse Lula.\n\nEm seu discurso, Nísia destacou investimentos para as construções do Hospital Universitário da Universidade Federal de Santa Maria, do Centro de Apoio Diagnóstico e do Centro de Atendimento ao Paciente Crítico e Cirúrgico entre as prioridades.\n\nTrindade também falou da importância do Grupo Hospitalar Conceição (GHC), conjunto de hospitais públicos vinculados ao Ministério da Saúde. “O GHC, que é um orgulho para o povo gaúcho, tem uma rede que vai do cuidado de atenção básica à família até atendimentos complexos hospitalares e é um orgulho para todos nós, trabalhadoras e trabalhadores do SUS”.\n\nPara os anos de 2024 a 2026 o Grupo Hospitalar Conceição receberá, via PAC, R$ 233 mil para obras de ampliação e serviços de atenção e cuidado à saúde da população gaúcha. Ainda dentro das previsões do Novo PAC, entre 2024 a 2025 serão investidos R$ 49 milhões na retomada de 179 obras inacabadas para UBSs e UPAs.\n\nA ministra também comemorou investimentos para a Santa Casa de Bagé, que recebeu novos equipamentos de radioterapia. “Me sensibilizou muito essa conquista porque a população de Bagé tinha que viajar 180km para fazer radioterapia e agora tem atendimento em sua própria cidade”, celebrou.\n\nNísia destacou, ainda, a atenção dada por meio das Santas Casas aos atingidos pelas enchentes que assolaram a região do Vale do Taquari, no final do ano passado. No ano de 2023 foram executados R$ 50 milhões para áreas como radioterapia e Laboratórios Centrais de Saúde Pública (Lacens) do Rio Grande do Sul.\n\nCom as propostas apresentadas pelo presidente Lula e comitiva de ministros nesta sexta-feira, do Novo PAC Seleções, o estado do Rio Grande do Sul receberá investimentos do Governo Federal para realizar 354 obras, que irão melhorar o acesso a serviços de saúde, educação, esporte e cultura. Os benefícios alcançarão mais de 8,6 milhões de gaúchos."
}