{
    "url": "https://www.gov.br/saude/pt-br/assuntos/noticias/2024/outubro/saude-indigena-realiza-1a-oficina-sobre-direitos-sexuais-e-reprodutivos",
    "titulo": "Saúde Indígena realiza 1ª Oficina sobre Direitos Sexuais e Reprodutivos",
    "descricao": "Abordando interculturalidade e temas considerados tabus, encontro reúne, em Brasília, profissionais dos 34 Distritos Sanitários Especiais Indígenas (Dseis)",
    "subtitulo": "QUALIFICAÇÃO",
    "categoria": "Saúde e Vigilância Sanitária",
    "autora": "Sílvia AlvesMinistério da Saúde",
    "tags": [
        "saúde indígena",
        "saúde reprodutiva",
        "infecções sexualmente transmissíveis",
        "interculturalidade"
    ],
    "data_publi": "16/10/2024",
    "texto": "O Ministério da Saúde iniciou nessa terça-feira (15), em Brasília, a1ª Oficina de Vigilância e Promoção dos Direitos Sexuais e Reprodutivos na Saúde Indígena. A realização é daSecretaria de Saúde Indígena (Sesai), em parceria com o Fundo de População das Nações Unidas (UNFPA) e o Programa Conjunto das Nações Unidas sobre HIV/Aids (Unaids), com participação dasSecretarias de Vigilância em Saúde e Ambiente (SVSA)e Executiva (SE).\n\nA diretora doDepartamento de Atenção Primária à Saúde Indígena, Putira Sacuena, afirmou que a realização da oficina chega num momento de extrema importância, principalmente para reforçar e garantir os direitos das indígenas mulheres nos territórios, que muitas vezes são vítimas de violência, e muitas vezes sequer conhecem seus direitos acerca de seus corpos. “Qualificar nossos 34Dseiscom essa oficina torna para nós um elemento para que possamos reproduzir as tecnologias de cuidado da medicina ocidental, mas também reconhecer e valorizar outras tecnologias de saúde que já existem no território”, completa a diretora.\n\nA representante do UNFPA, Júnia Quiroga, ressaltou a relevância da parceria entre o UNFPA e a Sesai, que começa com a realização desta oficina, e a contribuição que ela traz para os profissionais dos 34 Dseis que receberão amplo conteúdo pelos próximos dias, além do compartilhamento das experiências em seus territórios, o que fortalece a troca de conhecimento e soluções coletivas no cuidado como um todo. “Debater amplamente aspectos da provisão do direito, do acesso ao direito à saúde sexual e reprodutiva nesses três dias vai ser, com certeza, enriquecedor para as populações atendidas nos 34 distritos”, observa.\n\nCom programação ampla, durante os três dias os técnicos e profissionais das secretarias e organizações realizadoras trarão temas como: Saúde sexual e reprodutiva na agenda de direitos humanos, Panorama das Infecções Sexualmente Transmissíveis (IST) na Saúde Indígena, Importância das ações voltadas aos Direitos Sexuais e Reprodutivos (DSR) no território, Atenção Psicossocial no contexto de violência, Diagnóstico do HIV, Sífilis, Hepatites Virais e outras Infecções Sexualmente Transmissíveis (IST), Prevenção Combinada, PrEP e PEP nos territórios indígenas, Manejo Clínico da sífilis e outras IST nos territórios Indígenas entre outros.\n\nConfira a programaçãoda1ªOficina de Vigilância e Promoção dos Direitos Sexuais e Reprodutivos na Saúde Indígena\n\nO evento vai até a próxima quinta-feira (17), no Hotel Grand Bittar."
}