{
    "url": "https://www.gov.br/saude/pt-br/assuntos/noticias/2024/marco/brasil-apresenta-queda-em-casos-e-obitos-por-covid-19",
    "titulo": "Brasil apresenta queda em casos e óbitos por Covid-19",
    "descricao": "Dados da Semana Epidemiológica 11, período de 10 de março a 16 de março, mostram redução na taxa de testes positivados pelo vírus",
    "subtitulo": "COVID-19",
    "categoria": "Saúde e Vigilância Sanitária",
    "autora": "Ana Luíza BaduMinistério da Saúde",
    "tags": [
        "vigilância em saúde e ambiente",
        "covid-19",
        "influenza",
        "síndromes gripais"
    ],
    "data_publi": "22/03/2024",
    "texto": "O Ministério da Saúde identificou redução simultânea de óbitos e novos casos de Covid-19 na Semana Epidemiológica (SE) 11 de 2024, que compreende o período de 10 a 16 de março. Em relação à Semana Epidemiológica 10, de 3 a 9 de março, foi registrada queda de 10,8% em novos casos e 5,4% de óbitos. Os dados são doInforme de Vigilância das Síndromes Gripais 11.\n\nDe 1º de janeiro a 16 de março de 2024 foram notificados 483.357 casos de covid-19 e 2.328 óbitos. Na Semana Epidemiológica 11, de 10 a 16 de março, foram notificados 48.038 novos casos e 262 óbitos. De acordo com oPainel Coronavírus, esse é o menor número de casos registrado desde a SE 8, período logo após o Carnaval.\n\nO Informe também registrou uma baixa na taxa de positividade dos testes laboratoriais para covid-19. Entretanto, a subvariante JN.1 mantém-se a predominante nos casos notificados.\n\nA secretária de Vigilância em Saúde e Ambiente, Ethel Maciel, reforça que mesmo com o indicativo da redução de casos e óbitos, a covid-19 continua sendo uma pandemia grave e todos precisam manter os cuidados. \"Desde o início do ano estamos vendo a gravidade da dengue no Brasil, mas ainda temos quatro vezes mais pessoas morrendo por Covid do que por dengue no país. Além da vacinação, é preciso que todos continuem com as medidas de proteção que aprendemos durante o período mais trágico da pandemia”, ressalta.\n\nPrincipal medida de combate\n\nA imunização contra covid-19 continua sendo a melhor forma de prevenção e principal medida contra as formas graves e óbitos da doença.\n\nPessoas que ainda não se vacinaram ou estão com alguma dose do imunizante atrasada devem procurar uma unidade de saúde para iniciar ou completaro esquema vacinal em vigore reforçar a proteção contra a doença.\n\nInfluenza em alta\n\nEmbora a covid-19 apresente queda, o vírus influenza mostrou crescimento desde a SE 9. A Vigilância Sentinela de Síndrome Gripal mostrou que, dos 147 vírus identificados, 48% eram influenza.\n\nDevido a isso, oMinistério da Saúde antecipou a vacinação contra influenza, que teria início no dia 25 de março. Pessoas do grupo prioritário já podem ir às unidades de saúde para realizar a imunização."
}