{
    "url": "https://www.gov.br/saude/pt-br/assuntos/noticias/2024/agosto/lancada-chamada-publica-na-area-de-avaliacao-de-tecnologias-em-saude",
    "titulo": "Lançada chamada pública na área de Avaliação de Tecnologias em Saúde",
    "descricao": "Linhas de pesquisa foram estruturadas em dois eixos e as propostas devem ser submetidas até 2 de setembro",
    "subtitulo": "CHAMADA PÚBLICA",
    "categoria": "Saúde e Vigilância Sanitária",
    "autora": "Vicente RamosMinistério da Saúde",
    "tags": [
        "ciência e tecnologia em saúde",
        "avaliação de tecnologias em saúde",
        "pesquisa",
        "cnpq"
    ],
    "data_publi": "08/08/2024",
    "texto": "O Ministério da Saúde, por meio daSecretaria de Ciência, Tecnologia e Inovação e do Complexo Econômico-Industrial da Saúde (Sectics), lançou uma chamada pública destinada à Inovação em Métodos e Desenvolvimento de Estudos em Avaliação de Tecnologias em Saúde no Brasil. A chamada, com investimento de R$ 2,9 milhões, faz parte da ação estratégica da pasta para subsidiar e apoiar a tomada de decisão de gestores, além de qualificar e fortalecer as políticas e os programas doSistema Único de Saúde (SUS).\n\nSerão selecionados projetos de pesquisa que visem contribuir para o aumento das capacidades, científica, tecnológica e inovadora, na área de Avaliação de Tecnologias em Saúde (ATS) no Brasil, por meio de desenvolvimento e aprimoramento de métodos inovadores e de aplicações tecnológicas, e da construção de estudos científicos.\n\nO prazo final de submissão das propostas é dia 2 de setembro, nosite do Conselho Nacional de Desenvolvimento Científico e Tecnológico (CNPq), parceiro da chamada. As linhas de pesquisa foram estruturadas em dois eixos, voltados para o alinhamento das prioridades da saúde pública com o desenvolvimento científico e tecnológico.\n\nConheça os eixos da chamada:\n\nAcesse o edital da chamada pública"
}