{
    "url": "https://www.gov.br/saude/pt-br/assuntos/noticias/2024/abril/ministerio-da-saude-reune-especialistas-para-dialogo-sobre-o-enfrentamento-a-dengue",
    "titulo": "Ministério da Saúde reúne especialistas para diálogo sobre o enfrentamento à dengue",
    "descricao": "Evento, na Organização Pan-Americana da Saúde, vai promover análise científica sobre cenário das epidemias da doença no Brasil e no mundo",
    "subtitulo": "AVANÇOS E PERSPECTIVAS",
    "categoria": "Saúde e Vigilância Sanitária",
    "autora": "Nádja Alves dos ReisMinistério da Saúde",
    "tags": [
        "vigilância em saúde e ambiente",
        "dengue",
        "colóquio",
        "cenário epidemiológico"
    ],
    "data_publi": "16/04/2024",
    "texto": "O Ministério da Saúde reúne especialistas nacionais e internacionais, nesta quarta-feira (17), para a realização do colóquio “Avanços e Perspectivas no Enfrentamento à Dengue”, na Organização Pan-Americana da Saúde (Opas), em Brasília. Durante o evento, a secretária deVigilância em Saúde e Ambiente, Ethel Maciel, vai atualizar o cenário epidemiológico da dengue no país e apresentar as principais ações para prevenção e controle da doença.\n\nO diretor da Opas, Jarbas Barbosa, e a infectologista norte-americana Maria Van Kerkhove, especialista em doenças infecciosas emergentes e técnica da Organização Mundial da Saúde (OMS), são alguns dos palestrantes. A programação conta com painéis e mesas redondas sobre os desafios da assistência e as medidas de prevenção e respostas a arboviroses.\n\nNesse contexto, serão discutidos assuntos importantes na atualidade, como as respostas à emergência, vigilância, tecnologias de controle vetorial, assistência, pesquisa clínica, diagnóstico laboratorial, sistemas de informação, entre outros.\n\nCom transmissão virtual, o evento também conta com a participação de vários outros especialistas como a presidente da Associação Brasileira de Saúde Coletiva (Abrasco), Rosana Onocko; o vice-presidente da Sociedade Brasileira de Infectologia (SBI), Alberto Chebabo, e  o vice-presidente da Sociedade Brasileira de Medicina Tropical (SBMT), André Siqueira.\n\nSERVIÇO:Colóquio Avanços e Perspectivas no Enfrentamento à Dengue\n\nData:17/04 (quarta-feira)Horário:9h às 17hLocal:Auditório da Organização Pan-Americana da Saúde (Opas)\n\nAcompanhe a transmissão do evento\n\n"
}