{
    "url": "https://www.gov.br/saude/pt-br/assuntos/noticias/2024/maio/ministerio-promove-integracao-do-sistema-nacional-de-auditoria-do-sus-em-rondonia",
    "titulo": "Ministério promove integração do Sistema Nacional de Auditoria do SUS em Rondônia",
    "descricao": "Projeto DenaSUS em Movimento busca também fortalecer a auditoria e a cooperação técnica no SNA",
    "subtitulo": "CONTROLE SOCIAL",
    "categoria": "Saúde e Vigilância Sanitária",
    "autora": "Tania MelloMinistério da Saúde",
    "tags": [
        "secretaria executiva",
        "auditoria interna",
        "denasus",
        "financiamento do SUS"
    ],
    "data_publi": "27/05/2024",
    "texto": "O Ministério da Saúde, por meio doDepartamento Nacional de Auditoria do SUS (DenaSUS), segue avançando com o projetoDenaSUS em Movimento.A ação visa fortalecer a integração entre os componentes doSistema Nacional de Auditoria do SUS (SNA), além de padronizar todo o processo de auditoria, conforme as novas diretrizes a fim de que a atividade seja contínua. Na última semana, de 20 a 21 de maio, o estado de Rondônia foi o mais recente a receber a visita do DenaSUS.\n\nDurante a visita, foram realizados diversos encontros. O primeiro foi com o superintendente estadual do Ministério da Saúde em Rondônia (SEMS/RO), Sid Orleans Cruz. Em seguida, houve reuniões com o Serviço Nacional de Auditoria do SUS (Seaud/RO), com a Secretaria de Estado da Saúde de Rondônia e com a Secretaria Municipal de Saúde de Porto Velho. Representantes do Controle Social, incluindo os Conselhos Estadual de Saúde e o de Secretários Municipais de Saúde (Cosems), também participaram. A iniciativa busca restabelecer o diálogo e a cooperação técnica entre as esferas federal, estadual e municipal doSistema Único de Saúde, promovendo a aprendizagem, o compartilhamento de conhecimentos e a integração dos profissionais de auditoria em nível nacional.\n\n“A intenção é criar uma rede coesa, alinhada e sustentável para a prática das ações de auditoria do SUS”, afirmou o coordenador-geral de Auditoria do DenaSUS, Jomilton Costa, que conduziu as visitas em Rondônia ao lado da coordenadora de Promoção do SNA, também do DenaSUS, Patrícia Leal. “Estamos comprometidos em assegurar que as auditorias doSUSse tornem cada vez mais eficazes e integradas, contribuindo para a melhoria contínua dos serviços de saúde oferecidos à população”, complementou Leal.\n\nDenaSUS em Movimento\n\nO projeto DenaSUS em Movimento começou em abril e já percorreu 15 estados do Brasil. Além das visitas aos componentes estaduais e municipais, o projeto inclui a realização de oficinas inter-regionais para promover debates, alinhar conceitos e técnicas de auditoria interna do SUS e fomentar uma governança dialógica no âmbito do SNA.\n\nPara este ano estão previstas três oficinas inter-regionais: a primeira em Curitiba , a segunda em Recife, ambas no mês de agosto e a terceira em Belo Horizonte, no mês de setembro.\n\nNo ano passado, foram realizadas oficinas regionais, cujos resultados foram compilados em um relatório, que subsidiou as discussões do 2º Encontro Nacional de Auditoria do SUS (ENAUDSUS 2024), realizado em abril deste ano, em Brasília, que incluiu na programação painéis abordando temas como ética em auditoria, qualidade, gestão de conflitos, controle social, financiamento do SUS, evolução tecnológica e sustentabilidade da auditoria interna do SUS."
}