{
    "url": "https://www.gov.br/saude/pt-br/assuntos/noticias/2024/junho/ministerio-realiza-live-com-trabalhadores-da-saude-em-atuacao-no-estado",
    "titulo": "Ministério realiza live com trabalhadores da saúde em atuação no estado",
    "descricao": "Ministra Nísia Trindade e  secretário da atenção primária, Felipe Proenço, apresentam ações encaminhadas pela pasta para apoio e proteção aos servidores que atuam no RS",
    "subtitulo": "RIO GRANDE DO SUL",
    "categoria": "Saúde e Vigilância Sanitária",
    "autora": "Vanessa RodriguesMinistério da Saúde",
    "tags": [
        "atenção primária",
        "atenção especializada à saúde",
        "força nacional do sus",
        "rio grande do sul"
    ],
    "data_publi": "12/06/2024",
    "texto": "Com o objetivo de manter um diálogo direto com os profissionais da saúde que atuam na tragédia climática do Rio Grande do Sul, o Ministério da Saúde promoveu, na terça-feira (11), umalivecom os trabalhadores daForça Nacional do SUS (FN-SUS), trabalhadores estaduais e municipais que estão na linha de frente na assistência aos gaúchos. “O Governo Lula tem atuado, fortemente, no processo de reconstrução do Rio Grande do Sul, o que inclui ações voltadas aos profissionais da saúde que têm mostrado sua força e importância nesse momento.  É importante também cuidar de quem cuida”, reforçou a ministra Nísia Trindade, que participou de toda a conversa.\n\nDurante alive, o secretário deAtenção Primária à Saúde, Felipe Proenço, a secretária estadual de Saúde do RS, Arita Bergmann, e o presidente do Conselho de Secretarias Municipais de Saúde do Rio Grande do Sul (Cosems/RS) Cacildo Delabarri, apresentaram ações voltadas aos trabalhadores, focadas principalmente na saúde mental e atenção psicossocial. “A saúde que queremos é a da integralidade entre governo, estados e municípios. Essaliveé tripartite, o que demonstra o esforço conjunto pela reconstrução do Rio Grande do Sul”, disse Nísia.\n\nDentre as ações desenvolvidas pelos servidores, além do atendimento médico aos sobreviventes, estão: orientações técnicas, ações de busca ativa e monitoramento de pacientes, liberação de medicamentos e apoio na reconstrução da rede de atenção à saúde local.\n\nAções voltadas aos profissionais atuantes no RS\n\nSeguem algumas realizações da pasta em apoio ao trabalho destes profissionais:\n\nAssista alivecompleta"
}