{
    "url": "https://www.gov.br/saude/pt-br/assuntos/noticias/2024/maio/ministerio-da-saude-participa-de-debate-no-senado-sobre-a-tragedia-no-rs",
    "titulo": "Ministério da Saúde participa de debate no Senado sobre a tragédia no RS",
    "descricao": "O diretor do Departamento de Atenção Hospitalar, Domiciliar e de Urgência, Nilton Pereira, esteve no plenário e falou sobre as ações da pasta no atendimento aos sobreviventes",
    "subtitulo": "RIO GRANDE DO SUL",
    "categoria": "Saúde e Vigilância Sanitária",
    "autora": "Ana FreireMinistério da Saúde",
    "tags": [
        "atenção especializada à saúde",
        "força nacional do SUS",
        "rio grande do sul"
    ],
    "data_publi": "27/05/2024",
    "texto": "O Ministério da Saúde participou nesta segunda-feira (27) do debate sobre a tragédia no Rio Grande do Sul e questões climáticas, no Senado Federal. O diretor doDepartamento de Atenção Hospitalar, Domiciliar e de Urgência (DAHU), daSecretaria de Atenção Especializada à Saúde (Saes), Nilton Pereira, esteve no plenário e falou sobre as ações da pasta no atendimento aos sobreviventes.\n\n“Acionamos toda a força de trabalho que tem estruturada no Ministério da Saúde no que compete à resposta imediata, do ponto de vista da assistência e da vigilância em saúde, que são as duas grandes frentes de ação que o ministério vem atuando desde o final de abril”, declarou o diretor.\n\nNilton Pereira ainda reforçou a atuação daForça Nacional do Sistema Único de Saúde (FN-SUS), que identificou rapidamente as necessidades locais. “Esse é o nível máximo da resposta a uma emergência sanitária, quando atuamos não só com trabalhadores, insumos e equipamentos, mas quando levamos também os hospitais de campanha de urgência e emergência com capacidade para leitos de UTI”, pontuou.\n\nTambém estiveram presentes à sessão o presidente do Senado, Rodrigo Pacheco; a presidente da Comissão de Meio Ambiente, senadora Leila Barros; o presidente e o relator da Comissão Temporária Externa, senadores Paulo Paim e Hamilton Mourão; e o ministro das Cidades, Jader Barbalho Filho.\n\nAtendimentos\n\nAté domingo (26), a FN-SUS realizou 5.966 atendimentos no Rio Grande do Sul. O Hospital de Campanha (HCamp) de Canoas registrou 2.856 atendimentos, enquanto a unidade de Porto Alegre contabilizou 1.032. Já a unidade de São Leopoldo soma 239. As equipes móveis atenderam 1.779 mil pessoas e realizaram 60 remoções aéreas.\n\nPara ampliar a assistência à população gaúcha, mais 40 novos voluntários da Força Nacional do SUS chegaram no sábado (25) ao estado. O grupo é composto por emergencistas do Serviço de Atendimento Móvel de Urgência (Samu) e se juntou à equipe, promovendo a troca de profissionais e a inclusão de novas categorias, como técnicos de enfermagem, para diversificar e aumentar a capacidade de atendimento nos hospitais de campanha montados pelo Ministério da Saúde em Porto Alegre, Canoas, São Leopoldo e Novo Hamburgo."
}