{
    "url": "https://www.gov.br/saude/pt-br/assuntos/noticias/2024/maio/ministerio-da-saude-alerta-sobre-riscos-e-prevencao-de-sindromes-respiratorias-em-abrigos-no-rs",
    "titulo": "Ministério da Saúde alerta sobre riscos e prevenção de síndromes respiratórias em abrigos no RS",
    "descricao": "Cuidados com higienização de mãos, ventilação de lugares fechados e compartilhamento de objetos estão entre as indicações",
    "subtitulo": "PREVENÇÃO",
    "categoria": "Saúde e Vigilância Sanitária",
    "autora": "Ministério da Saúde",
    "tags": [
        "vigilância em saúde e ambiente",
        "atenção especializada em saúde",
        "síndromes respiratórias",
        "rio grande do sul"
    ],
    "data_publi": "23/05/2024",
    "texto": "Desde o início dasenchentese fortes chuvas no Rio Grande do Sul, 25% dos mais de 3,5 mil atendimentos daForça Nacional do Sistema Único de Saúde (SUS)foram relacionados a doenças respiratórias, segundo dados doCentro de Operações de Emergência em Saúde (COE) Chuvas Intensas e Inundações no Sul.\n\nAs Síndromes Respiratórias (SR) são doenças que podem afetar estruturas ou órgãos do sistema respiratório, como nariz, laringe, faringe, traqueia e pulmão. Elas são agravadas em ambientes fechados e com grande número de pessoas, como os abrigos montados em caso de enchentes. Atualmente, há cerca 830 abrigos acolhendo mais de 68 mil pessoas de acordo com a Defesa Civil do RS.\n\n“Embora não se tenha observado um aumento significativo de Síndromes Respiratórias Agudas Graves (SRAG), que exigem hospitalização e uso de equipamentos de suporte respiratório, há um crescimento preocupante das síndromes respiratórias menos graves que demandam cuidados em situações de abrigamento”, destaca o médico Rodrigo Stabeli, assessor daSecretaria de Atenção Especializada à Saúde (SAES).\n\nAbaixo, confira orientações a gestores de abrigos para evitar a propagação de Síndromes Respiratórias (SRs):"
}