{
    "url": "https://www.gov.br/saude/pt-br/assuntos/noticias/2024/outubro/ministerio-da-saude-lanca-painel-de-resultados-de-projetos-do-proadi-sus",
    "titulo": "Ministério da Saúde lança Painel de Resultados de Projetos do Proadi-SUS",
    "descricao": "Medida traz mais transparência ao programa e aprimora processo de monitoramento e avaliação de projetos",
    "subtitulo": "PROADI-SUS",
    "categoria": "Saúde e Vigilância Sanitária",
    "autora": "Ministério da Saúde",
    "tags": [
        "secretaria executiva",
        "proadi-sus",
        "painel de resultados",
        "gestão"
    ],
    "data_publi": "17/10/2024",
    "texto": "O Ministério da Saúde lançou um painel para consulta dos principais resultados alcançados pelos projetos desenvolvidos no âmbito doPrograma de Apoio ao Desenvolvimento Institucional do Sistema Único de Saúde (Proadi-SUS). Os dados são relativos às entregas observadas nas ações desenvolvidas durante o 5º triênio do programa (2021-2023).\n\nAcesse o Painel de Resultados de Projetos Proadi-SUS 5º Triênio\n\nA iniciativa integra uma série de ações realizadas pela pasta para o aprimoramento da gestão e governança do Proadi-SUS. “O painel representa um avanço no processo de avaliação e monitoramento dos projetos desenvolvidos pelo programa, pois evidencia o alcance de resultados, indo além do mero acompanhamento da execução financeira. Estamos comprometidos em trazer mais transparência e em ressaltar os benefícios reais do Proadi-SUS”, apontou o secretário executivo, Swedenberger Barbosa, conhecido como Berger.\n\nO painel traz os perfis dos projetos, incluindo os objetivos, os valores investidos e outras informações. Também são detalhadas as realizações dos projetos, categorizadas por áreas de atuação, demonstrando a sua abrangência regionalizada, políticas públicas de saúde relacionadas, público-alvo beneficiado, estabelecimentos de saúde envolvidos, dentre outros.\n\nOs dados consolidados no painel serviram de base para a avaliação dos projetos, cujos resultados avaliativos serão publicados ainda este ano em forma de relatório. A publicação incluirá análises e recomendações visando ao aprimoramento da gestão e governança do Programa.\n\nSobre o Programa\n\nO Proadi-SUS foi desenvolvido para colaborar com o fortalecimento doSistema Único de Saúde (SUS). A partir das prioridades apresentadas pelo Ministério da Saúde, Conselho Nacional de Secretários de Saúde (Conass), Conselho Nacional de Secretarias Municipais de Saúde (Conasems) e agências vinculadas, os hospitais de excelência apresentam e executam projetos estratégicos na área da saúde.\n\nAtualmente, os hospitais com termo de ajuste firmado com o Ministério da Saúde para o triênio de 2024-2026, são: Hospital Alemão Oswaldo Cruz, BP – A Beneficência Portuguesa de São Paulo, Hcor, Hospital Israelita Albert Einstein, Hospital Moinhos de Vento e Hospital Sírio-Libanês."
}