{
    "url": "https://www.gov.br/saude/pt-br/assuntos/noticias/2024/maio/forca-nacional-do-sus-convoca-voluntarios-para-atuarem-no-rs-veja-criterios",
    "titulo": "Força Nacional do SUS convoca voluntários para atuarem no RS; veja critérios",
    "descricao": "Nova seleção vai convocar, no mínimo, mais 100 profissionais. Todos devem ter diploma e regularidade no seu respectivo conselho de classe",
    "subtitulo": "RIO GRANDE DO SUL",
    "categoria": "Saúde e Vigilância Sanitária",
    "autora": "Otávio AugustoMinistério da Saúde",
    "tags": [
        "atenção primária",
        "vigilância em saúde e ambiente",
        "força nacional do sus",
        "rio grande do sul"
    ],
    "data_publi": "15/05/2024",
    "texto": "O Ministério da Saúde iniciou a convocação de voluntários para atuação no Rio Grande do Sul por meio daForça Nacional do Sistema Único de Saúde (SUS). O estado sofre com severasenchentesem razão das chuvas dos últimos dias. A próxima seleção vai convocar, no mínimo, mais 100 profissionais. Atualmente, 134 profissionais da saúde atuam na emergência.\n\nÉ obrigatório que o profissional tenha vínculo público municipal, estadual ou federal. Além disso, para atuar, é necessário comprovar cinco anos de experiência em atendimento de emergência pré-hospitalar móvel e fixo e hospitalar.\n\nNo caso de aeromédicos, é exigido diploma de medicina ou enfermagem com regularidade no conselho de classe. O interessado deve possuir Equipamentos de Proteção Individual (EPIs) para tripular aeronave (macacão com tecido anti chama, cadeirinha com mosquetão, freio 8, capacete, luvas de raspa e botas).\n\n“É uma emergência de desastre, com uma complexidade imensa. Precisamos do melhorstaff. É necessário ter perfil, não apenas vontade de ajudar”, salienta o coordenador da Força Nacional do SUS, Fausto Soriano Estrela Neto. Desde o início da calamidade, o número de inscritos no cadastro da FN-SUS subiu de 47 mil, em abril, para 68,4 mil, agora.\n\nOs coordenadores da Força Nacional do SUS explicam que são necessárias características específicas para a atuação, como experiência em soterramento, acompanhamento de questões mentais, entre outras.\n\n“Em ações específicas como essa, precisamos de profissionais com expertise para atuar em momento adverso. Uma coisa é atender em clínicas, na unidade de saúde, em situação normal. Outra é atuar com escassez de medicamentos, com dificuldade de acesso, com pessoas com múltiplos fatores de saúde. Por isso, precisamos de especialistas nessas áreas”, reforça o gerente doServiço de Atendimento Móvel de Urgência (Samu)de Salvador, Ivan Paiva, que faz parte da Força Nacional do SUS.\n\nVeja critérios para atuar como voluntário na Força Nacional do SUS:\n\nVoluntários para os serviços de Urgência e Emergência - Hospitais de Campanha, Serviços de Saúde, Gestão e Aeromédico\n\nVoluntários para os serviços da Atenção Primária em Saúde - Abrigos, serviços de saúde, equipes volantes\n\nO Ministério da Saúde reforça que todos devem ter diploma e regularidade no seu respectivo conselho de classe, além de disponibilidade para missão por no mínimo 10 dias."
}