{
    "url": "https://www.gov.br/saude/pt-br/assuntos/noticias/2024/novembro/opine-aqui-724-contribuicoes-fortalecem-a-politica-nacional-de-residencias-em-saude",
    "titulo": "Opine aqui: 724 contribuições fortalecem a Política Nacional de Residências em Saúde",
    "descricao": "Proposta elaborada pelas pastas da Saúde e da Educação alcançou uma média de 82% de concordância total com os termos sugeridos",
    "subtitulo": "PARTICIPAÇÃO POPULAR",
    "categoria": "Saúde e Vigilância Sanitária",
    "autora": "Sarah MaximoMinistério da Saúde",
    "tags": [
        "trabalho e educação na saúde",
        "residências em saúde",
        "pesquisa"
    ],
    "data_publi": "06/11/2024",
    "texto": "O levantamentoOpine Aqui da Política Nacional de Residências em Saúde (PNRS)somou 724 contribuições populares. A proposta, elaborada pelo Ministério da Saúde em parceria com o Ministério da Educação (MEC), alcançou uma média de 82% de concordância total com os termos. Em atenção às sugestões enviadas, 54 itens da política foram revistos, considerando edições, inclusões e exclusões.\n\nRepresentantes de diversas categorias profissionais e de todas as regiões do país participaram do Opine Aqui na PlataformaParticipa + Brasil,sendo que enfermeiros, médicos, psicólogos e farmacêuticos correspondem a mais de 50% das participações.\n\nAlém da participação popular, instituições como a Associação Brasileira de Educação Médica (Abem); os conselhos Nacional de Secretários de Saúde (Conass) e de Secretarias Municipais de Saúde (Conasems); Comissão Intersetorial de Recursos Humanos e Relações de Trabalho do Conselho Nacional de Saúde (CIRHT/CNS); a Empresa Brasileira de Serviços Hospitalares (Ebserh); e demais secretarias do Ministério da Saúde apreciaram a proposta e enviaram contribuições.Elaboração da PNRS\n\nDesde o ano passado, o Ministério da Saúde assumiu o compromisso de construir aPolítica Nacional de Residências em Saúdede forma participativa com a realização do Seminário Nacional de Residência Médica e do Seminário Nacional de Residência em Área Profissional da Saúde, ambos em setembro de 2023. Os eventos reuniram 500 representantes de órgãos e entidades relacionados às residências em saúde para identificar desafios e propostas para a expansão, qualificação e valorização das residências em saúde. Além disso, os eixos presentes na política foram discutidos em diversos fóruns e pactuados de forma interministerial e interfederativa com o MEC, o Conass e o Conasems.\n\nA Política Nacional de Residências em Saúde é um compromisso da pasta para atender às necessidades do SUS a partir da qualificação e valorização da força de trabalho em saúde, mantendo a excelência da formação a partir da integração ensino-serviço-comunidade."
}