{
    "url": "https://www.gov.br/saude/pt-br/assuntos/noticias/2024/abril/saude-oferta-quatro-novos-cursos-sobre-pesquisa-clinica-na-plataforma-una-sus",
    "titulo": "Saúde oferta quatro novos cursos sobre pesquisa clínica na plataforma Una-SUS",
    "descricao": "Aulas são gratuitas, na modalidade on-line e as matrículas estão abertas",
    "subtitulo": "QUALIFICAÇÃO",
    "categoria": "Saúde e Vigilância Sanitária",
    "autora": "Ministério da Saúde",
    "tags": [
        "ciência e tecnologia em saúde",
        "trabalho e educação na saúde",
        "proadi sus",
        "pesquisa clínica"
    ],
    "data_publi": "15/04/2024",
    "texto": "Já estão disponíveis, na plataforma Una-SUS, quatro novos cursos sobreAspectos Operacionais na Pesquisa Clínica. Disponibilizados pelo Ministério da Saúde, os conteúdos abordam as seguintes temáticas: “Organização de documentos e dados de pesquisa”, “Estruturação da equipe e tópicos regulatórios em pesquisa”, “Implementação e acompanhamento do estudo” e “Gerenciamento e conclusão do estudo”. Para se matricular, basta acessar o portal daUNA-SUSe seguir as instruções da inscrição. Ao todo, são 50 mil vagas disponíveis.\n\nO público-alvo abrange profissionais que já trabalham com pesquisa ou que têm interesse em iniciar seus estudos no campo da pesquisa clínica, mas também estudantes e interessados no tema. As aulas são on-line, gratuitas e autoinstrucionais (sem tutoria), propiciando autonomia e flexibilidade na construção do conhecimento, no ritmo e dentro da disponibilidade de cada participante.\n\nAção estratégica\n\nOs cursos foram produzidos e ofertados, inicialmente, por meio de um projeto desenvolvido pela Associação Hospitalar Moinhos de Vento, com financiamento doPrograma de Apoio ao Desenvolvimento Institucional do Sistema Único de Saúde (Proadi-SUS). Entre maio de 2020 e julho de 2021, foram emitidos aproximadamente 16,5 mil certificados.\n\nEssa ação é uma iniciativa estratégica do Departamento de Ciência e Tecnologia (Decit) daSecretaria de Ciência, Tecnologia e Inovação e do Complexo Econômico-Industrial da Saúde, em parceria com o Departamento de Gestão da Educação na Saúde (Deges) da Secretaria de Gestão do Trabalho e da Educação na Saúde.\n\nNovos cursos na área de pesquisa clínica estarão disponíveis na plataforma em breve, como por exemplo: ética em pesquisa, prática clínica baseada em evidências, estruturação de centro de pesquisa, elaboração de protocolo clínico, disseminação do conhecimento, bioestatística e epidemiologia clínica aplicada.\n\nO compromisso de qualificar pesquisadores brasileiros para aprimorar a pesquisa clínica nacional está formalizado pelo Decit no Plano de Ação de Pesquisa Clínica no Brasil, instituído por meio da Portaria GM/MS nº 559, de 2018. O documento possui um eixo dedicado à “Formação em Pesquisa Clínica”, que tem por objetivo promover a formação continuada de recursos humanos em pesquisa clínica, apoiando o desenvolvimento de cursos de curta duração e de programas de pós-graduaçãostrictoelato sensu.Nova Indústria Brasil\n\nAlém disso, a pesquisa clínica é parte de um dos objetivos específicos da Missão 2 do Plano de Ação da Nova Indústria Brasil, contribuindo para que o país tenha um Complexo Econômico-Industrial da Saúde resiliente para reduzir as vulnerabilidades do SUS e ampliar o acesso à saúde.\n\nConheça mais sobre oPlano de Ação da Nova Indústria Brasil\n\nMatrículas\n\nAcesse os campos abaixo para se matricular em cada um dos cursos"
}