{
    "url": "https://www.gov.br/saude/pt-br/assuntos/noticias/2024/maio/forca-nacional-do-sus-soma-mais-de-8-5-mil-atendimentos-no-estado",
    "titulo": "Força Nacional do SUS soma mais de 8,5 mil atendimentos no estado",
    "descricao": "Saúde conta com quatro hospitais de campanha em funcionamento e diversas frentes para atender a população gaúcha",
    "subtitulo": "RIO GRANDE DO SUL",
    "categoria": "Saúde e Vigilância Sanitária",
    "autora": "O total inclui ainda 2.391 atendimentos volantes e 65 remoções aéreas. Além disso, foram registrados 172 atendimentos em saúde indígena no polo-base de Porto Alegre e 88 no polo-base de Barra do Ribeiro.",
    "tags": [
        "atenção especializada à saúde",
        "força nacional do sus",
        "rio grande do sul"
    ],
    "data_publi": "31/05/2024",
    "texto": "AForça Nacional do Sistema Único de Saúde (FN-SUS)registra um total de 8.525 atendimentos à população atingida pelas severas chuvas einundaçõesno Rio Grande do Sul. Os dados representam o acumulado de ações desde o início das operações no estado, em 5 de maio.\n\nForam realizados 1.519 atendimentos no Hospital de Campanha (HCamp) de Porto Alegre, 3.483 HCamp de Canoas e 458 no HCamp de São Leopoldo. O quarto hospital de campanha do Ministério da Saúde, que entrou em operação no município de Novo Hamburgo no sábado (25), registra 349 atendimentos."
}