{
    "url": "https://www.gov.br/saude/pt-br/assuntos/noticias/2024/junho/hospital-de-campanha-de-canoas-inicia-atendimento-em-novo-endereco-neste-sabado-15",
    "titulo": "Hospital de campanha de Canoas inicia atendimento em novo endereço neste sábado (15)",
    "descricao": "Unidade continuará funcionando com seis médicos, três enfermeiros e técnicos de enfermagem, prestando atendimento 24 horas",
    "subtitulo": "RIO GRANDE DO SUL",
    "categoria": "Saúde e Vigilância Sanitária",
    "autora": "Otávio AugustoMinistério da Saúde",
    "tags": [
        "atenção especializada à saúde",
        "força nacional do sus",
        "hospital",
        "canoas"
    ],
    "data_publi": "15/06/2024",
    "texto": "O hospital de campanha de Canoas inicia, neste sábado (15), às 20h, os atendimentos em novo endereço. Agora, a unidade passa a funcionar no Hangar Cultural, no bairro Guajuviras. O Ministério da Saúde e a Secretaria Municipal de Saúde de Canoas optaram pela mudança para adequar a assistência de acordo com a necessidade local. O hospital de campanha continuará funcionando com seis médicos, três enfermeiros e técnicos de enfermagem, prestando atendimento 24 horas. A unidade tem capacidade para realizar entre 150 e 200 atendimentos diários.\n\nEquipes daForça Nacional do SUSfizeram a desmontagem, limpeza, desinfecção, montagem e reabastecimento da unidade para permitir o funcionamento. Ao todo, desde 5 de maio, quando iniciou o funcionamento, o HCamp de Canoas atendeu 4,4 mil pessoas.\n\n“O hospital continuará atendendo, de porta aberta. O que estamos fazendo é a melhor adequação para a realidade atual da cidade”, comentou o secretário de Atenção Primária do Ministério da Saúde, Felipe Proenço. O secretário municipal de Saúde de Canoas, Mauro Sparta, complementou estar \"realocando o hospital para dar mais potencialidade ao seu atendimento. O funcionando do HCamp foi de primordial importância neste momento crítico”.\n\nAtendimentos\n\nDesde o dia 5 de maio, a Força Nacional do SUS atendeu 15 mil pessoas no Rio Grande do Sul. O Ministério da Saúde mantém quatro hospitais de campanha em funcionamento no estado.\n\nO HCamp de Porto Alegre já realizou mais de três mil atendimentos. A unidade de Novo Hamburgo atendeu 1,4 mil pacientes. Por fim, a estrutura de São Leopoldo recebeu 1,3 mil pessoas.\n\nAs equipes volantes da Força Nacional do SUS fizeram 3,9 mil atendimentos ao povo gaúcho em oito municípios. Houve, ainda, 684 atendimentos em saúde indígena, 400 psicossociais e 66 remoções aéreas."
}