{
    "url": "https://www.gov.br/saude/pt-br/assuntos/noticias/2024/novembro/durante-reuniao-da-cit-ministra-destaca-acoes-para-reducao-de-filas-de-cirurgias-eletivas",
    "titulo": "Durante reunião da CIT, ministra destaca ações para redução de filas de cirurgias eletivas",
    "descricao": "11ª reunião da Comissão Intergestores Tripartite foi realizada nesta quinta (28), em Brasília",
    "subtitulo": "PACTUAÇÕES",
    "categoria": "Saúde e Vigilância Sanitária",
    "autora": "Ana FreireMinistério da Saúde",
    "tags": [
        "secretaria executiva",
        "comissão intergestores",
        "mais acesso a especialistas",
        "cirurgias eletivas"
    ],
    "data_publi": "28/11/2024",
    "texto": "Foi realizada, nesta quinta (28), a11ª Reunião da Comissão Intergestores Tripartite (CIT), na sede da Organização Pan-Americana da Saúde (Opas), em Brasília. Durante a abertura, a ministra da Saúde, Nísia Trindade, destacou a pactuação do componente de cirurgias aoPrograma Mais Acesso a Especialistas (PMAE), uma revisão doPrograma Nacional de Redução de Filas (PNRF). Os secretários da pasta, representantes do Conselho Nacional de Secretários de Saúde (Conass) e do Conselho Nacional de Secretarias Municipais de Saúde (Conasems) também estiveram presentes nos debates.\n\n“Temos um compromisso muito grande de viabilizar uma política que garanta mais acesso a exames, consultas no tempo adequado e cuidado integral para a saúde da nossa população”, declarou Nísia ao falar sobre o acesso aos serviços de média e alta complexidade em todo o território brasileiro.\n\nOutro ponto importante da reunião foi o anúncio do cumprimento de uma das três metas da Organização das Nações Unidas (ONU) para eliminar a aids como problema de saúde pública: em 2023, o país diagnosticou 96% de pessoas estimadas de serem infectadas porHIVe não sabiam da condição sorológica. “Recuperamos uma trajetória de compromissos e avanços nessa área, sabendo que a prevenção e promoção são fundamentais”, comentou a ministra.\n\nAinda na CIT, Nísia fez observações sobre o G20 no Brasil: “Foi primordial colocar a nível mundial nossos compromissos, coalizão para a produção local de vacinas, medicamentos, diagnósticos, tecnologias e inovação”. Ela ainda lembrou das discussões sobre as mudanças climáticas no âmbito da saúde: “No ano que vem, o Brasil sediará a COP 30 [Conferência das Nações Unidas sobre as Mudanças Climáticas de 2025] e é importante que estejamos fortes nessa relação do Governo Federal com os estados, municípios e gestores da saúde”, pontuou.\n\nA ministra também reforçou a pauta dadenguee outrasarbovirosescom foco na participação social na vigilância. “Precisamos sempre reforçar a campanha para que haja cuidado e isso inclui a população. Se 75% dos casos estão nas casas ou entorno, há muito o que ser feito para conter a transmissão. É possível reduzir e há várias medidas sendo tomadas de acordo com a realidade de cada local”, disse.\n\nOs 20 anos da Política Nacional de Assistência Farmacêutica (PNAF) foram lembrados por Nísia, que integrou o tema em todas as secretarias: “Estamos muito empenhados em antecipar todo e qualquer problema que possa haver com a distribuição de medicamentos e vacinas”.\n\nDurante as pactuações, aSecretaria de Atenção Especializada à Saúde (Saes)apresentou dois avanços na disponibilização de medicamentos para o tratamento da Hemofilia A em parceria com a Empresa Brasileira de Hemoderivados e Biotecnologia (Hemobras). “Isso significa uma autonomia do país nessa área, um investimento muito consistente e resultante dessa atuação conjunta”, comentou a ministra.\n\nComissão Intergestores Tripartite\n\nACITé composta por representantes do Ministério da Saúde, do Conselho Nacional de Secretários de Saúde (Conass) e do Conselho Nacional de Secretarias Municipais de Saúde (Conasems). Ela funciona como um espaço de negociação, articulação e diálogo aberto entre os gestores doSistema Único de Saúde (SUS).\n\nAlém disso, tem como objetivos fortalecer a governança do SUS, priorizar a responsabilidade das instituições, garantir a transparência das decisões e assegurar o acesso integral à saúde."
}