{
    "url": "https://www.gov.br/saude/pt-br/assuntos/noticias/2024/agosto/sustentabilidade-do-sus-e-tema-discutido-em-seminario-de-economia-da-saude-na-bahia",
    "titulo": "Sustentabilidade do SUS é tema discutido em seminário de Economia da Saúde na Bahia",
    "descricao": "Evento permitiu diálogos sobre o melhor uso dos recursos destinados à saúde nas esferas nacional, estadual e municipal",
    "subtitulo": "FINANÇAS",
    "categoria": "Saúde e Vigilância Sanitária",
    "autora": "Priscilla LeonelMinistério da Saúde",
    "tags": [
        "ciência e tecnologia em saúde",
        "economia da saúde",
        "sustentabilidade do sus",
        "bahia"
    ],
    "data_publi": "23/08/2024",
    "texto": "Representantes do Ministério da Saúde marcaram presença no2º Seminário Estadual de Economia da Saúde da Bahia, realizado na terça-feira (20), em Salvador, onde ressaltaram o papel da Economia da Saúde pela sustentabilidade doSistema Único de Saúde (SUS). O evento reuniu gestores, técnicos estaduais e municipais, profissionais de órgãos de controle e conselheiros com o objetivo de discutir a relevância da pauta e suas interfaces com o planejamento.\n\nA diretora deEconomia e Desenvolvimento em Saúde do Ministério da Saúde (Desid), Erika Aragão, ressaltou o papel da pauta como central na formulação de políticas que conversem com a sustentabilidade do SUS. “A atual gestão segue atuando para que estados e municípios integrem as ferramentas e conceitos de economia da saúde aos seus planejamentos, com olhar comprometido no uso eficiente de recursos para o SUS, sem deixar de assegurar serviços de qualidade a quem o procura. É justamente por isso que a presença doNúcleo de Economia da Saúde (NES)nas secretarias de saúde é tão incentivada por este Ministério”, finalizou.\n\nA Secretaria de Saúde da Bahia (Sesab) foi a segunda a implementar um Núcleo de Economia da Saúde (NES) no país e tem respondido aos desafios de gestão com a ampliação de ações estratégicas: “Do ponto de vista estratégico, é confortável para o gestor ter dados da economia da saúde, para que a gente possa calibrar a política de saúde no estado e fazer as melhores escolhas”, analisou o subsecretário da Saúde do Estado, Paulo Barbosa.\n\nO seminário contou também com diálogos sobre a relevância do Programa Nacional de Gestão de Custos, que é gerido pelo Desid, para a Secretaria Estadual da Bahia. Palestras sobre a gestão de custos em saúde, com destaque para as experiências do Distrito Federal e da Bahia, também foram realizadas.\n\nNúcleos de Economia da Saúde pelo país\n\nBraço daSecretaria de Ciência, Tecnologia e Inovação e do Complexo Econômico-Industrial da Saúde do Ministério da Saúde (Sectics), o Departamento de Economia e Desenvolvimento em Saúde tem como uma de suas metas a sensibilização de gestores e técnicos do SUS pela estruturação de Núcleos de Economia da Saúde nas Secretarias estaduais e municipais do país.\n\nIsso porque os núcleos são pontos focais de propagação das ferramentas e conceitos de Economia da Saúde, com o objetivo de orientar a tomada de decisão local em busca de alternativas mais eficientes e embasadas pelo melhor uso dos recursos voltados à saúde pública.\n\nO estado da Bahia respondeu ao chamado do Ministério da Saúde quanto à implementação do NES estadual em 2006, enquanto o município de Salvador acaba de institucionalizar o seu núcleo. Somados a estes, o país já conta com um total de 17 núcleos ativos e institucionalizados, sendo 3 em municípios e 14 em estados."
}