{
    "url": "https://www.gov.br/saude/pt-br/assuntos/noticias/2024/julho/conheca-as-iniciativas-que-integram-saude-humana-animal-e-ambiental-para-a-prevencao-dessas-doencas",
    "titulo": "Conheça as iniciativas que integram saúde humana, animal e ambiental para a prevenção dessas doenças",
    "descricao": "Segundo a Organização Mundial de Saúde Animal (OMSA), aproximadamente 75% das novas doenças infecciosas que surgiram ultimamente em humanos tiveram origem em animais",
    "subtitulo": "DIA MUNDIAL DAS ZOONOSES",
    "categoria": "Saúde e Vigilância Sanitária",
    "autora": "Nadja Alves dos ReisMinistério da Saúde",
    "tags": [
        "vigilância em saúde e ambiente",
        "zoonoses",
        "prevenção",
        "doenças infecciosas"
    ],
    "data_publi": "06/07/2024",
    "texto": "Neste sábado (6), é celebrado o Dia Mundial das Zoonoses, uma iniciativa que visa conscientizar a sociedade sobre esse grupo de doenças de origem infecciosa, transmissível entre animais e seres humanos. A data remete à aplicação da primeira vacina antirrábica, em 1885, criada pelo cientista francês Louis Pasteur, que representa um marco importante na prevenção das zoonoses.\n\nPara prevenir a incidência entre a população brasileira, o Ministério da Saúde tem desenvolvido medidas a partir de uma perspectiva inovadora que relaciona visões de saúde humana, animal, vegetal  e ambiental. Uma delas é a criação doComitê Técnico Interinstitucional de Uma Só Saúde, que conta com representação de vinte instituições.\n\nSaiba mais\n\nO que são as zoonoses\n\nAs zoonoses são doenças que são transmitidas de animais para humanos, ou de humanos para os animais. A transmissão pode ocorrer de forma direta, principalmente através do contato com secreções (saliva, sangue, urina, fezes) ou contato físico, como arranhaduras ou mordeduras.\n\nSegundo a Organização Mundial de Saúde Animal (OMSA), aproximadamente 75% das novas doenças infecciosas que surgiram nos últimos anos em humanos tiveram origem em animais e 60% delas são zoonóticas. No Brasil, as mais conhecidas são a raiva humana, leishmaniose visceral e tegumentar, esporotricose animal, hantaviroses, leptospirose, febre maculosa, doença de chagas, toxoplasmose, doença de haff e arboviroses, como a febre amarela, febre do Oropouche e febre do Nilo Ocidental.\n\nComitê Técnico Interinstitucional de Uma Só Saúde\n\nNeste ano, o presidente Lula, por meio doDecreto n° 12.007, instituiu o Comitê Técnico Interinstitucional de Uma Só Saúde, cuja finalidade é a elaboração e apoio para implementação de um plano de ação nacional. Ele sistematizará ações e responsabilidades de cada instituição, de acordo com as suas competências, para a prevenção e controle de ameaças à saúde, por meio de abordagem integrada e cooperativa que reconheça a conexão entre saúde humana, animal, vegetal e ambiental.\n\nDe forma integrada, o grupo tem foco em ações como:\n\nCom a coordenação do Ministério da Saúde, o colegiado conta com a participação das pastas da Agricultura e Pecuária; Ciência, Tecnologia e Inovação; Defesa; Desenvolvimento Agrário e Agricultura Familiar; Educação; Meio Ambiente e Mudança do Clima e Relações Exteriores.\n\nTambém integram o comitê a Agência Nacional de Vigilância Sanitária (Anvisa), Fiocruz, o Instituto Brasileiro do Meio Ambiente e dos Recursos Naturais Renováveis (Ibama), Instituto Chico Mendes de Conservação da Biodiversidade (Instituto Chico Mendes), Instituto Nacional de Pesquisas Espaciais (Inpe), Empresa Brasileira de Pesquisa Agropecuária (Embrapa) e Empresa Brasileira de Serviços Hospitalares (Ebserh). Instituições de classe como os conselhos federais de Biologia (CFBio), Enfermagem (Cofen), Farmácia (CFF), Medicina (CFM) e Medicina Veterinária (CFMV) também têm representação no grupo.De forma interna, a pasta da Saúde também propõe ações por meio da Coordenação-Geral de Vigilância de Zoonoses e Doenças de Transmissão Vetorial, que potencializa a capacidade de resposta doSistema Único de Saúde (SUS).\n\nCriação doOne Health Quadripartite\n\nEssas iniciativas têm relação com o cenário internacional, com a  criaçãoda One Health Quadripartite, no âmbito das Organização das Nações Unidas (ONU). AOne Healthé formada pela Organização Mundial da Saúde (OMS), Organização Mundial de Saúde Animal (OMSA), Organização das Nações Unidas para Agricultura e Alimentação (FAO) e Programa das Nações Unidas para o Meio Ambiente (PNUMA).\n\nCom o objetivo de aprimorar a coordenação global, essas instituições criaram e promoveram um Painel de Especialistas de Alto Nível em Uma Só Saúde, ouOne HealthHigh Level Expert Panel, que tem a adesão do Brasil e apresenta seis linhas de atuação para todo o mundo."
}