{
    "url": "https://www.gov.br/saude/pt-br/assuntos/noticias/2024/setembro/menos-da-metade-dos-adolescentes-que-vacinaram-contra-a-dengue-tomaram-a-segunda-dose",
    "titulo": "Menos da metade dos adolescentes que vacinaram contra a dengue tomaram a segunda dose",
    "descricao": "Ministério da Saúde distribuiu 4,7 milhões de doses para todo o país. Pasta orienta que o público-alvo complete o esquema vacinal",
    "subtitulo": "IMUNIZAÇÃO",
    "categoria": "Saúde e Vigilância Sanitária",
    "autora": "Ministério da Saúde",
    "tags": [
        "vigilância em saúde e ambiente",
        "programa nacional de imunizações",
        "arboviroses",
        "dengue"
    ],
    "data_publi": "20/09/2024",
    "texto": "O Brasil registra 2,2 milhões de primeiras doses de vacinas aplicadas contra adengue. No entanto, há 636 mil registros de segundas doses. Isso significa que menos da metade das pessoas que tomaram a dose inicial buscaram a dose adicional. Ao todo, o Ministério da Saúde distribuiu 4,7 milhões de doses para todo o país. Os dados preliminares são do Departamento doPrograma Nacional de Imunizações(DPNI).\n\nAvacinaçãoé uma das inovações para enfrentar a dengue, que em 2024 aumentou em todo o mundo, sobretudo devido às mudanças climáticas. Para ter proteção contra casos graves e hospitalizações por dengue, o público-alvo precisa tomar duas doses do imunizante incorporado de forma inédita noSistema Único de Saúde (SUS).\n\nO público, em 2024, é composto por crianças e adolescentes de 10 a 14 anos, faixa etária que concentra o maior número de hospitalização por dengue, depois de pessoas idosas, grupo para o qual a vacina não foi liberada pela Agência Nacional de Vigilância Sanitária (Anvisa). O esquema vacinal é composto por duas doses com intervalo de três meses entre elas.\n\nA secretária deVigilância em Saúde e Ambiente, Ethel Maciel, alerta para a necessidade de se vacinar. “Dentro da faixa etária indicada pelo laboratório para receber a vacina, selecionamos o intervalo com maior número de hospitalizações por dengue no Brasil. Contudo, esse público tem uma adesão menor, justamente por não ser uma idade que frequenta os serviços de saúde rotineiramente. Por isso, os pais e responsáveis precisam levar as crianças e adolescentes para se vacinar. É um ato de amor e de responsabilidade”, destaca.\n\nOs critérios para a definição dos municípios escolhidos para receber as doses da vacina foram definidos seguindo as recomendações da Câmara Técnica de Assessoramento em Imunização (CTAI) e da OMS. As vacinas serão destinadas a regiões de saúde com municípios de grande porte com alta transmissão nos últimos dez anos e população residente igual ou maior a 100 mil habitantes, levando também em conta altas taxas nos últimos meses.\n\nCombate ao mosquito\n\nO Ministério da Saúde reforça que, embora o imunizante contribua para frear o avanço da doença, ainda não é a ferramenta mais eficaz no seu enfrentamento, dada a capacidade de produção do laboratório fornecedor que não é suficiente para atender à demanda do Brasil.\n\nPor isso, além das ações realizada pelos agentes de saúde, a população deve fazer a sua parte:\n\nAcesse à página de combate ao mosquito"
}