{
    "url": "https://www.gov.br/saude/pt-br/assuntos/noticias/2024/setembro/atencao-primaria-participa-de-encontro-da-rede-nacional-de-consultorios-na-rua-e-de-rua",
    "titulo": "Atenção primária participa de encontro da Rede Nacional de Consultórios na Rua e de Rua",
    "descricao": "Evento sediado em Brasília ocorre até quinta (5) e debate políticas públicas para atender às necessidades da população em situação de rua",
    "subtitulo": "EQUIDADE",
    "categoria": "Saúde e Vigilância Sanitária",
    "autora": "Anna IungMinistério da Saúde",
    "tags": [
        "atenção primária",
        "consultório na rua",
        "população em situação de rua",
        "equidade"
    ],
    "data_publi": "04/09/2024",
    "texto": "Entre terça e quinta-feira (3 e 5), ocorre na Fiocruz Brasília, oVII Encontro da Rede Nacional de Consultórios na Rua e de Ruacom a participação das equipes de consultórios na rua (eCR) de todo o país. O encontro é organizado pela Rede Nacional de Consultórios na Rua e de Rua.\n\nO evento propicia que trabalhadores das equipes de consultório na rua e de rua possam trocar experiências a partir do trabalho elaborado nos mais diversos territórios de abrangência da estratégia, o que favorece que haja fortalecimento do cuidado realizado com a população em situação de rua. Além do encontro dos trabalhadores destaca-se a presença de gestores, pesquisadores, sociedade civil e movimentos sociais.\n\nPara o secretário deAtenção Primária à Saúde (Saps), Felipe Proenço, “a retomada do governo é de grande importância para a afirmação que oSistema Único de Saúde (SUS)é democracia, uma política pública civilizatória, e com ela retomamos ações na pauta da população em situação de rua. Entendemos que, para propor políticas públicas eficazes, precisamos considerar as necessidades do território e, com isso, estamos em novo momento daEstratégia Saúde da Famíliae, por consequência, dos Consultórios na Rua, e de todas as ações intersetoriais que precisam ser desenvolvidas para atender às necessidades da população em situação de rua”.\n\nA Saps assumiu a responsabilidade institucional de acolher as políticas de promoção da equidade, e a Coordenação de Acesso à Equidade (Caeq) tem sido esse braço institucional para operacionalizar essas políticas em articulação com todas a secretarias e departamentos do Ministério da Saúde que atuam com a pauta. A Caeq tem desenvolvido espaços de escuta de participação ativa dos movimentos sociais e população em situação de rua, e dos movimentos dos trabalhadores e trabalhadoras dos consultórios de rua.\n\n“Esse encontro materializa a organização desses trabalhadores e o compromisso deles com a população de rua. Ações como essa, de enfrentamento das desigualdades sociais e de combate às iniquidades, trazem a população em situação de rua como portadora de direitos, não só à saúde, mas também à moradia, emprego e renda, assistência social, cultura e educação”, destacou a coordenadora da Caeq, Lílian Gonçalves.\n\nA programação do evento está organizada com base em mesas temáticas que vão discutir o cotidiano do trabalho das equipes dos Consultórios na Ruaede Rua. Na pauta estão temas como Direitos Humanos e Políticas Públicas; Saúde Mental e Luta Antimanicomial e Antiproibicionismo; Interstorialidade e articulação no território; Educação Permanente e Educação Popular em Saúde; Impactos do racismo na saúde; Saúde da Mulher; Saúde LGBTQIA+; Saúde Mental; A rua tem cor! Impactos do racismo na saúde; Cultura e arte como tecnologias de cuidado. A programação conta também com uma exposição de boas práticas das eCR.\n\nConsultório na Rua\n\nO Consultório na Rua é constituído por equipes multiprofissionais que desenvolvem ações integrais de saúde frente às necessidades da população em situação de rua. Os profissionais realizam as atividades de forma itinerante e, quando necessário, desenvolvem ações em parceria com as equipes das Unidades Básicas de Saúde (UBS).\n\nAtualmente, há 304 equipes de Consultório na Rua homologadas financiadas pelo Ministério da Saúde em 180 municípios no território nacional. O credenciamento de equipes ocorre viaE-gestor."
}