{
    "url": "https://www.gov.br/saude/pt-br/assuntos/noticias/2024/novembro/com-bndes-ministerio-da-saude-vai-transformar-campus-do-inca-em-moderno-complexo-de-assistencia",
    "titulo": "Com BNDES, Ministério da Saúde vai transformar campus do INCA em moderno complexo de assistência",
    "descricao": "Objetivo é centralizar as 18 unidades do Instituto Nacional de Câncer existentes no Rio de Janeiro para integrar assistência, ampliar serviços e fomentar pesquisa. Investimento chega a R$ 1,1 bilhão",
    "subtitulo": "ASSISTÊNCIA ESPECIALIZADA",
    "categoria": "Saúde e Vigilância Sanitária",
    "autora": "Ministério da Saúde, INCA e BNDES",
    "tags": [
        "atenção especializada à saúde",
        "inca",
        "bndes"
    ],
    "data_publi": "25/11/2024",
    "texto": "O campus do Instituto Nacional de Câncer (INCA), referência em oncologia no Brasil, será transformado em um centro de desenvolvimento científico e inovação tecnológica para assistência a pacientes e integração das áreas do instituto. Na quinta-feira (14), Ministério da Saúde, Banco Nacional de Desenvolvimento Econômico e Social (BNDES) e INCA assinaram o contrato para estruturação do projeto. O objetivo é transformar a infraestrutura em um moderno centro de excelência, centralizando as 18 unidades do INCA existentes no Rio de Janeiro em um único complexo. A estimativa de investimento no projeto, que também conta com a parceria da Secretaria Especial do Programa de Parcerias de Investimentos da Casa Civil, é da ordem de R$ 1,1 bilhão.\n\nO novo modelo integra desenvolvimento científico, formação profissional especializada e assistência voltada a cada paciente. Segundo a ministra Nísia Trindade, uma iniciativa para fortalecimento da atuação do INCA em pesquisa e, consequentemente, no desenvolvimento nacional de terapias. “Esse é um projeto de avanço na política de média e alta complexidade para assistência aocâncer, uma prioridade da nossa gestão. Ação que mostra associação entre investimento privado, com apoio do BNDES e, sobretudo, a ideia de tudo isso ser voltado para melhoria da gestão, também com recursos doNovo PAC”, explicou. “É o modelo capaz de oferecer custo-efetividade no combate a essa doença que se expande no Brasil e sufoca sistemas de saúde em todo o mundo”, acrescentou.\n\nA ministra da Saúde detalhou que a oncologia vai estar no coração do programaMais Acesso a Especialistas. “Estamos mudando a forma de fazer essa atenção à saúde, agora mais integrada no cuidado. Muitas inovações são concretizadas com tecnologias e produtos, por isso a pesquisa é fundamental, mas muitas outras inovações são feitas de processos. É aí que entra o Mais Acesso a Especialistas. O trabalho em rede é um dos grandes aprendizados do SUS”, defendeu. “Esse momento de hoje significa esperança e convicção de que estamos no rumo certo”, complementou, relembrando que os protocolos clínicos para ocâncer de mamaem breve serão aprovados.\n\nFoto: Walterson Rosa/MS\n\nEste é o primeiro projeto de parceria entre instituições públicas e privadas na área da saúde e prevê a construção de um novo prédio, reforma do antigo e prestação serviços não assistenciais para até 450 leitos, buscando o controle da doença no país. Os serviços assistenciais e médicos continuam sob responsabilidade dos servidores públicos, no âmbito doSistema Único de Saúde (SUS), com atendimento público e gratuito, sob gestão do Ministério da Saúde.\n\nO presidente do BNDES, Aloizio Mercadante, declarou que, com a parceria, o INCA terá infraestrutura hospitalar de maior qualidade e com melhores condições de trabalho para os profissionais da saúde e de atendimento à população, com aumento na oferta de leitos de internação. “Além disso, resultará em benefícios para o sistema de saúde, como a otimização de recursos, a redução de custos, a unificação de múltiplos contratos, a modernização das instalações e a criação de sinergias operacionais”, explicou.\n\nNesse contexto, o projeto vai possibilitar a redução significativa de despesas hoje replicadas nos diversos endereços do INCA e ainda ampliar a oferta de serviços, como: equipamentos radioterapia, leitos de internação, leitos de CTI/Semi-Intensiva, salas cirúrgicas e poltronas de quimioterapia.\n\nSegundo Mercadante, com o projeto, o INCA fortalece o desenvolvimento de novas terapias para controle do câncer. “Essa estruturação marca um avanço significativo na área de saúde no Brasil e reforça o compromisso do governo do presidente Lula com a inovação e a eficiência na gestão dos serviços de saúde pública”, disse.\n\nO projeto inclui o retrofit de um edifício existente na Praça da Cruz Vermelha e a ampliação do complexo com a construção de três novos edifícios em um terreno adjacente cedido pelo governo do estado do Rio de Janeiro. Esse novo complexo vai abranger áreas de alta complexidade no tratamento, pesquisa, ensino, prevenção e gestão na área do câncer.\n\nJoão Viola, diretor do INCA em exercício, fez uma análise sobre o cenário da doença no país. “Nós evoluímos muito nos últimos anos quanto ao tratamento, diagnóstico e prevenção, mas o câncer ainda é um grande desafio, principalmente por ser uma doença do envelhecimento, na maioria das vezes. O câncer é a segunda causa mortis no Brasil e pode se tornar a primeira nos próximos anos. Por isso a importância de valorizar e expandir instituições como o INCA que fazem essa assistência à saúde, além de pesquisa e ensino”, declarou."
}