{
    "url": "https://www.gov.br/saude/pt-br/assuntos/noticias/2024/marco/evite-a-automedicacao-e-busque-informacoes-seguras-contra-a-doenca",
    "titulo": "Evite a automedicação e busque informações seguras contra a doença",
    "descricao": "Ministério da Saúde alerta para os riscos de tratamentos caseiros ou uso de medicamentos sem orientação de um profissional de saúde.  Guia sobre manejo clínico lançado pela pasta é referência no assunto",
    "subtitulo": "CONTRA A DENGUE",
    "categoria": "Saúde e Vigilância Sanitária",
    "autora": "Janine RussczykIngrid BorgesMinistério da Saúde",
    "tags": [
        "vigilância em saúde e ambiente",
        "arboviroses",
        "dengue",
        "chikungunya"
    ],
    "data_publi": "26/03/2024",
    "texto": "Consumir medicamentos sem prescrição médica é uma prática comum no Brasil, no entanto, o uso indevido de medicamentos pode causar problemas graves de saúde. E, no caso dadengueechikungunya,a população precisa se conscientizar desse perigo.\n\nA automedicação pode causar reações graves, hemorragias e inclusive, se a dengue ou chikungunyanão forem tratadas adequadamente, podem levar o paciente ao óbito. O ideal é procurar por uma unidade de saúde assim que aparecem os primeiros sintomas, entre eles a febre. Porém, muitos doentes acabam se automedicando em casa para aliviar o mal-estar, sem saber que alguns medicamentos comumente usados sem prescrição médica para tratar um simples resfriado, podem ter um efeito contrário se o indivíduo estiver com dengue.\n\nAlém disso, os anti-inflamatórios como o ácido acetilsalicílico, o ibuprofeno, a nimesulida, o diclofenaco, e os corticoides devem ser evitados. Os anti-inflamatórios, principalmente o ácido acetilsalicílico, aumentam o risco de sangramento e diminuem a capacidade de coagular o sangue. Uma vez consumidos, esses medicamentos podem agravar muito a situação da doença.\n\nOutro ponto de atenção é a utilização de tratamentos alternativos como os remédios caseiros. Embora algumas pessoas recorram a esses métodos na esperança de aliviar os sintomas, os especialistas alertam para os riscos associados a essa abordagem. Não existem soluções mágicas para curar a dengue, mas ainda é comum a ingestão de sucos e chás feitos a partir de frutas ou de plantas como boldo, inhame, cana-de-açúcar e limão como um atenuante contra os sintomas da doença. Contudo, não há evidências científicas que respaldam a eficácia desses métodos.\n\nPublicação traz orientações\n\nVale lembrar que há 20 anos o Ministério da Saúde lançou a primeira edição do documentoDengue: diagnóstico e manejo clínico – adultos e criançae o material se consolidou como instrumento auxiliar da prática clínica, baseada em evidências científicas.\n\nSegundo a secretária de Vigilância em Saúde e Ambiente, Ethel Maciel, toda a conduta recomendada pela pasta consta no guia de manejo. “Ele se baseia em evidências científicas robustas. Além de endossar o compromisso com a qualidade técnica dos diagnósticos, também tem o intuito de auxiliar profissionais de saúde no atendimento adequado aos pacientes com dengue, reduzindo o agravamento da comorbidade e evitando óbitos”, explica.\n\nA partir do trabalho articulado das áreas técnicas do ministério, instituições e especialistas, o material tem apoiado profissionais da saúde. O conteúdo foi atualizado a partir de revisões da literatura recente, de diretrizes publicadas pela Organização Mundial da Saúde/Organização Pan-Americana da Saúde (OMS/Opas) e pela pasta, além da expertise acumulada do Brasil no enfrentamento às epidemias de dengue ao longo das últimas quatro décadas. A publicação tem mais de 70 páginas e é também um importante guia explicativo sobre a doença.\n\nA edição atual enfatiza a importância dos grupos de riscos, incorporando outras comorbidades e, em especial, destaca os idosos como grupo de maior vulnerabilidade. Além disso, foram revisadas as orientações sobre a hidratação intravenosa, o manejo em adultos cardiopatas e as orientações em usuários de anticoagulantes e antiagregantes. Por fim, incrementou o diagnóstico diferencial de dengue em relação à chikungunya, zika e outras doenças.\n\nSobre o tratamento\n\nÉ preciso reforçar que o tratamento da doença é baseado principalmente na reposição de líquidos. Por isso, conforme orientação médica, deve-se realizar:"
}