{
    "url": "https://www.gov.br/saude/pt-br/assuntos/noticias/2024/dezembro/estao-abertas-inscricoes-para-o-programa-de-epidemiologia-para-gestores-de-saude-2025",
    "titulo": "Estão abertas inscrições para o Programa de Epidemiologia para Gestores de Saúde 2025",
    "descricao": "Ministério da Saúde oferece subsídio para profissionais do SUS interessados. Inscrições vão até 2 de fevereiro",
    "subtitulo": "VIGILÂNCIA EM SAÚDE",
    "categoria": "Saúde e Vigilância Sanitária",
    "autora": "João MoraesMinistério da Saúde",
    "tags": [
        "vigilância em saúde e ambiente",
        "processo seletivo",
        "gestores de saúde",
        "apoio financeiro"
    ],
    "data_publi": "16/12/2024",
    "texto": "Estão abertas as inscrições para o Programa de Epidemiologia para Gestores de Saúde (PCE) – turma 2025, oferecido pelaJohns Hopkins University (JHU)e instituições acadêmicas da América Latina e Espanha, incluindo a Universidade de São Paulo (USP), com apoio da Organização Pan-Americana da Saúde (Opas). O programa tem como objetivo desenvolver as competências necessárias para o uso dos conceitos e métodos epidemiológicos para o aprimoramento das práticas profissionais na área da vigilância em saúde e é voltado para trabalhadores que atuam noSistema Único de Saúde (SUS).\n\nAs inscrições podem ser feitasaté o dia 2 de fevereiro de 2025.\n\nO processo seletivo para ingressar no curso é de responsabilidade exclusiva da JHU, e todas as informações sobre inscrição, documentação necessária e critérios de seleção estão disponíveis diretamente no site da universidade. ASecretaria de Vigilância em Saúde e Ambiente (SVSA), por meio de um acordo com a Opas, oferecerá apoio financeiro para até 25 trabalhadores do SUS, com o pagamento da taxa de matrícula do candidato aprovado no processo seletivo, no valor de US$ 6.500,00 por matrícula.\n\nPara se candidatar ao apoio, o profissional deverá atender aos requisitos gerais da JHU e também a critérios específicos estabelecidos pela SVSA. O apoio financeiro está disponível para trabalhadores que atuem nas seguintes áreas: na SVSA, nas demais secretarias do Ministério da Saúde, na Agência Nacional de Vigilância Sanitária (Anvisa), nas Secretarias Estaduais de Saúde e do Distrito Federal, ou nas Secretarias Municipais de Saúde, sempre no campo da vigilância em saúde.\n\nPara solicitar o apoio, o candidato deverá primeiro se inscrever no site da JHU e, após isso, enviar à SVSA uma série de documentos por e-mail até o dia 3 de fevereiro de 2025. Entre os documentos exigidos estãocurrículo vitae, carta de recomendação da chefia imediata e o comprovante de inscrição no PCE. Apenas as solicitações que incluírem todos os documentos completos serão analisadas.\n\nAcesse os documentos:\n\nÉ importante destacar que a participação no processo seletivo da JHU é um requisito obrigatório e que, caso o candidato não seja aprovado no processo seletivo, não poderá receber o apoio financeiro, independentemente de seu envio de documentos à SVSA. O e-mail para envio da documentação épce.svsa@saude.gov.br."
}