{
    "url": "https://www.gov.br/saude/pt-br/assuntos/noticias/2024/outubro/proquali-denasus-promove-dialogo-em-recife-para-fortalecer-auditorias-no-sus",
    "titulo": "ProQuali: DenaSUS promove diálogo em Recife para fortalecer auditorias no SUS",
    "descricao": "A iniciativa visa alinhar as auditorias internas do SUS aos padrões internacionais e fortalecer a atividade como uma ferramenta estratégica de gestão",
    "subtitulo": "AUDITORIA INTERNA",
    "categoria": "Saúde e Vigilância Sanitária",
    "autora": "Tania MelloMinistério da Saúde",
    "tags": [
        "secretaria executiva",
        "auditoria",
        "proquali",
        "transparência"
    ],
    "data_publi": "01/10/2024",
    "texto": "ODepartamento Nacional de Auditoria do SUS (DenaSUS)realizou na quinta-feira (26) mais uma edição da oficina “Café com Qualidade”. Organizado pela Coordenação-Geral de Avaliação, Qualidade e Auditorias Especiais (CGESP), o evento aconteceu em Recife e reuniu representantes dos Serviços Nacionais de Auditoria (Seauds) de Alagoas, Amazonas, Bahia, Goiás, Pernambuco, Paraíba, Rio Grande do Sul, Roraima e Santa Catarina.\n\nO objetivo principal do encontro foi aprofundar o conhecimento sobre o Modelo de Capacidade de Auditoria Interna (IA-CM) no contexto doSistema Único de Saúde (SUS). A iniciativa integra oPrograma de Gestão e Melhoria da Qualidade da Atividade de Auditoria Interna (ProQuali), lançado pelo Ministério da Saúde, que tem como meta alinhar as auditorias internas do SUS aos padrões internacionais.\n\nSegundo Alexandre Rodrigues, diretor do DenaSUS, o “Café com Qualidade” reflete o esforço contínuo do departamento para ajustar suas atividades de acordo com os padrões internacionais de auditoria, estabelecidos pelo Instituto Internacional de Auditores Internos (IIA). \"O projeto integra uma série de iniciativas voltadas para a certificação pelo IA-CM, que atesta a adoção de padrões globais e a melhoria contínua dos serviços de auditoria interna governamental\", enfatizou Rodrigues. Ele acrescentou que essa certificação é essencial para aumentar o nível de maturidade dos processos de auditoria no SUS e, em última análise, melhorar a qualidade dos serviços de saúde oferecidos à população.\n\nDurante o evento, foram debatidos temas como o papel dos serviços de auditoria interna, gestão de pessoas, práticas profissionais,accountability, cultura organizacional e estruturas de governança. “Esses tópicos são essenciais para elevar os padrões de auditoria no SUS, garantindo uma execução mais eficiente dos serviços de saúde pública”, afirmou Aparecida Dantas, coordenadora-geral de Avaliação, Qualidade e Auditorias Especiais do DenaSUS.\n\nPróximos Passos\n\nUm novo \"Café com Qualidade\" está previsto para ocorrer no próximo mês, em Brasília, envolvendo todos os trabalhadores do DenaSUS. Além disso, o departamento tem incentivado que esses profissionais participem do curso \"Auditoria Interna na Perspectiva Governamental e a Ferramenta de Maturidade IA-CM\", disponibilizado pela Controladoria-Geral da União (CGU).\n\nO curso busca aprofundar o entendimento sobre o IA-CM, um modelo de auditoria interna reconhecido mundialmente. Durante o curso, os servidores terão a oportunidade de explorar os diferentes níveis de maturidade do modelo e os macroprocessos-chave (KPA) essenciais para a auditoria. “Os temas foram abordados no ‘Café com Qualidade’, e agora o curso proporcionará uma formação mais robusta, ajudando a aprimorar as habilidades dos servidores e a qualidade das auditorias no SUS”, complementou Aparecida Dantas.\n\nSaiba Mais\n\nO Modelo de Capacidade de Auditoria Interna (IA-CM) é uma ferramenta internacionalmente reconhecida, voltada para orientar a evolução das atividades de auditoria interna. Com cinco níveis de capacidade e seis elementos estruturais, o modelo oferece um roteiro claro para a melhoria contínua, fortalecendo a eficácia das auditorias internas e promovendo maior transparência na gestão pública."
}