{
    "url": "https://www.gov.br/saude/pt-br/assuntos/noticias/2024/agosto/saude-investe-em-projetos-de-pesquisa-e-vigilancia-em-saude-em-parceria-com-o-cnpq",
    "titulo": "Saúde investe em projetos de pesquisa e vigilância em Saúde em parceria com o CNPq",
    "descricao": "Serão selecionados projetos em HIV e aids, tuberculose, hepatites virais, infecções sexualmente transmissíveis e micoses endêmicas",
    "subtitulo": "CHAMADA PÚBLICA",
    "categoria": "Saúde e Vigilância Sanitária",
    "autora": "Vicente RamosMinistério da Saúde",
    "tags": [
        "ciência e tecnologia em saúde",
        "pesquisa",
        "estudo",
        "infecções sexualmente transmissíveis"
    ],
    "data_publi": "13/08/2024",
    "texto": "O fortalecimento e a qualificação do Sistema Único de Saúde (SUS) é um compromisso do Governo Federal. Desta forma, aSecretaria de Ciência, Tecnologia e Inovação e do Complexo Econômico-Industrial da Saúde (Sectics)e aSecretaria de Vigilância em Saúde e Ambiente (SVSA)lançam uma chamada pública voltada para Pesquisa e Vigilância em Saúde. Os projetos podem abranger estudos em HIV e aids, tuberculose, hepatites virais, infecções sexualmente transmissíveis e micoses endêmicas.\n\nO investimento total da chamada é de R$ 6 milhões. O prazo final de submissão das propostas é dia 30 de agosto, no site do Conselho Nacional de Desenvolvimento Científico e Tecnológico (CNPq), parceiro da chamada.\n\nA chamada pública é uma ação estratégica do Ministério da Saúde para o fortalecimento da vigilância, prevenção e eliminação dessas doenças, visando qualificar e fortalecer as políticas e os programas doSistema Único de Saúde (SUS). Os projetos de pesquisa devem contribuir para o desenvolvimento científico, tecnológico e de inovação do país, visando subsidiar e apoiar a tomada de decisão dos gestores do Ministério da Saúde.\n\nAs linhas de pesquisa foram estruturadas em três eixos, voltados para o alinhamento das prioridades da saúde pública com o desenvolvimento científico e tecnológico.\n\nConheça os eixos da chamada:\n\nEIXO I\n\nDesenvolvimento de modelos inovadores e estratégias integradas para a prevenção e tratamento do HIV/aids, tuberculose, hepatites virais, micoses endêmicas, HTLV, sífilis e outras ISTs, com enfoque em equidade e acesso das populações-chave e prioritárias.\n\nEIXO II\n\nDesenvolvimento de estudos sobre determinantes sociais e desigualdades em saúde que afetam a prevenção e cuidado do HIV, aids, tuberculose, hepatites virais, micoses endêmicas, HTLV, sífilis e outras ISTs.\n\nEIXO III\n\nDesenvolvimento de revisões sistemáticas, de escopo e síntese de evidências para subsidiar políticas públicas em HIV, aids, tuberculose, infecções sexualmente transmissíveis, hepatites virais e micoses endêmicas.\n\nAcesse a chamada pública"
}