{
    "url": "https://www.gov.br/saude/pt-br/assuntos/noticias/2024/maio/oficina-nacional-do-pet-saude-reune-coordenadoras-para-o-alinhamento-de-projetos",
    "titulo": "Oficina Nacional do PET-Saúde reúne coordenadoras para o alinhamento de projetos",
    "descricao": "Evento terá discussões temáticas para orientar as 150 propostas selecionadas na 11ª edição do programa",
    "subtitulo": "EQUIDADE",
    "categoria": "Saúde e Vigilância Sanitária",
    "autora": "12h-13h30",
    "tags": [
        "trabalho e educação na saúde",
        "capacitação",
        "pet saúde"
    ],
    "data_publi": "21/05/2024",
    "texto": "O Ministério da Saúde, por meio daSecretaria de Gestão do Trabalho e da Educação na Saúde (SGTES), realiza, amanhã (22) e quinta-feira (23), em Brasília, a Oficina Nacional do PET-Saúde Equidade. O encontro é parte das ações da 11ª edição do Programa de Educação pelo Trabalho para a Saúde (PET-Saúde) e tem como objetivo de receber e formar coordenadoras e coordenadores dos 150 projetos aprovados com o tema equidade.\n\nA proposta dessa edição é que os projetos selecionados desenvolvam iniciativas que contribuam para formação de futuros profissionais, bem como para criação e ampliação das condições necessárias ao exercício da valorização de trabalhadores e futuro trabalhadores no âmbito do Sistema Único de Saúde (SUS), em conformidade com o Programa Nacional de Equidade de Gênero, Raça, Etnia e Valorização das Trabalhadoras no SUS.\n\nA diretora do Departamento de Gestão da Educação na Saúde (Deges), Lívia Méllo, enfatiza a importância de qualificar coordenadores para atuarem com os temas relacionados à equidade. “Nesse evento estamos proporcionando momentos de formação e troca, refletindo formas de enfrentar iniquidades de gênero, raça e etnia no mundo do trabalho em saúde, que pouco vêm sendo tratadas nos currículos e na formação em saúde”, avalia.\n\nA programação conta com discussões sobre valorização desses profissionais no âmbito do SUS nos seguintes aspectos: gênero, identidade de gênero, sexualidade, raça, etnia, deficiências e as interseccionalidades no trabalho na saúde; saúde mental e as violências relacionadas ao trabalho na saúde; acolhimento no processo de maternagem, acolhimento e valorização de mulheres, homens trans e outras pessoas que gestam.\n\nO encontro contará com representações do Ministério da Educação (MEC), da Organização Pan-Americana da Saúde (Opas) e de movimentos sociais.\n\nSobre o PET-Saúde\n\nOPrograma de Educação pelo Trabalho para a Saúde (PET-Saúde)integra a agenda dos recursos humanos em saúde do Brasil há 15 anos. O PET-Saúde tem como premissa a qualificação da integração do ensino com a realidade dos serviços de saúde, aprimorando, na prática, as competências dos profissionais da saúde, dos docentes das universidades, bem como de estudantes dos cursos de graduação na área da saúde\n\n22 de maio\n\nCredenciamento\n\n23 de maio"
}