{
    "url": "https://www.gov.br/saude/pt-br/assuntos/noticias/2024/junho/ministra-nisia-trindade-garante-fortalecer-com-atencao-maxima-a-rede-de-saude-do-rs",
    "titulo": "Ministra Nísia Trindade garante fortalecer “com atenção máxima” a rede de saúde do RS",
    "descricao": "Ao longo do dia, a ministra e o presidente Lula visitaram a região do Vale do Taquari, uma das mais atingidas pelas chuvas. Essa é a quinta visita da ministra ao estado",
    "subtitulo": "RIO GRANDE DO SUL",
    "categoria": "Saúde e Vigilância Sanitária",
    "autora": "Otávio AugustoMinistério da Saúde",
    "tags": [
        "atenção primária",
        "atenção especializada à saúde",
        "força nacional do sus",
        "rio grande do sul"
    ],
    "data_publi": "06/06/2024",
    "texto": "A ministra da Saúde, Nísia Trindade, reafirmou o compromisso de reconstruir a rede de assistência de saúde do Rio Grande do Sul. O estado foi gravemente afetado porenchentesno mês de maio e teve 97% do território devastado. Nísia esteve, nesta quinta-feira (6), no Rio Grande do Sul. Ao longo do dia, ela visitou a região do Vale do Taquari, uma das mais atingidas pelas chuvas. Essa é a quinta visita da ministra no estado.“Vivemos o segundo momento da crise climática, humanitária e sanitária que é fortalecer a rede assistencial com atenção máxima e diálogo com os ministérios envolvidos”, garantiu.A ministra destacou, ainda, que a pasta continuará o monitoramento de vigilância das doenças causadas pelas cheias. “A primeira etapa emergencial foi o resgate de vidas e foram muitos atendimentos realizados pelaForça Nacional do SUS”, destacou, em entrevista coletiva.Em sua fala, Nísia ressaltou a importância do trabalho da Força Nacional do SUS e exaltou os 11 mil atendimentos realizados no Rio Grande do Sul. O Ministério da Saúde mantém quatro hospitais de campanha 24h, além de equipes volantes no estado. “Muitos atendimentos vêm sendo feitos ainda e vamos continuar a apoiar as estruturas de saúde nessa grande emergência”, concluiu.Novos anúnciosDo município de Arroio do Meio, Nísia fez novos anúncios para a área da saúde. O pacote conta com o envio de 30 ambulâncias, abertura de 799 leitos e habilitações de serviços. O valor total do pacote chega a R$ 269,3 milhões.\n\nVeja detalhes das novas medidas anunciadas\n\nA ministra destacou que os leitos são essenciais neste momento da tragédia. “São leitos emergenciais por um período de seis meses, enquanto avançamos na reconstrução da rede de saúde”, explicou. Novos repasses, contemplando levantamentos de outros municípios estão em curso, e poderão ser anunciados nos próximos dias."
}