{
    "url": "https://www.gov.br/saude/pt-br/assuntos/noticias/2024/outubro/prorrogadas-as-inscricoes-para-a-mostra-virtual-nos-na-rede",
    "titulo": "Prorrogadas as inscrições para a Mostra Virtual Nós na Rede",
    "descricao": "Inscrição de experiências e práticas na Rede de Atenção Psicossocial (Raps) pode ser feita até 30 de outubro",
    "subtitulo": "PRAZO ESTENDIDO",
    "categoria": "Saúde e Vigilância Sanitária",
    "autora": "Victor AlmeidaMinistério da Saúde",
    "tags": [
        "trabalho e educação na saúde",
        "educação permanente",
        "atenção psicossocial",
        "saúde mental"
    ],
    "data_publi": "18/10/2024",
    "texto": "O prazo para inscrições naMostra Virtual Nós na Redefoi prorrogado até o dia 30 de outubro. Experiências e práticas sobre o dia a dia de trabalho naRede de Atenção Psicossocial (Raps)podem ser submetidas por meio dapágina da mostra.\n\nA iniciativa é um convite à divulgação das soluções criadas no cotidiano do trabalho e das práticas desenvolvidas pelas equipes que envolvem não apenas resultados exitosos, mas momentos de aprendizado coletivo produzido a partir dos desafios enfrentados. E as experiências podem ser enviadas em arquivos de texto, áudio, vídeo e imagens. A organização da exibição também estimula uso de expressões artísticas como poemas, cordéis, canções e ilustrações.\n\nAs contribuições enviadas que atenderem às categorias e princípios éticos do cuidado em liberdade e valorização da diversidade, bem como que passarem pelo período de curadoria, participarão da mostra.Assim, as experiências devem estar em consonância com os direitos humanos, as diretrizes do SUS e os protocolos preconizados pela Raps. As vivências que se destacarem serão utilizadas na peça de abertura da Mostra Virtual Nós na Rede.\n\nO resultado da seleção será divulgado em novembro, e a exibição será lançada em janeiro de 2025.\n\nA mostra contempla 5 categorias:\n\nEducação permanente\n\nO Projeto Nós na Rede é uma estratégia deeducação permanente em Saúdepara qualificar 42 mil trabalhadores da rede de atenção\n\ndo SUS a partir do curso de atualização voltado ao cuidado às pessoas em sofrimento mental. A oferta educacional, com duração de 120 horas, busca valorizar estratégias já desenvolvidas nos territórios e fortalecer a Raps para redução de danos e melhoria do cuidado em liberdade.\n\nA iniciativa do Ministério da Saúde é desenvolvida por meio daSecretaria de Gestão do Trabalho e da Educação na Saúde (SGTES), em parceria com aSecretaria de Atenção Especializada à Saúde (Saes)e aSecretaria de Atenção Primária à Saúde (Saps), e executada pelo Núcleo de Saúde Mental Álcool e Drogas da Fiocruz."
}