{
    "url": "https://www.gov.br/saude/pt-br/assuntos/noticias/2024/novembro/hospital-federal-de-bonsucesso-e-equipado-com-6-novos-geradores",
    "titulo": "Hospital Federal de Bonsucesso é equipado com 6 novos geradores",
    "descricao": "Equipamentos trarão mais segurança, além de melhorar a assistência aos pacientes. Rede elétrica do hospital está defasada e passará por reforma",
    "subtitulo": "HOSPITAIS FEDERAIS",
    "categoria": "Saúde e Vigilância Sanitária",
    "autora": "Ministério da Saúde",
    "tags": [
        "atenção especializada à saúde",
        "hospitais federais rj",
        "hospital de bonsucesso",
        "gestão"
    ],
    "data_publi": "08/11/2024",
    "texto": "OHospital Federal de Bonsucesso (HFB)colocou em funcionamento, no final de outubro, uma nova usina de energia composta por 6 novos geradores para garantir mais segurança para as unidades e assistência aos pacientes. Com a chegada dos equipamentos, será possível realizar as reformas nas redes elétrica e de tecnologia, além de permitir a execução de obras estruturais que contribuem para a reabertura dos serviços e leitos que hoje estão fechados.\n\nHá anos a unidade passa por problemas na rede elétrica, funcionando apenas de forma parcial. Com os equipamentos, será possível finalizar a substituição da rede de cabos que interligam os transformadores aos quadros de energia da subestação responsável por alimentar todo o hospital, garantindo a atualização do parque tecnológico.\n\nPara a nova superintendente do hospital, Elaine Lopez, a chegada dos seis geradores “vai garantir estabilidade para a execução das obras previstas, além de segurança para usuários e trabalhadores da unidade”, explica. “Passamos a ter segurança energética, condição fundamental para o funcionamento de todo o hospital, devolvendo a integralidade dos leitos e ampliando o acesso dos usuários à unidade”.\n\nImportância dos geradores\n\nPara a realização segura das atividades de atendimento assistencial hospitalar, é imprescindível um sistema de energia de emergência.  Com a nova usina, será possível antecipar o cronograma de troca dos cabos da subestação e encerrar o trabalho em até 15 dias. Os geradores já estão dimensionados para atender a nova demanda, com a abertura prevista dos novos leitos e emergência do HFB.\n\nNovo Plano Diretor\n\nA superintendente também informou que a equipe que assumiu em outubro já iniciou os estudos para dar início ao novo Plano Diretor do hospital. É neste plano que todas as questões relacionadas à atenção à saúde, incluindo infraestrutura, parque tecnológico, entre outras, que serão apresentadas de forma planejada e estruturada."
}