{
    "url": "https://www.gov.br/saude/pt-br/assuntos/noticias/2024/outubro/ministerio-da-saude-distribui-mais-1-2-milhao-de-doses-da-vacina-contra-covid-19",
    "titulo": "Ministério da Saúde distribui mais 1,2 milhão de doses da vacina contra Covid-19",
    "descricao": "São Paulo, Paraíba, Rio Grande do Norte e Pernambuco recebem os imunizantes a partir desta quarta (23). Até o final da semana todos os estados estarão contemplados",
    "subtitulo": "PROTEÇÃO",
    "categoria": "Saúde e Vigilância Sanitária",
    "autora": "Ministério da Saúde",
    "tags": [
        "vigilância em saúde e ambiente",
        "programa nacional de imunizações",
        "vacinação",
        "covid-19"
    ],
    "data_publi": "23/10/2024",
    "texto": "O Ministério da Saúde iniciou a distribuição de 1,2 milhão de doses de vacinas contra aCovid-19. São Paulo, Paraíba, Rio Grande do Norte e Pernambuco recebem os imunizantes a partir desta quarta-feira (23). Até o final da semana todos os estados estarão contemplados. O novo lote é parte da compra emergencial de imunizantes atualizados. A pasta realiza envios regulares de vacinas aos estados, que são responsáveis por abastecer os municípios.\n\nUm novo pregão foi concluído recentemente para aquisição de mais 69 milhões de doses, garantindo proteção contra cepas atualizadas pelos próximos dois anos. As entregas pelos fabricantes serão realizadas de forma parcelada, conforme a adesão da população e as atualizações aprovadas pela Agência Nacional de Vigilância Sanitária (Anvisa).\n\nA medida proporcionou redução de aproximadamente 28% no preço da dose unitária, sendo um dos menores preços do mundo. Os EUA, por exemplo, pagam até US$ 30 por dose, enquanto o Brasil paga US$ 7 por dose.\n\n“As hospitalizações e óbitos pela Covid-19 acontecem principalmente entre as pessoas que não tomaram as doses recomendadas. Não deixem de se vacinar. Vacinas salvam vidas”, reforça a ministra Nísia Trindade.\n\nA cobertura vacinal contra a Covid-19 indica que 86% da população brasileira completou o esquema primário, com duas doses. Atualmente, a imunização é recomendada, rotineiramente, para o público prioritário: pessoas com 60 anos ou mais, gestantes, puérperas, trabalhadores da saúde, crianças, entre outros. Também é indicada para a população que não completou o esquema primário, de duas doses.\n\nO Ministério da Saúde reforça que não há falta generalizada de vacinas no Brasil. A pasta adota estratégias para manter a vacinação em dia e garantir a proteção da população. Todas as ações são realizadas em diálogo com o Conselho Nacional de Secretários de Saúde (Conass) e o Conselho Nacional de Secretarias Municipais de Saúde (Conasems).\n\nLeia a nota divulgada à imprensa sobre o abastecimento de vacina"
}