{
    "url": "https://www.gov.br/saude/pt-br/assuntos/noticias/2024/junho/no-rio-ministra-nisia-trindade-diz-que-201csus-esta-avancando201d-e-se-compromete-a-fortalecer-a-saude-publica",
    "titulo": "No Rio, ministra Nísia Trindade diz que “SUS está avançando” e se compromete a fortalecer a saúde pública",
    "descricao": "Titular da saúde visitou unidades públicas em Belford Roxo, na baixada fluminense, onde voltou a afirmar que a melhoria dos atendimentos e a redução de filas é prioridade da gestão",
    "subtitulo": "SUS MAIS FORTE",
    "categoria": "Saúde e Vigilância Sanitária",
    "autora": "Otávio AugustoMinistério da Saúde",
    "tags": [
        "atenção primária",
        "atenção especializada à saúde",
        "rio de janeiro"
    ],
    "data_publi": "28/06/2024",
    "texto": "A ministra da Saúde, Nísia Trindade, afirmou que oSistema Único de Saúde (SUS)tem dado respostas de fortalecimento. Para ela, os investimentos realizados no último um ano e meio já começaram a impactar na vida da população brasileira. “Estamos num processo. Já vemos resultados como atendimento integrado, fortalecimento das Unidades Básicas de Saúde, das equipes deSaúde da Famíliae o lançamento do programaMais Acesso a Especialistas. Definitivamente, estamos avançando”, ponderou.\n\nA declaração foi dada na manhã desta sexta-feira (28), durante visita a unidades de saúde de Belford Roxo, cidade da baixada fluminense, onde esteve em hospitais, unidades básicas e obras de equipamentos públicos de saúde. A ministra voltou a afirmar que a melhoria dos atendimentos e a redução de filas é prioridade na sua gestão. “A população está sendo tratada com cuidado de qualidade e com dignidade. O que queremos é a população bem cuidada e as famílias com atendimento”, frisou.\n\nNísia esteve, ao longo desta sexta, em seis equipamentos públicos de saúde de Belford Roxo. A ministra visitou um centro especializado em atendimento a crianças neuroatípicas, as obras de uma maternidade, um hospital oftalmológico, um hospital infantil, uma unidade de pronto atendimento (UPA) e um centro de fisioterapia, ortopedia e imagem.\n\nA ministra destacou que a atuação dos governos federal e municipal é de extrema importância para que o SUS apresente assistência de qualidade. Ela elogiou o trabalho desempenhado pela Prefeitura de Belford Roxo. “O que está sendo feito aqui deve ser visto como um modelo de priorizar a saúde e organizar o atendimento. Só fazemos o trabalho com qualidade quando nos unimos”, comentou.\n\nO prefeito da cidade, Waguinho Carneiro, agradeceu o apoio do Ministério da Saúde e afirmou que a gestão de Nísia é histórica para a saúde de Belford Roxo. “A ministra tem feito um excelente trabalho no ministério, ela demonstra estar sempre preocupada com a população, sobretudo as mais carentes. Sabemos da militância da ministra pela saúde, que tem dado certo no Brasil. Precisamos agradecer tudo o que o ministério tem feito pelo SUS do nosso município”, salientou."
}