{
    "url": "https://www.gov.br/saude/pt-br/assuntos/noticias/2024/outubro/webinario-lanca-8a-edicao-do-programa-pesquisa-para-o-sus-no-espirito-santo",
    "titulo": "Webinário lança 8ª edição do Programa Pesquisa para o SUS no Espírito Santo",
    "descricao": "Evento on-line será realizado nesta quinta (31). No Espírito Santo, serão destinados R$ 6,45 milhões para apoiar os projetos",
    "subtitulo": "PPSUS",
    "categoria": "Saúde e Vigilância Sanitária",
    "autora": "Vicente RamosMinistério da Saúde",
    "tags": [
        "ciência e tecnologia em saúde",
        "gestão compartilhada",
        "pesquisa",
        "chamada pública"
    ],
    "data_publi": "29/10/2024",
    "texto": "A 8ª edição do Programa Pesquisa para o SUS: gestão compartilhada em Saúde (PPSUS) será lançada no Espírito Santo, com a realização de umwebinário, na próxima quinta-feira (31), das 9h30 às 11h30. Durante o evento, será apresentada anova chamada pública do programa.\n\nOPPSUSé uma iniciativa nacional que abrange todos os estados, com o objetivo de descentralizar o fomento à pesquisa em saúde, atendendo às necessidades específicas. O programa visa promover o desenvolvimento científico e tecnológico voltado para a melhoria das condições de saúde da população local, fortalecendo oSistema Único de Saúde (SUS).\n\nCom um investimento histórico de R$ 170,8 milhões em todo o país, esta edição do PPSUS é a mais ampla e inclusiva até o momento. No Espírito Santo, serão destinados R$ 6,45 milhões para apoiar projetos de pesquisa, sendo R$ 4 milhões oriundos do Ministério da Saúde, via Departamento de Ciência e Tecnologia (Decit), R$ 1,85 milhão da Fundação de Amparo à Pesquisa e Inovação do Estado do Espírito Santo (Fapes) e R$ 600 mil do Fundo Estadual de Saúde, descentralizados para o Fundo Estadual de Ciência e Tecnologia – FUNCITEC. Os recursos serão direcionados à aquisição de materiais e equipamentos e à implementação de bolsas de apoio aos projetos aprovados.\n\nPara definir as prioridades de pesquisa, foi realizada, no estado, aOficina de Prioridades de Pesquisa em Saúde (OPP), que envolveu profissionais de saúde, gestores e comunidade científica, além de representantes do Ministério da Saúde, da Secretaria de Estado da Saúde do Espírito Santo (SESA), do Instituto Capixaba de Ensino, Pesquisa e Inovação em Saúde (ICEPi) e da Fapes.\n\nOs projetos selecionados terão foco em áreas importantes da saúde pública, visando à equidade e qualidade dos serviços oferecidos pelo SUS. Entre os eixos temáticos definidos estão:\n\nEdital já está disponível\n\nO edital do PPSUS está disponível e podem submeter projetos pesquisadores com título de doutor, em exercício efetivo da atividade de pesquisa em instituição de Ensino Superior ou pesquisa, pública ou privada sem fins lucrativos, localizada no estado.\n\nAs inscrições estão abertas até o dia 28 de novembro, e as propostas devem ser submetidas por meio doSistema de Informação de Ciência e Tecnologia em Saúde (SISC&T)e daplataforma SigFapes.\n\nPara mais detalhes sobre a chamada pública, acesse osite da Fapes.\n\nServiço:\n\nWebinário de Lançamento da 8ª Edição do PPSUS – Espírito SantoData:quinta-feira (31), das 9h30 às 11h30Transmissão:canal da Fundação de Amparo à Pesquisa e Inovação do Estado do Espírito Santo"
}