{
    "url": "https://www.gov.br/saude/pt-br/assuntos/noticias/2024/abril/saude-destina-r-150-milhoes-para-apoiar-estrategias-de-vacinacao-em-todo-o-brasil",
    "titulo": "Saúde destina R$ 150 milhões para apoiar estratégias de vacinação em todo o Brasil",
    "descricao": "Do total do valor, R$ 15 milhões serão repassados aos estados e R$ 135 milhões a municípios",
    "subtitulo": "MICROPLANEJAMENTO",
    "categoria": "Saúde e Vigilância Sanitária",
    "autora": "Ministério da Saúde",
    "tags": [
        "vigilância em saúde e ambiente",
        "vacinação",
        "poliomielite",
        "sarampo"
    ],
    "data_publi": "16/04/2024",
    "texto": "O Ministério da Saúde vai destinar R$ 150 milhões a estados e municípios para apoiar o desenvolvimento da Estratégia de Vacinação nas Escolas, da Campanha Nacional de Vacinação contra aPoliomielitee do Monitoramento das Estratégias de Vacinação no Brasil em todo o país no ano de 2024. O público-alvo dessas medidas são crianças e adolescentes menores de 15 anos de idade. O investimento visa incrementar ainda mais os resultados alcançados: de 2023 para cá, a pasta registrou aumento nas coberturas vacinais de 13 dos 16 principais imunizantes do calendário doPrograma Nacional de Imunizações (PNI). Entre os destaques de crescimento estão as vacinas contra a poliomielite,hepatite A,febre amarela, tríplice viral (sarampo,rubéolaecaxumba) e pneumocócica.\n\nDo total do valor, R$ 15 milhões serão repassados aos estados e R$ 135 milhões para os municípios. O recurso será destinado em parcela única, para que os municípios possam se programar ao longo do ano.\n\nA meta é também incentivar os municípios a realizarem estratégias de vacinação envolvendo escolas. O Ministério da Saúde propôs uma agenda prioritária de imunização nas escolas a ser adotada, cujo público-alvo são as crianças e adolescentes menores de 15 anos de idade. Em 2023, com as ações de microplanejamento coordenadas pela pasta, 3.992 municípios brasileiros declararam ter feito alguma ação envolvendo ações de vacinação nas escolas, como checagem de caderneta ou vacinação em ambiente escolar.\n\nAtenção ao sarampo e à poliomielite\n\nOutro objetivo do repasse é a Campanha Nacional de Vacinação contra a Poliomielite, que está planejada para o primeiro semestre nos 5.570 municípios. O objetivo da mobilização é ampliar a vacinação e proteger contra a poliomielite as crianças menores de 5 anos, por considerar o risco de reintrodução da doença, que está em processo de erradicação e não é diagnosticada no Brasil desde 1989. Neste ano também, será realizada a substituição dos reforços com a vacina oral poliomielite (VOP) por um reforço com a vacina inativada poliomielite (VIP).\n\nDiante destes cenários e dos compromissos assumidos para a erradicação da poliomielite e a eliminação do sarampo, neste ano, serão monitoradas as estratégias de vacinação realizadas contra essas doenças, com o objetivo de identificar crianças menores de 5 anos de idade não vacinadas ou com esquema de vacinação incompleto. O acompanhamento das estratégias é considerado fundamental para reduzir as lacunas de imunidade da população."
}